Restaurant,State,City,Zip Code,Zip Lon,Zip Lat,City Lat,City Lon
Taco Bell,AK,Anchorage,99515,-149.89198728687387,61.11638648278735,61.1508,-149.1091
Taco Bell,AK,Anchorage,99507,-149.77597274938043,61.14974537897122,61.1508,-149.1091
Taco Bell,AK,Anchorage,99501,-149.856565975676,61.22026165953635,61.1508,-149.1091
Taco Bell,AK,Anchorage,99507,-149.77597274938043,61.14974537897122,61.1508,-149.1091
Taco Bell,AK,Anchorage,99503,-156.85749668051554,61.908005263090416,61.1508,-149.1091
Taco Bell,AK,Anchorage,99502,-149.98811323319808,61.1622511073912,61.1508,-149.1091
Taco Bell,AK,Anchorage,99504,-149.74707486508493,61.20401429375055,61.1508,-149.1091
Taco Bell,AK,River,99577,-149.24665266237392,61.1970539746826,,
Taco Bell,AK,Fairbanks,99701,-149.569143990825,67.16981443452558,64.8353,-147.6533
Taco Bell,AK,Fairbanks,99709,-148.21563398096555,64.87811829614827,64.8353,-147.6533
Taco Bell,AK,Richardson,99505,-149.63173382316717,61.26571822906744,32.9716,-96.7093
Taco Bell,AK,Pole,99705,-147.3121950976995,64.76238601301591,,
Taco Bell,AK,Palmer,99645,-148.98706556610142,61.63028352883162,40.7007,-75.2628
Taco Bell,AK,Soldotna,99669,-151.00350898711167,60.414503135755815,,
Taco Bell,AK,Wasilla,99654,-149.9008733282436,61.45450460885873,61.577,-149.466
Taco Bell,AL,Alabaster,35007,-86.79716325340891,33.21592724419905,33.2198,-86.8225
Taco Bell,AL,Alabaster,35007,-86.79716325340891,33.21592724419905,33.2198,-86.8225
Taco Bell,AL,Albertville,35950,-86.2620236849645,34.252588790657356,34.2633,-86.2108
Taco Bell,AL,City,35010,-85.93683201642752,32.91641910973731,,
Taco Bell,AL,Andalusia,36420,-86.57647662412698,31.176839699401462,31.3102,-86.4781
Taco Bell,AL,Anniston,36206,-85.81433079331903,33.734048851486094,33.6712,-85.8135
Taco Bell,AL,Arab,35016,-86.50142686512423,34.32331623062377,34.3309,-86.4991
Taco Bell,AL,Athens,35611,-87.08567149929918,34.76710884986205,33.9508,-83.3689
Taco Bell,AL,Athens,35611,-87.08567149929918,34.76710884986205,33.9508,-83.3689
Taco Bell,AL,Atmore,36502,-87.49392849198698,31.14063137986794,,
Taco Bell,AL,Attalla,35954,-86.06005574311327,34.08839834868732,,
Taco Bell,AL,Auburn,36830,-85.4920767478566,32.53889874515682,32.6087,-85.4903
Taco Bell,AL,Auburn,36832,-85.58195446048899,32.596236081801266,32.6087,-85.4903
Taco Bell,AL,Auburn,36830,-85.4920767478566,32.53889874515682,32.6087,-85.4903
Taco Bell,AL,Auburn,36830,-85.4920767478566,32.53889874515682,32.6087,-85.4903
Taco Bell,AL,Minette,36507,-87.73893277293493,30.863195531817485,,
Taco Bell,AL,Bessemer,35022,-86.96577451605737,33.32251854741112,33.3712,-86.9728
Taco Bell,AL,Bessemer,35022,-86.96577451605737,33.32251854741112,33.3712,-86.9728
Taco Bell,AL,Birmingham,35242,-86.67145335380599,33.425212120690794,33.5279,-86.7971
Taco Bell,AL,Birmingham,35242,-86.67145335380599,33.425212120690794,33.5279,-86.7971
Taco Bell,AL,Birmingham,35214,-86.89187553768751,33.576877865622784,33.5279,-86.7971
Taco Bell,AL,Birmingham,35210,-86.66546819283204,33.54517268016391,33.5279,-86.7971
Taco Bell,AL,Birmingham,35233,-86.80197444870903,33.508745791033135,33.5279,-86.7971
Taco Bell,AL,Birmingham,35209,-86.81165735158747,33.4653027852679,33.5279,-86.7971
Taco Bell,AL,Birmingham,35242,-86.67145335380599,33.425212120690794,33.5279,-86.7971
Taco Bell,AL,Birmingham,35208,-86.87934805263853,33.496814447674105,33.5279,-86.7971
Taco Bell,AL,Birmingham,35215,-86.7058576115537,33.64918026086121,33.5279,-86.7971
Taco Bell,AL,Boaz,35957,-86.19414284635519,34.19208515253218,34.1985,-86.1529
Taco Bell,AL,Brewton,36426,-87.07399882959344,31.14049234707864,,
Taco Bell,AL,Calera,35040,-86.73001902568978,33.10384472804215,33.1254,-86.7449
Taco Bell,AL,Point,35215,-86.7058576115537,33.64918026086121,,
Taco Bell,AL,Centre,35960,-85.57400724675966,34.12778580283252,,
Taco Bell,AL,Centreville,35042,-87.11480218733514,32.95453571066093,38.839,-77.4389
Taco Bell,AL,Chelsea,35043,-86.65869507982316,33.3137357697323,42.3959,-71.0325
Taco Bell,AL,Childersburg,35044,-86.3728513095263,33.248928475926164,,
Taco Bell,AL,Clanton,35045,-86.67285085371623,32.80705485735662,32.8444,-86.6233
Taco Bell,AL,Columbiana,35051,-86.6197162216972,33.20548842157698,,
Taco Bell,AL,Cottondale,35453,-87.38807186702068,33.16421358915534,,
Taco Bell,AL,Cullman,35057,-86.9603936541953,34.13790267021101,34.1775,-86.8407
Taco Bell,AL,Cullman,35055,-86.75902442856696,34.153992120963,34.1775,-86.8407
Taco Bell,AL,Daleville,36322,-85.73270946242518,31.252807689645937,,
Taco Bell,AL,Decatur,35601,-87.01328982151686,34.60904944797568,39.8557,-88.9342
Taco Bell,AL,Decatur,35601,-87.01328982151686,34.60904944797568,39.8557,-88.9342
Taco Bell,AL,Decatur,35603,-86.9667388503078,34.53749188125652,39.8557,-88.9342
Taco Bell,AL,Demopolis,36732,-87.91519606255157,32.42336803179406,,
Taco Bell,AL,Dothan,36305,-85.49808710451197,31.201383267361937,31.2336,-85.407
Taco Bell,AL,Dothan,36301,-85.40238026177077,31.143674808013035,31.2336,-85.407
Taco Bell,AL,Dothan,36303,-85.3971168682022,31.26677528708944,31.2336,-85.407
Taco Bell,AL,Dothan,36303,-85.3971168682022,31.26677528708944,31.2336,-85.407
Taco Bell,AL,Dothan,36301,-85.40238026177077,31.143674808013035,31.2336,-85.407
Taco Bell,AL,Dothan,36303,-85.3971168682022,31.26677528708944,31.2336,-85.407
Taco Bell,AL,Enterprise,36330,-85.86318300263929,31.306173102442894,36.0091,-115.2278
Taco Bell,AL,Eufaula,36027,-85.20920949598262,31.933438614174015,31.9102,-85.1505
Taco Bell,AL,Fayette,35555,-87.81848174949798,33.66630837323337,,
Taco Bell,AL,Florence,35630,-87.66056969578433,34.8236239983149,34.178,-79.7898
Taco Bell,AL,Florence,35630,-87.66056969578433,34.8236239983149,34.178,-79.7898
Taco Bell,AL,Florence,35630,-87.66056969578433,34.8236239983149,34.178,-79.7898
Taco Bell,AL,Florence,35633,-87.7985776401626,34.87637541046277,34.178,-79.7898
Taco Bell,AL,Foley,36535,-87.72824982761408,30.38406935348759,30.3983,-87.665
Taco Bell,AL,Payne,35967,-85.69629273397214,34.40140389411247,,
Taco Bell,AL,Fultondale,35068,-86.83099156662577,33.60741584223404,33.6174,-86.8014
Taco Bell,AL,Gadsden,35903,-85.8609245993644,34.02707279476842,34.0086,-86.0157
Taco Bell,AL,Gardendale,35071,-86.8436724779603,33.70489366154441,33.6677,-86.8069
Taco Bell,AL,Bay,36541,-88.34057892600012,30.492978555316743,,
Taco Bell,AL,Greenville,36037,-86.62528472223593,31.79897653022268,34.8354,-82.3646
Taco Bell,AL,Guntersville,35976,-86.33348395368073,34.34747895030003,34.3671,-86.2637
Taco Bell,AL,Haleyville,35565,-87.5588547215594,34.234148685643916,,
Taco Bell,AL,Hamilton,35570,-87.99502331076714,34.164588915713225,40.2046,-74.6765
Taco Bell,AL,Hanceville,35077,-86.83217029968588,34.02052608101172,,
Taco Bell,AL,Hartselle,35640,-86.94406284056197,34.44124814143089,34.4391,-86.9396
Taco Bell,AL,Harvest,35749,-86.75332512028432,34.824321272601864,,
Taco Bell,AL,Green,35750,-86.59506517595827,34.950913569904735,40.9483,-81.4757
Taco Bell,AL,Helena,35080,-86.91284858590899,33.2597324249129,46.5965,-112.0202
Taco Bell,AL,Bluff,35903,-85.8609245993644,34.02707279476842,,
Taco Bell,AL,Homewood,35209,-86.81165735158747,33.4653027852679,33.4619,-86.809
Taco Bell,AL,Hoover,35244,-86.82543024740444,33.353738772097046,33.3763,-86.8068
Taco Bell,AL,Hoover,35226,-86.84439175364854,33.398527007599284,33.3763,-86.8068
Taco Bell,AL,Hoover,35216,-86.7867153482551,33.41870318309143,33.3763,-86.8068
Taco Bell,AL,Hueytown,35023,-87.09265810676062,33.468122857080886,33.4239,-87.022
Taco Bell,AL,Huntsville,35816,-86.63038470252091,34.740234420069385,34.6981,-86.6412
Taco Bell,AL,Huntsville,35810,-86.60759001511683,34.800967796795376,34.6981,-86.6412
Taco Bell,AL,Huntsville,35801,-86.56225579450211,34.72465392855273,34.6981,-86.6412
Taco Bell,AL,Huntsville,35811,-86.50598324836494,34.79696234023273,34.6981,-86.6412
Taco Bell,AL,Huntsville,35802,-86.55885867348086,34.66968891070631,34.6981,-86.6412
Taco Bell,AL,Huntsville,35803,-86.52140630424141,34.56468002961108,34.6981,-86.6412
Taco Bell,AL,Huntsville,35802,-86.55885867348086,34.66968891070631,34.6981,-86.6412
Taco Bell,AL,Huntsville,35806,-86.68509282998858,34.7630539332745,34.6981,-86.6412
Taco Bell,AL,Huntsville,35811,-86.50598324836494,34.79696234023273,34.6981,-86.6412
Taco Bell,AL,Irondale,35210,-86.66546819283204,33.54517268016391,33.5439,-86.6606
Taco Bell,AL,Jackson,36545,-87.87433698617895,31.48941013999906,32.3157,-90.2125
Taco Bell,AL,Jacksonville,36265,-85.78522881360308,33.84780195539867,30.3322,-81.6749
Taco Bell,AL,Jasper,35501,-87.29274037579393,33.81907208567901,38.3933,-86.9402
Taco Bell,AL,Jasper,35501,-87.29274037579393,33.81907208567901,38.3933,-86.9402
Taco Bell,AL,Leeds,35094,-86.55996051076137,33.52090493103394,33.5436,-86.5639
Taco Bell,AL,Lincoln,35096,-86.1086297054706,33.62050948442816,40.8099,-96.6784
Taco Bell,AL,Madison,35758,-86.74670197044324,34.713493922696955,43.0822,-89.393
Taco Bell,AL,Madison,35758,-86.74670197044324,34.713493922696955,43.0822,-89.393
Taco Bell,AL,Madison,35757,-86.7449009702777,34.78312395056431,43.0822,-89.393
Taco Bell,AL,Meridianville,35759,-86.55039284818723,34.86438529615843,34.8729,-86.5722
Taco Bell,AL,Millbrook,36054,-86.36669205883986,32.48359717208532,32.5027,-86.3737
Taco Bell,AL,Mobile,36619,-88.1978995324853,30.59642568416212,30.6782,-88.1162
Taco Bell,AL,Mobile,36618,-88.17349049334898,30.735926964750067,30.6782,-88.1162
Taco Bell,AL,Mobile,36608,-88.29447316306963,30.681683278483085,30.6782,-88.1162
Taco Bell,AL,Mobile,36604,-88.06814617030709,30.682233617505148,30.6782,-88.1162
Taco Bell,AL,Mobile,36608,-88.29447316306963,30.681683278483085,30.6782,-88.1162
Taco Bell,AL,Mobile,36609,-88.16311925785445,30.66087732981931,30.6782,-88.1162
Taco Bell,AL,Montevallo,35115,-86.89576132186261,33.12000269808465,,
Taco Bell,AL,Montgomery,36105,-86.28961225582087,32.213373073768935,32.3482,-86.2668
Taco Bell,AL,Montgomery,36117,-86.14564950657243,32.3785639584683,32.3482,-86.2668
Taco Bell,AL,Montgomery,36109,-86.24137607340012,32.38713154872239,32.3482,-86.2668
Taco Bell,AL,Montgomery,36106,-86.25760397983436,32.352531280009934,32.3482,-86.2668
Taco Bell,AL,Montgomery,36107,-86.2793278088111,32.38376209934784,32.3482,-86.2668
Taco Bell,AL,Montgomery,36116,-86.21540378516832,32.27261218494449,32.3482,-86.2668
Taco Bell,AL,Montgomery,36109,-86.24137607340012,32.38713154872239,32.3482,-86.2668
Taco Bell,AL,Moulton,35650,-87.30239455999501,34.450708443883556,,
Taco Bell,AL,Shoals,35661,-87.56504826718016,34.77345592199698,,
Taco Bell,AL,Northport,35476,-87.5944761467654,33.22731161520408,33.2586,-87.5993
Taco Bell,AL,Northport,35475,-87.58692600983181,33.43294170993172,33.2586,-87.5993
Taco Bell,AL,Oneonta,35121,-86.45525984210141,33.94122594736104,42.4551,-75.0666
Taco Bell,AL,Opelika,36801,-85.3971727030395,32.691733769262235,32.6612,-85.3769
Taco Bell,AL,Opelika,36804,-85.34221551620078,32.53344082637769,32.6612,-85.3769
Taco Bell,AL,Roads,35763,-86.46438944517531,34.62148714417781,,
Taco Bell,AL,Oxford,36203,-85.83284429957854,33.5815461571231,34.3627,-89.5336
Taco Bell,AL,Oxford,36203,-85.83284429957854,33.5815461571231,34.3627,-89.5336
Taco Bell,AL,Ozark,36360,-85.61770199750178,31.467655174461992,37.0365,-93.2158
Taco Bell,AL,Pelham,35124,-86.7631414247225,33.31346243787979,33.3114,-86.7573
Taco Bell,AL,City,35125,-86.2943574089874,33.62575051625168,,
Taco Bell,AL,City,36867,-85.02350762075532,32.496541602083305,,
Taco Bell,AL,City,36870,-85.12020207469382,32.484017229488565,,
Taco Bell,AL,City,36867,-85.02350762075532,32.496541602083305,,
Taco Bell,AL,Piedmont,36272,-85.59598785427137,33.941675531135175,37.8225,-122.2301
Taco Bell,AL,Pinson,35126,-86.65417709745115,33.731457381873774,,
Taco Bell,AL,Pinson,35126,-86.65417709745115,33.731457381873774,,
Taco Bell,AL,Prattville,36067,-86.56895868641901,32.51248555438848,32.4597,-86.4573
Taco Bell,AL,Prattville,36066,-86.4240922233839,32.48003160526731,32.4597,-86.4573
Taco Bell,AL,Rainsville,35986,-85.84034050433092,34.503276682841665,,
Taco Bell,AL,Roanoke,36274,-85.36787991067337,33.17307938438367,37.2785,-79.9581
Taco Bell,AL,Rogersville,35652,-87.31128076624836,34.84536554956114,,
Taco Bell,AL,Russellville,35653,-87.87130557266796,34.516884999196854,35.2762,-93.1383
Taco Bell,AL,Saraland,36571,-88.09552144610949,30.842819019896712,30.8479,-88.1004
Taco Bell,AL,Scottsboro,35768,-86.10539010884733,34.7710956449968,34.6438,-86.0491
Taco Bell,AL,Selma,36701,-87.05707565267156,32.47679536891897,36.5715,-119.6143
Taco Bell,AL,Southside,35907,-86.02445233448383,33.89789740922082,33.9007,-86.0238
Taco Bell,AL,Fort,36527,-87.87345095298747,30.698226250752988,,
Taco Bell,AL,Springville,35146,-86.43192421366307,33.79557071177495,40.1638,-111.6205
Taco Bell,AL,Sumiton,35148,-87.04554783268594,33.75632142923177,,
Taco Bell,AL,Sylacauga,35150,-86.24172132593746,33.185284603028876,33.178,-86.2605
Taco Bell,AL,Talladega,35160,-86.08657465372775,33.37484729996286,33.4333,-86.0986
Taco Bell,AL,Tallassee,36078,-85.93554452420618,32.54062083248187,,
Taco Bell,AL,Tarrant,35217,-86.76034299264988,33.60815835056447,,
Taco Bell,AL,Thomasville,36784,-87.80017233238503,31.939889618076943,35.8813,-80.0807
Taco Bell,AL,Troy,36081,-85.8968481078247,31.90490265596933,42.5817,-83.1457
Taco Bell,AL,Trussville,35173,-86.56422982214242,33.650466980865204,33.6405,-86.5815
Taco Bell,AL,Tuscaloosa,35401,-87.61357727753234,33.168781294245925,33.2348,-87.5268
Taco Bell,AL,Tuscaloosa,35401,-87.61357727753234,33.168781294245925,33.2348,-87.5268
Taco Bell,AL,Tuscaloosa,35405,-87.54290045024032,33.11578965133905,33.2348,-87.5268
Taco Bell,AL,Tuscaloosa,35405,-87.54290045024032,33.11578965133905,33.2348,-87.5268
Taco Bell,AL,Tuscaloosa,35401,-87.61357727753234,33.168781294245925,33.2348,-87.5268
Taco Bell,AL,Tuscaloosa,35405,-87.54290045024032,33.11578965133905,33.2348,-87.5268
Taco Bell,AL,Tuscumbia,35674,-87.78289554223979,34.65762463899704,34.7204,-87.7035
Taco Bell,AL,Valley,36854,-85.18451399513489,32.753741583815525,32.8088,-85.181
Taco Bell,AL,Warrior,35180,-86.83545846939458,33.826400215910176,,
Taco Bell,AL,Wetumpka,36092,-86.19332740518333,32.61801270228737,,
Taco Bell,AL,Winfield,35594,-87.77209490645035,33.92970023989243,37.274,-96.95
Taco Bell,AR,Alma,72921,-94.19437157729013,35.47552414935615,43.3799,-84.6556
Taco Bell,AR,Arkadelphia,71923,-93.04608802808092,34.08201168445133,34.1253,-93.0729
Taco Bell,AR,Arkadelphia,71923,-93.04608802808092,34.08201168445133,34.1253,-93.0729
Taco Bell,AR,Knob,72010,-91.53609887991729,35.32023862205848,,
Taco Bell,AR,Batesville,72501,-91.65348200431099,35.791570041399574,35.7687,-91.6227
Taco Bell,AR,Beebe,72012,-91.91746830297053,35.098278442580046,35.0713,-91.8998
Taco Bell,AR,Benton,72015,-92.58957457440745,34.49334145764577,34.5776,-92.5713
Taco Bell,AR,Benton,72019,-92.6894609041473,34.63535301943372,34.5776,-92.5713
Taco Bell,AR,Bentonville,72712,-94.254225006452,36.35040865972581,36.3547,-94.2305
Taco Bell,AR,Bentonville,72712,-94.254225006452,36.35040865972581,36.3547,-94.2305
Taco Bell,AR,Bentonville,72712,-94.254225006452,36.35040865972581,36.3547,-94.2305
Taco Bell,AR,Berryville,72616,-93.55640949814061,36.34301412973623,,
Taco Bell,AR,Berryville,72616,-93.55640949814061,36.34301412973623,,
Taco Bell,AR,Blytheville,72315,-89.9013882132156,35.90497973938256,35.9321,-89.9051
Taco Bell,AR,Booneville,72927,-93.93654550269896,35.07482973447656,34.6643,-88.5684
Taco Bell,AR,Brookland,72417,-90.55002900322772,35.92099467645842,,
Taco Bell,AR,Bryant,72022,-92.48826029417943,34.60435453232147,34.6152,-92.4914
Taco Bell,AR,Cabot,72023,-92.0564976911058,34.957545135362885,34.9766,-92.0274
Taco Bell,AR,Cabot,72023,-92.0564976911058,34.957545135362885,34.9766,-92.0274
Taco Bell,AR,Camden,71701,-92.81986914466974,33.586346272474124,39.9361,-75.1073
Taco Bell,AR,Centerton,72719,-94.29579232984219,36.36759245074639,36.3566,-94.2971
Taco Bell,AR,Clarksville,72830,-93.51171766781566,35.513859229795585,36.5692,-87.3413
Taco Bell,AR,Clinton,72031,-92.525663382068,35.61346284160389,38.7499,-76.9063
Taco Bell,AR,Conway,72032,-92.36154059196093,35.073299662520995,35.0753,-92.4692
Taco Bell,AR,Conway,72032,-92.36154059196093,35.073299662520995,35.0753,-92.4692
Taco Bell,AR,Conway,72034,-92.48685222090542,35.050392230070415,35.0753,-92.4692
Taco Bell,AR,Corning,72422,-90.54193869550966,36.419318328888764,42.147,-77.0561
Taco Bell,AR,Crossett,71635,-92.00055916439352,33.1301542043299,,
Taco Bell,AR,Dardanelle,72834,-93.18249542310404,35.16885522859359,,
Taco Bell,AR,Queen,71832,-94.35091710772075,34.03779826638845,,
Taco Bell,AR,Earle,72331,-90.46448609487925,35.28354659403668,,
Taco Bell,AR,Dorado,71730,-92.62909090607175,33.200633522915254,,
Taco Bell,AR,Dorado,71730,-92.62909090607175,33.200633522915254,,
Taco Bell,AR,Farmington,72730,-94.26596901263282,36.03055335634231,36.7555,-108.1823
Taco Bell,AR,Fayetteville,72701,-94.08078967701675,35.984663782179595,36.0714,-94.1661
Taco Bell,AR,Fayetteville,72703,-94.04883628325841,36.11505889808898,36.0714,-94.1661
Taco Bell,AR,Fayetteville,72703,-94.04883628325841,36.11505889808898,36.0714,-94.1661
Taco Bell,AR,Fayetteville,72701,-94.08078967701675,35.984663782179595,36.0714,-94.1661
Taco Bell,AR,Fordyce,71742,-92.4528251959294,33.84885519376897,,
Taco Bell,AR,City,72335,-90.75669218241153,34.991303282948834,,
Taco Bell,AR,Smith,72901,-94.41577142129317,35.36641442212928,,
Taco Bell,AR,Smith,72903,-94.36068387713715,35.35106885556579,,
Taco Bell,AR,Smith,72901,-94.41577142129317,35.36641442212928,,
Taco Bell,AR,Smith,72916,-94.37661468965914,35.267924065325815,,
Taco Bell,AR,Gassville,72635,-92.48772523666815,36.31792639146703,,
Taco Bell,AR,Gravette,72736,-94.46411271225541,36.41218044861553,,
Taco Bell,AR,Greenbrier,72058,-92.37061855397127,35.24213655249595,,
Taco Bell,AR,Greenwood,72936,-94.22559874506673,35.18958649388566,39.6019,-86.1073
Taco Bell,AR,Harrison,72601,-93.09182600589693,36.237237299818254,41.0236,-73.7193
Taco Bell,AR,Springs,72543,-91.98886561258765,35.453570893950356,41.0212,-72.1584
Taco Bell,AR,Highland,72542,-91.47159247691921,36.30390584272826,34.1113,-117.165
Taco Bell,AR,Hope,71801,-93.59442955110042,33.64417414671501,33.6682,-93.5895
Taco Bell,AR,Springs,71913,-93.0952615517448,34.448148347155495,41.0212,-72.1584
Taco Bell,AR,Springs,71901,-92.97160213766156,34.52698895961875,41.0212,-72.1584
Taco Bell,AR,Springs,71913,-93.0952615517448,34.448148347155495,41.0212,-72.1584
Taco Bell,AR,Springs,71913,-93.0952615517448,34.448148347155495,41.0212,-72.1584
Taco Bell,AR,Springs,71901,-92.97160213766156,34.52698895961875,41.0212,-72.1584
Taco Bell,AR,Huntsville,72740,-93.68697277102882,36.102524476972626,34.6981,-86.6412
Taco Bell,AR,Jacksonville,72076,-92.14355435630334,34.911429485571674,30.3322,-81.6749
Taco Bell,AR,Jonesboro,72401,-90.66060559504052,35.878943308486576,35.8212,-90.6791
Taco Bell,AR,Jonesboro,72404,-90.78172296502201,35.77593899307274,35.8212,-90.6791
Taco Bell,AR,Jonesboro,72401,-90.66060559504052,35.878943308486576,35.8212,-90.6791
Taco Bell,AR,Rock,72227,-92.37511157703733,34.7777945423384,,
Taco Bell,AR,Rock,72205,-92.35022629762561,34.750300932480755,,
Taco Bell,AR,Rock,72223,-92.51090115449152,34.78832690240589,,
Taco Bell,AR,Rock,72209,-92.34404615418819,34.67700607226537,,
Taco Bell,AR,Rock,72205,-92.35022629762561,34.750300932480755,,
Taco Bell,AR,Rock,72209,-92.34404615418819,34.67700607226537,,
Taco Bell,AR,Rock,72201,-92.2798078272026,34.7472752657431,,
Taco Bell,AR,Rock,72204,-92.35883837429037,34.71769942797466,,
Taco Bell,AR,Rock,72202,-92.26489830857908,34.74691497528142,,
Taco Bell,AR,Rock,72211,-92.41709183171568,34.750640389116114,,
Taco Bell,AR,Lowell,72745,-94.10069652499365,36.24756831933552,42.6389,-71.3217
Taco Bell,AR,Lowell,72745,-94.10069652499365,36.24756831933552,42.6389,-71.3217
Taco Bell,AR,Magnolia,71753,-93.18403885478101,33.230172565038366,33.2775,-93.2261
Taco Bell,AR,Malvern,72104,-92.82349768692417,34.343479703274454,34.3734,-92.8205
Taco Bell,AR,Mena,71953,-94.19490524911193,34.61428357708187,,
Taco Bell,AR,Monticello,71655,-91.74649150408048,33.6309088293808,45.2991,-93.7996
Taco Bell,AR,Morrilton,72110,-92.77548216587849,35.154678979803286,,
Taco Bell,AR,Home,72653,-92.3861993794363,36.342398096330434,,
Taco Bell,AR,View,72560,-92.09178381644767,35.85170949823202,,
Taco Bell,AR,Nashville,71852,-93.85535851695637,33.99921492806803,36.1715,-86.7842
Taco Bell,AR,Newport,72112,-91.22613133601168,35.57974625314919,41.4801,-71.3203
Taco Bell,AR,Rock,72116,-92.24494951487283,34.80044446702886,,
Taco Bell,AR,Rock,72117,-92.14387402881576,34.777434241678456,,
Taco Bell,AR,Rock,72113,-92.39891914693798,34.859432789042486,,
Taco Bell,AR,Osceola,72370,-90.10128497340915,35.685447481770154,,
Taco Bell,AR,Ozark,72949,-93.80772715878452,35.57720309282809,37.0365,-93.2158
Taco Bell,AR,Paragould,72450,-90.5187841299411,36.07936056890887,36.0555,-90.5149
Taco Bell,AR,Paris,72855,-93.67870527597084,35.25291362021635,33.6688,-95.546
Taco Bell,AR,Ridge,72751,-94.12029786963423,36.46105946071968,40.9068,-72.8816
Taco Bell,AR,Bluff,71603,-92.08631230387415,34.126332806678654,,
Taco Bell,AR,Bluff,71601,-91.90318379059705,34.17715450740739,,
Taco Bell,AR,Pocahontas,72455,-91.03608033425553,36.31834175302124,,
Taco Bell,AR,Grove,72753,-94.32682789878226,35.93132484982656,,
Taco Bell,AR,Prescott,71857,-93.34535509569962,33.80571397538491,34.5849,-112.4473
Taco Bell,AR,Rogers,72756,-93.98338359794981,36.32117379194377,36.317,-94.1531
Taco Bell,AR,Rogers,72756,-93.98338359794981,36.32117379194377,36.317,-94.1531
Taco Bell,AR,Russellville,72802,-93.06681237388338,35.31281737584521,35.2762,-93.1383
Taco Bell,AR,Russellville,72801,-93.14086209468093,35.279124165897514,35.2762,-93.1383
Taco Bell,AR,Searcy,72143,-91.73562272741286,35.228887578263304,35.2418,-91.7351
Taco Bell,AR,Searcy,72143,-91.73562272741286,35.228887578263304,35.2418,-91.7351
Taco Bell,AR,Sheridan,72150,-92.39327591335449,34.31862990661472,44.7961,-106.9642
Taco Bell,AR,Sherwood,72120,-92.24107923058604,34.8989313687516,34.8507,-92.2029
Taco Bell,AR,Sherwood,72120,-92.24107923058604,34.8989313687516,34.8507,-92.2029
Taco Bell,AR,Springs,72761,-94.45814580190189,36.170143597989615,41.0212,-72.1584
Taco Bell,AR,Springs,72761,-94.45814580190189,36.170143597989615,41.0212,-72.1584
Taco Bell,AR,Springdale,72762,-94.2292610879516,36.18774816848861,36.1901,-94.1574
Taco Bell,AR,Springdale,72764,-94.0525880677203,36.17837522377712,36.1901,-94.1574
Taco Bell,AR,Springdale,72764,-94.0525880677203,36.17837522377712,36.1901,-94.1574
Taco Bell,AR,Springdale,72762,-94.2292610879516,36.18774816848861,36.1901,-94.1574
Taco Bell,AR,Stuttgart,72160,-91.53303798686485,34.422360221884034,,
Taco Bell,AR,Tontitown,72770,,,,
Taco Bell,AR,Trumann,72472,-90.53585809042112,35.596022755683535,,
Taco Bell,AR,Buren,72956,-94.34950909779724,35.46801273620933,,
Taco Bell,AR,Buren,72956,-94.34950909779724,35.46801273620933,,
Taco Bell,AR,Ridge,72476,-90.91950682163514,36.05177763353688,40.9068,-72.8816
Taco Bell,AR,Helena,72390,-90.67833699741658,34.55012003953492,46.5965,-112.0202
Taco Bell,AR,Memphis,72301,-90.18808266759225,35.14481572437094,35.1087,-89.9663
Taco Bell,AR,Memphis,72301,-90.18808266759225,35.14481572437094,35.1087,-89.9663
Taco Bell,AR,Hall,71602,-92.14304906489265,34.26709545224545,,
Taco Bell,AR,Wynne,72396,-90.8229907355063,35.23113649807212,,
Taco Bell,AZ,Anthem,85086,-112.12017364148622,33.81545388010757,33.856,-112.1168
Taco Bell,AZ,Junction,85120,-111.56784714055136,33.403024310429714,,
Taco Bell,AZ,Avondale,85392,-112.30936243586387,33.4777845018614,33.3873,-112.3235
Taco Bell,AZ,Avondale,85323,-112.32606857732185,33.419382994642945,33.3873,-112.3235
Taco Bell,AZ,Avondale,85323,-112.32606857732185,33.419382994642945,33.3873,-112.3235
Taco Bell,AZ,Avondale,85392,-112.30936243586387,33.4777845018614,33.3873,-112.3235
Taco Bell,AZ,Benson,85602,-110.37700056460105,32.17425985089525,,
Taco Bell,AZ,Buckeye,85326,-112.57794165624131,33.28902813031955,33.4314,-112.6429
Taco Bell,AZ,Buckeye,85396,-112.65075816357424,33.526961881265414,33.4314,-112.6429
Taco Bell,AZ,City,86430,,,,
Taco Bell,AZ,City,86442,-114.5671073579774,35.08679180244497,,
Taco Bell,AZ,Verde,86322,-111.79603385134942,34.49818676960529,,
Taco Bell,AZ,Grande,85122,-111.74421658787226,32.917138901498596,,
Taco Bell,AZ,Grande,85122,-111.74421658787226,32.917138901498596,,
Taco Bell,AZ,Creek,85331,-111.93492167096073,33.885088387991246,,
Taco Bell,AZ,Chandler,85249,-111.79707155160533,33.22555806546684,33.2825,-111.8514
Taco Bell,AZ,Chandler,85248,-111.86963697721654,33.21800580801922,33.2825,-111.8514
Taco Bell,AZ,Chandler,85224,-111.87646939839112,33.323662967772734,33.2825,-111.8514
Taco Bell,AZ,Valley,86323,-112.40787920487134,34.77474016884512,32.8088,-85.181
Taco Bell,AZ,Claypool,85532,,,,
Taco Bell,AZ,Coolidge,85128,-111.53804886663667,32.99044646375079,32.9363,-111.5254
Taco Bell,AZ,Cottonwood,86326,-112.02364743048366,34.70002252242588,34.7195,-112.0016
Taco Bell,AZ,Eloy,85131,-111.55012117793076,32.67388798367733,32.747,-111.5992
Taco Bell,AZ,Flagstaff,86004,-111.38479662489004,35.38762356529396,35.1872,-111.6194
Taco Bell,AZ,Flagstaff,86001,-111.63772762806815,35.28948959496617,35.1872,-111.6194
Taco Bell,AZ,Flagstaff,86001,-111.63772762806815,35.28948959496617,35.1872,-111.6194
Taco Bell,AZ,Florence,85132,-111.20452447322967,32.93337367395066,34.178,-79.7898
Taco Bell,AZ,Mohave,86426,-114.56873144872972,35.005227096500334,,
Taco Bell,AZ,Bend,85337,-112.7033517329327,32.95961896620931,44.0563,-121.3095
Taco Bell,AZ,Gilbert,85233,-111.81136199985244,33.352104790659155,33.31,-111.7463
Taco Bell,AZ,Gilbert,85234,-111.73944781837862,33.364533394543614,33.31,-111.7463
Taco Bell,AZ,Gilbert,85298,-111.72567731671181,33.241885395252226,33.31,-111.7463
Taco Bell,AZ,Gilbert,85296,-111.74061973818783,33.33538672489623,33.31,-111.7463
Taco Bell,AZ,Gilbert,85296,-111.74061973818783,33.33538672489623,33.31,-111.7463
Taco Bell,AZ,Gilbert,85295,-111.74083910275341,33.305450693467634,33.31,-111.7463
Taco Bell,AZ,Glendale,85301,-112.17793236497829,33.53175122516925,33.5791,-112.2311
Taco Bell,AZ,Glendale,85308,-112.18457898689701,33.66053961319484,33.5791,-112.2311
Taco Bell,AZ,Glendale,85307,-112.31367472622541,33.53756483784561,33.5791,-112.2311
Taco Bell,AZ,Glendale,85308,-112.18457898689701,33.66053961319484,33.5791,-112.2311
Taco Bell,AZ,Glendale,85305,-112.25630003361806,33.53080627900596,33.5791,-112.2311
Taco Bell,AZ,Glendale,85310,-112.17185656501405,33.69580822289089,33.5791,-112.2311
Taco Bell,AZ,Glendale,85310,-112.17185656501405,33.69580822289089,33.5791,-112.2311
Taco Bell,AZ,Glendale,85301,-112.17793236497829,33.53175122516925,33.5791,-112.2311
Taco Bell,AZ,Glendale,85306,-112.1763925332712,33.62393374740881,33.5791,-112.2311
Taco Bell,AZ,Glendale,85302,-112.17797107347002,33.56796754137539,33.5791,-112.2311
Taco Bell,AZ,Glendale,85310,-112.17185656501405,33.69580822289089,33.5791,-112.2311
Taco Bell,AZ,Glendale,85301,-112.17793236497829,33.53175122516925,33.5791,-112.2311
Taco Bell,AZ,Glendale,85305,-112.25630003361806,33.53080627900596,33.5791,-112.2311
Taco Bell,AZ,Globe,85501,-110.75349382304503,33.539013063425585,,
Taco Bell,AZ,Goodyear,85338,-112.40793508223783,33.37352855044835,33.2614,-112.3622
Taco Bell,AZ,Goodyear,85338,-112.40793508223783,33.37352855044835,33.2614,-112.3622
Taco Bell,AZ,Goodyear,85395,-112.39449717520772,33.479050814769124,33.2614,-112.3622
Taco Bell,AZ,Goodyear,85338,-112.40793508223783,33.37352855044835,33.2614,-112.3622
Taco Bell,AZ,Valley,85614,-110.92577679885274,31.822852720476337,32.8088,-85.181
Taco Bell,AZ,Holbrook,86025,-110.09954952110628,34.93776992273241,40.7944,-73.07
Taco Bell,AZ,Kayenta,86033,-110.22882215046906,36.67258497974037,,
Taco Bell,AZ,Kingman,86401,-113.70334269349269,35.13281181893506,35.217,-114.0105
Taco Bell,AZ,Kingman,86409,-114.02851356063782,35.46101568439924,35.217,-114.0105
Taco Bell,AZ,City,86403,-114.34832746224814,34.481432571199605,,
Taco Bell,AZ,Lakeside,85929,-109.93653254454567,34.185808878536506,30.1356,-81.7674
Taco Bell,AZ,Laveen,85339,-112.16081880661837,33.237710641849404,,
Taco Bell,AZ,Park,85340,-112.4131972536726,33.509817710333294,,
Taco Bell,AZ,Marana,85653,-111.37700524981899,32.38975392753776,32.4355,-111.1558
Taco Bell,AZ,Maricopa,85139,-112.14615678184643,32.97589509469764,33.0408,-112.0011
Taco Bell,AZ,Maricopa,85138,-111.98905362280374,33.006894510696924,33.0408,-112.0011
Taco Bell,AZ,Mesa,85209,-111.63761505012924,33.378330349261006,33.4015,-111.7178
Taco Bell,AZ,Mesa,85201,-111.85018019697154,33.433881757414014,33.4015,-111.7178
Taco Bell,AZ,Mesa,85205,-111.71870146882115,33.43232038034692,33.4015,-111.7178
Taco Bell,AZ,Mesa,85206,-111.71772934775355,33.396676710650134,33.4015,-111.7178
Taco Bell,AZ,Mesa,85205,-111.71870146882115,33.43232038034692,33.4015,-111.7178
Taco Bell,AZ,Mesa,85201,-111.85018019697154,33.433881757414014,33.4015,-111.7178
Taco Bell,AZ,Mesa,85201,-111.85018019697154,33.433881757414014,33.4015,-111.7178
Taco Bell,AZ,Mesa,85210,-111.843196320035,33.38986020969935,33.4015,-111.7178
Taco Bell,AZ,Mesa,85204,-111.78808218896604,33.3967889005639,33.4015,-111.7178
Taco Bell,AZ,Mesa,85204,-111.78808218896604,33.3967889005639,33.4015,-111.7178
Taco Bell,AZ,Mesa,85215,-111.57875910655278,33.51107732729496,33.4015,-111.7178
Taco Bell,AZ,Mesa,85210,-111.843196320035,33.38986020969935,33.4015,-111.7178
Taco Bell,AZ,Mesa,85203,-111.80397232935833,33.45005111617418,33.4015,-111.7178
Taco Bell,AZ,Mesa,85205,-111.71870146882115,33.43232038034692,33.4015,-111.7178
Taco Bell,AZ,Mesa,85204,-111.78808218896604,33.3967889005639,33.4015,-111.7178
Taco Bell,AZ,Mesa,85202,-111.87448842124522,33.382498024470294,33.4015,-111.7178
Taco Bell,AZ,Mesa,85208,-111.62825083288328,33.40163362270709,33.4015,-111.7178
Taco Bell,AZ,Valley,85737,-110.94657121278719,32.41419078312804,32.8088,-85.181
Taco Bell,AZ,Page,86040,-111.41907709471778,36.69623365007943,,
Taco Bell,AZ,Parker,85344,-114.22199454219357,34.07552407931445,39.5084,-104.7753
Taco Bell,AZ,Payson,85541,-111.30531988140646,34.19479620494465,40.0355,-111.739
Taco Bell,AZ,Peoria,85383,-112.24700619732845,33.80234121467865,40.752,-89.6154
Taco Bell,AZ,Peoria,85382,-112.24745011871879,33.655142968345345,40.752,-89.6154
Taco Bell,AZ,Peoria,85345,-112.24620204010316,33.571952981476386,40.752,-89.6154
Taco Bell,AZ,Peoria,85381,-112.23167702974854,33.609570116314764,40.752,-89.6154
Taco Bell,AZ,Peoria,85345,-112.24620204010316,33.571952981476386,40.752,-89.6154
Taco Bell,AZ,Phoenix,85020,-112.05455627824345,33.56735070121867,33.5722,-112.0892
Taco Bell,AZ,Phoenix,85016,-112.02966730312664,33.5135834925812,33.5722,-112.0892
Taco Bell,AZ,Phoenix,85023,-112.09470496434686,33.63150787972721,33.5722,-112.0892
Taco Bell,AZ,Phoenix,85003,-112.07835303505438,33.450665174331036,33.5722,-112.0892
Taco Bell,AZ,Phoenix,85004,-112.06988646049402,33.451569604194276,33.5722,-112.0892
Taco Bell,AZ,Phoenix,85050,-111.99629653928814,33.68632907424919,33.5722,-112.0892
Taco Bell,AZ,Phoenix,85027,-112.09960225293433,33.68187572770973,33.5722,-112.0892
Taco Bell,AZ,Phoenix,85048,-112.05571016614138,33.312540080174074,33.5722,-112.0892
Taco Bell,AZ,Phoenix,85022,-112.05180714580841,33.62717281674052,33.5722,-112.0892
Taco Bell,AZ,Phoenix,85043,-112.19646008754556,33.432450204628,33.5722,-112.0892
Taco Bell,AZ,Phoenix,85040,-112.02654861941694,33.40613688406046,33.5722,-112.0892
Taco Bell,AZ,Phoenix,85086,-112.12017364148622,33.81545388010757,33.5722,-112.0892
Taco Bell,AZ,Phoenix,85014,-112.05673629847117,33.50850139926703,33.5722,-112.0892
Taco Bell,AZ,Phoenix,85009,-112.12822522076775,33.44284921763389,33.5722,-112.0892
Taco Bell,AZ,Phoenix,85023,-112.09470496434686,33.63150787972721,33.5722,-112.0892
Taco Bell,AZ,Phoenix,85016,-112.02966730312664,33.5135834925812,33.5722,-112.0892
Taco Bell,AZ,Phoenix,85042,-112.04248614931811,33.36880566030077,33.5722,-112.0892
Taco Bell,AZ,Phoenix,85032,-112.00379405217028,33.626294372926886,33.5722,-112.0892
Taco Bell,AZ,Phoenix,85031,-112.16834021204363,33.49490275732429,33.5722,-112.0892
Taco Bell,AZ,Phoenix,85004,-112.06988646049402,33.451569604194276,33.5722,-112.0892
Taco Bell,AZ,Phoenix,85035,-112.19471867596279,33.471450335299565,33.5722,-112.0892
Taco Bell,AZ,Phoenix,85008,-111.98675223343754,33.463297660243036,33.5722,-112.0892
Taco Bell,AZ,Phoenix,85051,-112.13316554688848,33.55912716021046,33.5722,-112.0892
Taco Bell,AZ,Phoenix,85041,-112.10885860747689,33.38588251357949,33.5722,-112.0892
Taco Bell,AZ,Phoenix,85037,-112.26468618486888,33.49056716945569,33.5722,-112.0892
Taco Bell,AZ,Phoenix,85013,-112.08294225847588,33.51013117129182,33.5722,-112.0892
Taco Bell,AZ,Phoenix,85015,-112.1018492316835,33.50910520797133,33.5722,-112.0892
Taco Bell,AZ,Phoenix,85053,-112.13160872405341,33.629924432048284,33.5722,-112.0892
Taco Bell,AZ,Phoenix,85033,-112.21162730603814,33.49436900738856,33.5722,-112.0892
Taco Bell,AZ,Phoenix,85028,-112.00908901073863,33.575582272941354,33.5722,-112.0892
Taco Bell,AZ,Phoenix,85044,-112.00178136337716,33.3423869720489,33.5722,-112.0892
Taco Bell,AZ,Phoenix,85021,-112.09390148709659,33.5599741453595,33.5722,-112.0892
Taco Bell,AZ,Phoenix,85043,-112.19646008754556,33.432450204628,33.5722,-112.0892
Taco Bell,AZ,Phoenix,85041,-112.10885860747689,33.38588251357949,33.5722,-112.0892
Taco Bell,AZ,Phoenix,85041,-112.10885860747689,33.38588251357949,33.5722,-112.0892
Taco Bell,AZ,Phoenix,85042,-112.04248614931811,33.36880566030077,33.5722,-112.0892
Taco Bell,AZ,Phoenix,85029,-112.11024131862223,33.59504364314407,33.5722,-112.0892
Taco Bell,AZ,Phoenix,85017,-112.12372067207396,33.509036367725166,33.5722,-112.0892
Taco Bell,AZ,Prescott,86301,-112.42644289143311,34.59169121259769,34.5849,-112.4473
Taco Bell,AZ,Prescott,86305,-112.95841032407748,34.818501151992415,34.5849,-112.4473
Taco Bell,AZ,Valley,86314,-112.30622414929634,34.62599006916397,32.8088,-85.181
Taco Bell,AZ,Quartzsite,85359,,,,
Taco Bell,AZ,Creek,85142,-111.63811410140647,33.198643943479915,,
Taco Bell,AZ,Creek,85142,-111.63811410140647,33.198643943479915,,
Taco Bell,AZ,Creek,85142,-111.63811410140647,33.198643943479915,,
Taco Bell,AZ,Sahuarita,85629,-111.01903456652141,31.917807287421677,31.9323,-110.9654
Taco Bell,AZ,Valley,85143,-111.5190397581476,33.15865059703511,32.8088,-85.181
Taco Bell,AZ,Scottsdale,85251,-111.91953796131656,33.493902674242015,33.6872,-111.8651
Taco Bell,AZ,Scottsdale,85259,-111.80950454295962,33.601121789173476,33.6872,-111.8651
Taco Bell,AZ,Scottsdale,85258,-111.89565595743127,33.564682180732554,33.6872,-111.8651
Taco Bell,AZ,Scottsdale,85250,-111.88855622298222,33.53575682420719,33.6872,-111.8651
Taco Bell,AZ,Scottsdale,85260,-111.89156359554038,33.60959824827631,33.6872,-111.8651
Taco Bell,AZ,Scottsdale,85254,-111.95192626579211,33.615054894267296,33.6872,-111.8651
Taco Bell,AZ,Scottsdale,85257,-111.91594667853343,33.46419701174613,33.6872,-111.8651
Taco Bell,AZ,Scottsdale,85254,-111.95192626579211,33.615054894267296,33.6872,-111.8651
Taco Bell,AZ,Low,85901,-109.99996365956432,34.29984315217622,,
Taco Bell,AZ,Vista,85635,-110.17696870373355,31.570381559120804,33.1896,-117.2386
Taco Bell,AZ,Vista,85650,-110.20214388324484,31.50007154500773,33.1896,-117.2386
Taco Bell,AZ,City,85351,-112.28211395245961,33.606490150581315,,
Taco Bell,AZ,Surprise,85374,-112.37679254771214,33.64400657863889,33.6815,-112.4515
Taco Bell,AZ,Surprise,85379,-112.3735606050603,33.602060990515824,33.6815,-112.4515
Taco Bell,AZ,Surprise,85374,-112.37679254771214,33.64400657863889,33.6815,-112.4515
Taco Bell,AZ,Surprise,85388,-112.4338495020827,33.607892418971055,33.6815,-112.4515
Taco Bell,AZ,Surprise,85388,-112.4338495020827,33.607892418971055,33.6815,-112.4515
Taco Bell,AZ,Surprise,85387,-112.43806629853312,33.712803076909346,33.6815,-112.4515
Taco Bell,AZ,Taylor,85939,-110.0857680854304,34.43897383645088,42.226,-83.2688
Taco Bell,AZ,Tempe,85282,-111.93187507154764,33.39415852720714,33.3881,-111.9319
Taco Bell,AZ,Tempe,85284,-111.93428134011141,33.33715141034621,33.3881,-111.9319
Taco Bell,AZ,Tempe,85281,-111.93113961517575,33.42816658378813,33.3881,-111.9319
Taco Bell,AZ,Tempe,85281,-111.93113961517575,33.42816658378813,33.3881,-111.9319
Taco Bell,AZ,Tempe,85283,-111.9320478592598,33.36457657741377,33.3881,-111.9319
Taco Bell,AZ,Tempe,85283,-111.9320478592598,33.36457657741377,33.3881,-111.9319
Taco Bell,AZ,Tempe,85281,-111.93113961517575,33.42816658378813,33.3881,-111.9319
Taco Bell,AZ,Tempe,85284,-111.93428134011141,33.33715141034621,33.3881,-111.9319
Taco Bell,AZ,Thatcher,85552,-109.76950048623468,32.82175357865013,,
Taco Bell,AZ,Tolleson,85353,-112.27287152801587,33.41825235334936,,
Taco Bell,AZ,Tonopah,85354,-113.04900480021344,33.433197217440544,,
Taco Bell,AZ,City,86045,-111.12132364800267,36.059186805068606,,
Taco Bell,AZ,Tucson,85711,-110.88339467044722,32.215235143751144,32.1541,-110.8787
Taco Bell,AZ,Tucson,85741,-111.03948001368856,32.33739794010977,32.1541,-110.8787
Taco Bell,AZ,Tucson,85711,-110.88339467044722,32.215235143751144,32.1541,-110.8787
Taco Bell,AZ,Tucson,85745,-111.08972044762959,32.25879686016145,32.1541,-110.8787
Taco Bell,AZ,Tucson,85747,-110.76542097558531,32.09498774140464,32.1541,-110.8787
Taco Bell,AZ,Tucson,85714,-110.95086102434259,32.1673927912751,32.1541,-110.8787
Taco Bell,AZ,Tucson,85756,-110.89891731602474,32.07927746876426,32.1541,-110.8787
Taco Bell,AZ,Tucson,85706,-110.93334268955502,32.14761252588295,32.1541,-110.8787
Taco Bell,AZ,Tucson,85716,-110.92320146788235,32.24154446518459,32.1541,-110.8787
Taco Bell,AZ,Tucson,85704,-110.98552963314106,32.33791460015283,32.1541,-110.8787
Taco Bell,AZ,Tucson,85730,-110.74698989284435,32.18277285322652,32.1541,-110.8787
Taco Bell,AZ,Tucson,85710,-110.8237254001774,32.214135660323805,32.1541,-110.8787
Taco Bell,AZ,Tucson,85713,-111.0153261683841,32.19526399074837,32.1541,-110.8787
Taco Bell,AZ,Tucson,85743,-111.1882021866244,32.31080297925202,32.1541,-110.8787
Taco Bell,AZ,Tucson,85741,-111.03948001368856,32.33739794010977,32.1541,-110.8787
Taco Bell,AZ,Tucson,85719,-110.94865641834772,32.246713148746835,32.1541,-110.8787
Taco Bell,AZ,Tucson,85715,-110.83084138762612,32.24888561262921,32.1541,-110.8787
Taco Bell,AZ,Tucson,85705,-110.99211178989833,32.271275786714426,32.1541,-110.8787
Taco Bell,AZ,Tucson,85746,-111.04430322348,32.09161565138561,32.1541,-110.8787
Taco Bell,AZ,Vail,85641,-110.6227760339984,32.04916677739417,32.0217,-110.6937
Taco Bell,AZ,Wickenburg,85358,,,,
Taco Bell,AZ,Williams,86046,-112.15490413060017,35.43006340081705,,
Taco Bell,AZ,Rock,86515,-108.94852510007597,35.68280609306408,,
Taco Bell,AZ,Winslow,86047,-110.65318955305024,35.15124319139966,39.7027,-74.9029
Taco Bell,AZ,Yuma,85365,-114.1504964247938,33.07897158104371,32.5995,-114.5491
Taco Bell,AZ,Yuma,85364,-114.6586545095262,32.70314931512247,32.5995,-114.5491
Taco Bell,AZ,Yuma,85364,-114.6586545095262,32.70314931512247,32.5995,-114.5491
Taco Bell,AZ,Yuma,85365,-114.1504964247938,33.07897158104371,32.5995,-114.5491
Taco Bell,CA,Hills,91301,-118.75718459955499,34.1227470167922,,
Taco Bell,CA,Alameda,94501,-122.27804850691673,37.77408430656245,37.7668,-122.267
Taco Bell,CA,Alamo,94507,-122.02109351133326,37.85041559868786,26.181,-98.1177
Taco Bell,CA,Albany,94706,-122.2955315351598,37.88970423784299,42.6664,-73.7987
Taco Bell,CA,Alhambra,91801,-118.12752599043552,34.09072778474033,34.084,-118.1355
Taco Bell,CA,Alhambra,91801,-118.12752599043552,34.09072778474033,34.084,-118.1355
Taco Bell,CA,Viejo,92656,-117.73036572780835,33.57621494079332,,
Taco Bell,CA,Canyon,94503,-122.26296795957846,38.18420734582651,34.9911,-101.919
Taco Bell,CA,Anaheim,92804,-117.97501962103749,33.81826979100018,33.839,-117.8574
Taco Bell,CA,Anaheim,92801,-117.95223945753948,33.84444744338099,33.839,-117.8574
Taco Bell,CA,Anaheim,92804,-117.97501962103749,33.81826979100018,33.839,-117.8574
Taco Bell,CA,Anaheim,92802,-117.92365678162837,33.80826656857136,33.839,-117.8574
Taco Bell,CA,Anaheim,92802,-117.92365678162837,33.80826656857136,33.839,-117.8574
Taco Bell,CA,Anaheim,92805,-117.90578651164141,33.83037365317916,33.839,-117.8574
Taco Bell,CA,Anaheim,92807,-117.7892976050858,33.84970484462347,33.839,-117.8574
Taco Bell,CA,Anaheim,92806,-117.87075830868872,33.83851271273989,33.839,-117.8574
Taco Bell,CA,Anaheim,92801,-117.95223945753948,33.84444744338099,33.839,-117.8574
Taco Bell,CA,Anaheim,92807,-117.7892976050858,33.84970484462347,33.839,-117.8574
Taco Bell,CA,Anderson,96007,-122.27910962797601,40.45867689304103,40.0891,-85.6892
Taco Bell,CA,Camp,95221,,,,
Taco Bell,CA,Antelope,95843,-121.36342204948282,38.715461745952965,38.7153,-121.361
Taco Bell,CA,Antioch,94531,-121.77581893049695,37.96576711294915,37.9787,-121.796
Taco Bell,CA,Antioch,94531,-121.77581893049695,37.96576711294915,37.9787,-121.796
Taco Bell,CA,Antioch,94509,-121.81264758511509,37.996764814322304,37.9787,-121.796
Taco Bell,CA,Valley,92307,-117.13875812362949,34.58835042878657,32.8088,-85.181
Taco Bell,CA,Arcadia,91007,-118.04815135838646,34.12864541270228,34.1342,-118.0373
Taco Bell,CA,Artesia,90701,-118.08061198712008,33.867600598035665,33.8676,-118.0805
Taco Bell,CA,Arvin,93203,-118.83073061424625,35.11187750953564,35.1944,-118.8306
Taco Bell,CA,Arvin,93203,-118.83073061424625,35.11187750953564,35.1944,-118.8306
Taco Bell,CA,Atascadero,93422,-120.69042331237615,35.464578893242106,35.4827,-120.6858
Taco Bell,CA,Atascadero,93422,-120.69042331237615,35.464578893242106,35.4827,-120.6858
Taco Bell,CA,Atwater,95301,-120.63371719787314,37.317980841036494,37.3529,-120.5959
Taco Bell,CA,Auburn,95603,-121.08043323298118,38.91702321653087,32.6087,-85.4903
Taco Bell,CA,Auburn,95603,-121.08043323298118,38.91702321653087,32.6087,-85.4903
Taco Bell,CA,Azusa,91702,-117.86728520768315,34.26559408871067,34.1386,-117.9124
Taco Bell,CA,Azusa,91702,-117.86728520768315,34.26559408871067,34.1386,-117.9124
Taco Bell,CA,Baker,92309,-116.13026146613848,35.21639674554854,30.5832,-91.1582
Taco Bell,CA,Bakersfield,93312,-119.12045349303051,35.39347913141987,35.3529,-119.0359
Taco Bell,CA,Bakersfield,93307,-118.93633133062347,35.24845679136195,35.3529,-119.0359
Taco Bell,CA,Bakersfield,93304,-119.02345101205604,35.339705747649404,35.3529,-119.0359
Taco Bell,CA,Bakersfield,93304,-119.02345101205604,35.339705747649404,35.3529,-119.0359
Taco Bell,CA,Bakersfield,93301,-119.02082392745315,35.38449442637704,35.3529,-119.0359
Taco Bell,CA,Bakersfield,93308,-118.93570727811324,35.54750926545345,35.3529,-119.0359
Taco Bell,CA,Bakersfield,93306,-118.78981616888021,35.46364042848513,35.3529,-119.0359
Taco Bell,CA,Bakersfield,93304,-119.02345101205604,35.339705747649404,35.3529,-119.0359
Taco Bell,CA,Bakersfield,93311,-119.17444396052755,35.19415840666108,35.3529,-119.0359
Taco Bell,CA,Bakersfield,93313,-119.04635002603591,35.1632761099131,35.3529,-119.0359
Taco Bell,CA,Bakersfield,93305,-118.98518508878638,35.38975155169077,35.3529,-119.0359
Taco Bell,CA,Bakersfield,93308,-118.93570727811324,35.54750926545345,35.3529,-119.0359
Taco Bell,CA,Bakersfield,93308,-118.93570727811324,35.54750926545345,35.3529,-119.0359
Taco Bell,CA,Bakersfield,93309,-119.06629080215284,35.34358238567655,35.3529,-119.0359
Taco Bell,CA,Bakersfield,93308,-118.93570727811324,35.54750926545345,35.3529,-119.0359
Taco Bell,CA,Bakersfield,93307,-118.93633133062347,35.24845679136195,35.3529,-119.0359
Taco Bell,CA,Bakersfield,93306,-118.78981616888021,35.46364042848513,35.3529,-119.0359
Taco Bell,CA,Bakersfield,93313,-119.04635002603591,35.1632761099131,35.3529,-119.0359
Taco Bell,CA,Bakersfield,93309,-119.06629080215284,35.34358238567655,35.3529,-119.0359
Taco Bell,CA,Bakersfield,93312,-119.12045349303051,35.39347913141987,35.3529,-119.0359
Taco Bell,CA,Bakersfield,93311,-119.17444396052755,35.19415840666108,35.3529,-119.0359
Taco Bell,CA,Bakersfield,93314,-119.23632271366567,35.387933979549125,35.3529,-119.0359
Taco Bell,CA,Bakersfield,93306,-118.78981616888021,35.46364042848513,35.3529,-119.0359
Taco Bell,CA,Bakersfield,93308,-118.93570727811324,35.54750926545345,35.3529,-119.0359
Taco Bell,CA,Bakersfield,93313,-119.04635002603591,35.1632761099131,35.3529,-119.0359
Taco Bell,CA,Bakersfield,93314,-119.23632271366567,35.387933979549125,35.3529,-119.0359
Taco Bell,CA,Park,91706,-117.9681969992972,34.09640553017888,,
Taco Bell,CA,Banning,92220,-116.83238475440564,33.94895622279944,33.946,-116.8992
Taco Bell,CA,Barstow,92311,-116.98114566257787,34.97826186145361,34.8661,-117.0471
Taco Bell,CA,Point,94565,-121.90706016366484,38.01581721110216,,
Taco Bell,CA,Beaumont,92223,-116.98802123658132,33.94834282216538,30.0849,-94.1451
Taco Bell,CA,Gardens,90201,-118.17090913790477,33.97074009662653,,
Taco Bell,CA,Bellflower,90706,-118.12708257930035,33.888028463957504,33.888,-118.1271
Taco Bell,CA,Bellflower,90706,-118.12708257930035,33.888028463957504,33.888,-118.1271
Taco Bell,CA,Benicia,94510,-122.13200502635355,38.09401253454459,38.0725,-122.1526
Taco Bell,CA,Berkeley,94704,-122.25803920456393,37.86652729019942,37.8722,-122.276
Taco Bell,CA,Lake,92315,-116.90515482406194,34.235000794434974,,
Taco Bell,CA,Bishop,93514,-118.40476833234953,37.50138039503132,,
Taco Bell,CA,Bloomington,92316,-117.39065978870467,34.05909382844224,40.4757,-88.9703
Taco Bell,CA,Blythe,92225,-114.6680476179936,33.74641888805301,33.6219,-114.6195
Taco Bell,CA,Brawley,92227,-115.34866623168273,32.99024330754667,32.9783,-115.5287
Taco Bell,CA,Brea,92821,-117.88518177850203,33.92741406556089,33.9254,-117.8655
Taco Bell,CA,Brentwood,94513,-121.67507820525648,37.9233699191653,37.9356,-121.719
Taco Bell,CA,Brentwood,94513,-121.67507820525648,37.9233699191653,37.9356,-121.719
Taco Bell,CA,Buellton,93427,-120.22382132447181,34.60888579604026,,
Taco Bell,CA,Park,90620,-118.01170594705769,33.846150423299456,,
Taco Bell,CA,Park,90621,-117.99346277705135,33.87424165421443,,
Taco Bell,CA,Park,90620,-118.01170594705769,33.846150423299456,,
Taco Bell,CA,Park,90620,-118.01170594705769,33.846150423299456,,
Taco Bell,CA,Burbank,91505,-118.34683490973217,34.174760952818744,34.1879,-118.3235
Taco Bell,CA,Burbank,91506,-118.32391397180704,34.17118886940898,34.1879,-118.3235
Taco Bell,CA,Burbank,91504,-118.32695486169577,34.204515824013065,34.1879,-118.3235
Taco Bell,CA,Buttonwillow,93206,-119.47435148255776,35.44106877733274,,
Taco Bell,CA,Cabazon,92230,-116.76597799146043,33.910598457853816,,
Taco Bell,CA,Calexico,92231,-115.54116535910077,32.68762975472935,32.6849,-115.4944
Taco Bell,CA,Calexico,92231,-115.54116535910077,32.68762975472935,32.6849,-115.4944
Taco Bell,CA,Calimesa,92320,-117.05210091870879,33.99046803260979,33.9874,-117.0542
Taco Bell,CA,Camarillo,93010,-119.07464249357861,34.229804697778086,34.223,-119.0321
Taco Bell,CA,Camarillo,93012,-118.9979750082118,34.20327124759019,34.223,-119.0321
Taco Bell,CA,Park,95682,-120.9663471650816,38.61111199095441,,
Taco Bell,CA,Campbell,95008,-121.95502217779563,37.279690568055976,37.2802,-121.9539
Taco Bell,CA,Park,91304,-118.63245409590739,34.22461724069976,,
Taco Bell,CA,Park,91307,-118.66221379774896,34.201637174213765,,
Taco Bell,CA,Park,91303,-118.60152665714233,34.19792019655786,,
Taco Bell,CA,Country,91351,-118.46292627585512,34.433219369862485,,
Taco Bell,CA,Carlsbad,92008,-117.31878067885401,33.14424595286206,33.1246,-117.2834
Taco Bell,CA,Carlsbad,92011,-117.29425152748978,33.10723230198346,33.1246,-117.2834
Taco Bell,CA,Carmichael,95608,-121.3282393851939,38.625831012653485,38.6318,-121.3263
Taco Bell,CA,Carpinteria,93013,-119.49421957581295,34.439847375462776,34.3962,-119.5118
Taco Bell,CA,Carson,90745,-118.26440934714402,33.82125694174251,33.8374,-118.2559
Taco Bell,CA,Castaic,91384,-118.6863941885769,34.530719894914974,34.4818,-118.6316
Taco Bell,CA,Valley,94546,-122.0800390040582,37.71492498668613,32.8088,-85.181
Taco Bell,CA,City,92234,-116.46646494265075,33.81821295951395,,
Taco Bell,CA,City,92234,-116.46646494265075,33.81821295951395,,
Taco Bell,CA,City,92234,-116.46646494265075,33.81821295951395,,
Taco Bell,CA,Ceres,95307,-120.95136987155536,37.554321135362265,37.5952,-120.962
Taco Bell,CA,Chatsworth,91311,-118.6074372745216,34.289367249114854,,
Taco Bell,CA,Chico,95926,-121.84383082987617,39.74562678599957,39.7578,-121.8161
Taco Bell,CA,Chico,95926,-121.84383082987617,39.74562678599957,39.7578,-121.8161
Taco Bell,CA,Chico,95928,-121.84453430871827,39.683782070748116,39.7578,-121.8161
Taco Bell,CA,Chino,91710,-117.68471482657834,34.00448362138518,33.9836,-117.6654
Taco Bell,CA,Hills,91709,-117.73600616669248,33.96432939961758,,
Taco Bell,CA,Hills,91709,-117.73600616669248,33.96432939961758,,
Taco Bell,CA,Chowchilla,93610,-120.287743534361,37.092316940086064,37.1095,-120.2349
Taco Bell,CA,Vista,91910,-117.0571076679111,32.63826252756405,33.1896,-117.2386
Taco Bell,CA,Vista,91910,-117.0571076679111,32.63826252756405,33.1896,-117.2386
Taco Bell,CA,Vista,91913,-116.98705701849,32.62002830616679,33.1896,-117.2386
Taco Bell,CA,Heights,95610,-121.27176856323781,38.694911203457444,,
Taco Bell,CA,Heights,95621,-121.30829043752813,38.69572035708973,,
Taco Bell,CA,Heights,95621,-121.30829043752813,38.69572035708973,,
Taco Bell,CA,Clearlake,95422,-122.62312010630993,38.976280521764195,38.9589,-122.633
Taco Bell,CA,Cloverdale,95425,-123.04215555916312,38.81932003792209,38.7962,-123.0152
Taco Bell,CA,Clovis,93612,-119.710596546137,36.81487654314449,36.8278,-119.683
Taco Bell,CA,Clovis,93612,-119.710596546137,36.81487654314449,36.8278,-119.683
Taco Bell,CA,Clovis,93612,-119.710596546137,36.81487654314449,36.8278,-119.683
Taco Bell,CA,Clovis,93611,-119.68022854335928,36.82528836003378,36.8278,-119.683
Taco Bell,CA,Clovis,93611,-119.68022854335928,36.82528836003378,36.8278,-119.683
Taco Bell,CA,Coachella,92236,-116.17291551615739,33.686146454176395,33.6905,-116.143
Taco Bell,CA,Coachella,92236,-116.17291551615739,33.686146454176395,33.6905,-116.143
Taco Bell,CA,Coachella,92236,-116.17291551615739,33.686146454176395,33.6905,-116.143
Taco Bell,CA,Coalinga,93210,-120.4230929230555,36.19943271224698,36.142,-120.3242
Taco Bell,CA,Coalinga,93210,-120.4230929230555,36.19943271224698,36.142,-120.3242
Taco Bell,CA,Colfax,95713,-120.91606192458026,39.08997326674582,,
Taco Bell,CA,Compton,90220,-118.23606372522643,33.88076990708153,33.893,-118.2274
Taco Bell,CA,Compton,90220,-118.23606372522643,33.88076990708153,33.893,-118.2274
Taco Bell,CA,Concord,94521,-121.95618806290486,37.956010216954006,37.9722,-122.0016
Taco Bell,CA,Concord,94520,-122.04064998559159,37.99545133920654,37.9722,-122.0016
Taco Bell,CA,Concord,94520,-122.04064998559159,37.99545133920654,37.9722,-122.0016
Taco Bell,CA,Concord,94520,-122.04064998559159,37.99545133920654,37.9722,-122.0016
Taco Bell,CA,Concord,94520,-122.04064998559159,37.99545133920654,37.9722,-122.0016
Taco Bell,CA,Corcoran,93212,-119.52775587184065,36.04218151735727,36.0841,-119.5613
Taco Bell,CA,Corning,96021,-122.26528693923522,39.926479554815366,42.147,-77.0561
Taco Bell,CA,Corona,92880,-117.609687850802,33.920770341817,33.8616,-117.5649
Taco Bell,CA,Corona,92882,-117.60422813579422,33.84192190494666,33.8616,-117.5649
Taco Bell,CA,Corona,92879,-117.53547618064553,33.879770511283745,33.8616,-117.5649
Taco Bell,CA,Corona,92882,-117.60422813579422,33.84192190494666,33.8616,-117.5649
Taco Bell,CA,Corona,92881,-117.51991534898812,33.82399871174949,33.8616,-117.5649
Taco Bell,CA,Corona,92881,-117.51991534898812,33.82399871174949,33.8616,-117.5649
Taco Bell,CA,Coronado,92118,-117.17699455841813,32.671117970684094,32.6649,-117.1604
Taco Bell,CA,Mesa,92626,-117.90838572600853,33.678923281676255,33.4015,-111.7178
Taco Bell,CA,Mesa,92626,-117.90838572600853,33.678923281676255,33.4015,-111.7178
Taco Bell,CA,Mesa,92626,-117.90838572600853,33.678923281676255,33.4015,-111.7178
Taco Bell,CA,Covina,91722,-117.90619902153075,34.09725702259883,34.0903,-117.8818
Taco Bell,CA,Covina,91723,-117.886468412156,34.08475718946091,34.0903,-117.8818
Taco Bell,CA,Cudahy,90201,-118.17090913790477,33.97074009662653,33.9631,-118.183
Taco Bell,CA,City,90230,-118.39460181643058,33.99724272656826,,
Taco Bell,CA,Cypress,90630,-118.03816953971865,33.818112955382624,33.8171,-118.0386
Taco Bell,CA,City,94014,-122.44744004029663,37.69088526634459,,
Taco Bell,CA,City,94015,-122.48063623829701,37.68131544622806,,
Taco Bell,CA,City,94014,-122.44744004029663,37.69088526634459,,
Taco Bell,CA,Point,92629,-117.70549617404423,33.47471732354296,,
Taco Bell,CA,Danville,94526,-121.99153758828379,37.81442782877171,37.8121,-121.9698
Taco Bell,CA,Davis,95618,-121.6831479969137,38.54064543546654,38.5553,-121.737
Taco Bell,CA,Davis,95616,-121.79770961025413,38.55932956048683,38.5553,-121.737
Taco Bell,CA,Delano,93215,-119.19792127454153,35.776368967438444,35.7662,-119.2635
Taco Bell,CA,Delano,93215,-119.19792127454153,35.776368967438444,35.7662,-119.2635
Taco Bell,CA,Springs,92240,-116.52189632940842,33.953121874055704,41.0212,-72.1584
Taco Bell,CA,Bar,91765,-117.8144668484433,33.988273197141666,,
Taco Bell,CA,Dinuba,93618,-119.38942959006206,36.52101110832983,36.5453,-119.3987
Taco Bell,CA,Dixon,95620,-121.75294309950212,38.409754744963536,38.4469,-121.825
Taco Bell,CA,Downey,90240,-118.11870179894936,33.95681242001133,33.9379,-118.1311
Taco Bell,CA,Downey,90241,-118.12913915248012,33.940842615979655,33.9379,-118.1311
Taco Bell,CA,Downey,90242,-118.14145872394433,33.92211307741517,33.9379,-118.1311
Taco Bell,CA,Dublin,94568,-121.91468642401162,37.715240275108016,37.7161,-121.8963
Taco Bell,CA,Dublin,94568,-121.91468642401162,37.715240275108016,37.7161,-121.8963
Taco Bell,CA,Dunnigan,95937,-121.99904158758197,38.88524294014634,,
Taco Bell,CA,Angeles,90022,-118.15605919803609,34.02451632349697,,
Taco Bell,CA,Eastvale,92880,-117.609687850802,33.920770341817,33.9617,-117.5803
Taco Bell,CA,Edwards,93524,-117.90712672571038,34.931987353355574,39.6215,-106.6184
Taco Bell,CA,Cajon,92021,-116.87081792101654,32.835502055606774,,
Taco Bell,CA,Cajon,92020,-116.96976269684411,32.79551099081929,,
Taco Bell,CA,Cajon,92019,-116.8788761962508,32.77910427277852,,
Taco Bell,CA,Cajon,92020,-116.96976269684411,32.79551099081929,,
Taco Bell,CA,Cajon,92021,-116.87081792101654,32.835502055606774,,
Taco Bell,CA,Centro,92243,-115.59930708324912,32.77252195251387,,
Taco Bell,CA,Centro,92243,-115.59930708324912,32.77252195251387,,
Taco Bell,CA,Hills,95762,-121.05772929055037,38.67641385996212,,
Taco Bell,CA,Monte,91732,-118.01445158113438,34.07340510871323,,
Taco Bell,CA,Monte,91733,-118.05314573373438,34.04554615185456,,
Taco Bell,CA,Grove,95624,-121.30908225194779,38.43041269052681,,
Taco Bell,CA,Grove,95758,-121.44344748692343,38.42790195719687,,
Taco Bell,CA,Grove,95758,-121.44344748692343,38.42790195719687,,
Taco Bell,CA,Grove,95757,-121.43366844157204,38.343316660441,,
Taco Bell,CA,Encinitas,92024,-117.25844114083047,33.05620264972679,33.0492,-117.261
Taco Bell,CA,Escalon,95320,-121.0134630974843,37.82527316406409,,
Taco Bell,CA,Escondido,92025,-117.02934764064851,33.085306753770745,33.1348,-117.0723
Taco Bell,CA,Escondido,92027,-116.98429080242613,33.134482018853575,33.1348,-117.0723
Taco Bell,CA,Eureka,95501,-124.15095525319296,40.79811057519842,40.7943,-124.1564
Taco Bell,CA,Exeter,93221,-119.02604177066853,36.29499875991191,40.3139,-75.834
Taco Bell,CA,Oaks,95628,-121.25429005220207,38.65196923242223,,
Taco Bell,CA,Oaks,95628,-121.25429005220207,38.65196923242223,,
Taco Bell,CA,Fairfield,94534,-122.13141651022485,38.24227435572725,38.2583,-122.0335
Taco Bell,CA,Fairfield,94534,-122.13141651022485,38.24227435572725,38.2583,-122.0335
Taco Bell,CA,Fairfield,94533,-122.00674831443084,38.28058039681186,38.2583,-122.0335
Taco Bell,CA,Fallbrook,92028,-117.21250925956848,33.38810695492868,33.3693,-117.2259
Taco Bell,CA,Farmersville,93223,-119.20488928741548,36.30454300857946,36.305,-119.2083
Taco Bell,CA,Fillmore,93015,-118.89654856270167,34.40573483526723,34.3989,-118.9174
Taco Bell,CA,Folsom,95630,-121.14179771943891,38.66706911814205,38.6668,-121.1422
Taco Bell,CA,Folsom,95630,-121.14179771943891,38.66706911814205,38.6668,-121.1422
Taco Bell,CA,Folsom,95630,-121.14179771943891,38.66706911814205,38.6668,-121.1422
Taco Bell,CA,Fontana,92335,-117.46544800133455,34.087178291495256,34.0968,-117.4599
Taco Bell,CA,Fontana,92335,-117.46544800133455,34.087178291495256,34.0968,-117.4599
Taco Bell,CA,Fontana,92336,-117.46396884321426,34.14653137312078,34.0968,-117.4599
Taco Bell,CA,Fontana,92336,-117.46396884321426,34.14653137312078,34.0968,-117.4599
Taco Bell,CA,Fontana,92336,-117.46396884321426,34.14653137312078,34.0968,-117.4599
Taco Bell,CA,Ranch,92610,-117.67603836782878,33.696178979814505,,
Taco Bell,CA,Bragg,95437,-123.73299698971115,39.45614370059891,,
Taco Bell,CA,Irwin,92310,-116.69032345727351,35.26146011958248,,
Taco Bell,CA,City,94404,-122.26887192334941,37.55596645309005,,
Taco Bell,CA,Valley,92708,-117.95119421127941,33.710489931987176,32.8088,-85.181
Taco Bell,CA,Valley,92708,-117.95119421127941,33.710489931987176,32.8088,-85.181
Taco Bell,CA,Fowler,93625,-119.6718693984132,36.62454043338173,,
Taco Bell,CA,Freedom,95019,-121.78313407741398,36.93553805855992,,
Taco Bell,CA,Fremont,94538,-121.96360152652746,37.506204695902824,37.5265,-121.9843
Taco Bell,CA,Fremont,94536,-121.98537648027717,37.57131941433455,37.5265,-121.9843
Taco Bell,CA,Fremont,94538,-121.96360152652746,37.506204695902824,37.5265,-121.9843
Taco Bell,CA,Fresno,93726,-119.76144805453004,36.793655513055754,36.783,-119.7939
Taco Bell,CA,Fresno,93720,-119.76159040310372,36.86031435564202,36.783,-119.7939
Taco Bell,CA,Fresno,93710,-119.76023938387894,36.8223427305296,36.783,-119.7939
Taco Bell,CA,Fresno,93740,,,36.783,-119.7939
Taco Bell,CA,Fresno,93702,-119.75393886932646,36.739178044011304,36.783,-119.7939
Taco Bell,CA,Fresno,93711,-119.8312256525031,36.83455661350966,36.783,-119.7939
Taco Bell,CA,Fresno,93727,-119.68058477677583,36.75154987054589,36.783,-119.7939
Taco Bell,CA,Fresno,93703,-119.76239486929774,36.76885845614574,36.783,-119.7939
Taco Bell,CA,Fresno,93722,-119.87725757507918,36.80097257785049,36.783,-119.7939
Taco Bell,CA,Fresno,93703,-119.76239486929774,36.76885845614574,36.783,-119.7939
Taco Bell,CA,Fresno,93722,-119.87725757507918,36.80097257785049,36.783,-119.7939
Taco Bell,CA,Fresno,93711,-119.8312256525031,36.83455661350966,36.783,-119.7939
Taco Bell,CA,Fresno,93727,-119.68058477677583,36.75154987054589,36.783,-119.7939
Taco Bell,CA,Fresno,93722,-119.87725757507918,36.80097257785049,36.783,-119.7939
Taco Bell,CA,Fresno,93710,-119.76023938387894,36.8223427305296,36.783,-119.7939
Taco Bell,CA,Fresno,93728,-119.81848415245553,36.75729418040188,36.783,-119.7939
Taco Bell,CA,Fresno,93720,-119.76159040310372,36.86031435564202,36.783,-119.7939
Taco Bell,CA,Fresno,93727,-119.68058477677583,36.75154987054589,36.783,-119.7939
Taco Bell,CA,Fresno,93706,-119.90656933181116,36.652076190568195,36.783,-119.7939
Taco Bell,CA,Fresno,93710,-119.76023938387894,36.8223427305296,36.783,-119.7939
Taco Bell,CA,Fullerton,92832,-117.92900997930624,33.868617404543635,33.8841,-117.9279
Taco Bell,CA,Fullerton,92831,-117.89634025281589,33.87976817802598,33.8841,-117.9279
Taco Bell,CA,Fullerton,92833,-117.96173462273019,33.87932106798732,33.8841,-117.9279
Taco Bell,CA,Fullerton,92832,-117.92900997930624,33.868617404543635,33.8841,-117.9279
Taco Bell,CA,Galt,95632,-121.25962853046263,38.27433946063675,38.2698,-121.3004
Taco Bell,CA,Galt,95632,-121.25962853046263,38.27433946063675,38.2698,-121.3004
Taco Bell,CA,Grove,92844,-117.9694624350437,33.7654617987069,,
Taco Bell,CA,Grove,92845,-118.02628179444551,33.783111564306374,,
Taco Bell,CA,Grove,92843,-117.93144917851913,33.7639311687854,,
Taco Bell,CA,Grove,92843,-117.93144917851913,33.7639311687854,,
Taco Bell,CA,Gardena,90249,-118.317052900945,33.90148675932987,33.8943,-118.3072
Taco Bell,CA,Gardena,90247,-118.29737109533433,33.89135019000153,33.8943,-118.3072
Taco Bell,CA,Gilroy,95020,-121.54992540508435,37.01425631423668,37.0046,-121.5854
Taco Bell,CA,Gilroy,95020,-121.54992540508435,37.01425631423668,37.0046,-121.5854
Taco Bell,CA,Glendale,91204,-118.26093461301879,34.13619407604544,33.5791,-112.2311
Taco Bell,CA,Glendale,91201,-118.2890889023261,34.17028563338834,33.5791,-112.2311
Taco Bell,CA,Glendale,91205,-118.24333700640999,34.13668072786859,33.5791,-112.2311
Taco Bell,CA,Glendora,91740,-117.85383638344196,34.118778233330076,34.1449,-117.8467
Taco Bell,CA,Glendora,91740,-117.85383638344196,34.118778233330076,34.1449,-117.8467
Taco Bell,CA,Goleta,93117,-120.08269137923692,34.490962562795445,34.4361,-119.8594
Taco Bell,CA,Goleta,93117,-120.08269137923692,34.490962562795445,34.4361,-119.8594
Taco Bell,CA,Gonzales,93926,-121.4077157358668,36.52921121302094,30.2132,-90.9234
Taco Bell,CA,Hills,91344,-118.50751495270406,34.2939175755238,,
Taco Bell,CA,Terrace,92313,-117.31292321783627,34.03100543994443,,
Taco Bell,CA,Bay,95746,-121.1810312069342,38.751267014997495,,
Taco Bell,CA,Bay,95746,-121.1810312069342,38.751267014997495,,
Taco Bell,CA,Valley,95945,-120.97701598943206,39.19509410390267,32.8088,-85.181
Taco Bell,CA,Greenfield,93927,-121.37716284467629,36.23357714651808,42.9619,-88.0052
Taco Bell,CA,Gridley,95948,-121.7603730793746,39.343731570467675,,
Taco Bell,CA,Beach,93433,-120.61950778272754,35.120672324353734,,
Taco Bell,CA,Heights,91745,-117.97318347153258,33.99928682539878,,
Taco Bell,CA,Hanford,93230,-119.62298718808177,36.28800456085086,36.3274,-119.6549
Taco Bell,CA,Hanford,93230,-119.62298718808177,36.28800456085086,36.3274,-119.6549
Taco Bell,CA,Hanford,93230,-119.62298718808177,36.28800456085086,36.3274,-119.6549
Taco Bell,CA,Hawthorne,90250,-118.3493018873024,33.91431633533364,33.9147,-118.3476
Taco Bell,CA,Hawthorne,90250,-118.3493018873024,33.91431633533364,33.9147,-118.3476
Taco Bell,CA,Hawthorne,90250,-118.3493018873024,33.91431633533364,33.9147,-118.3476
Taco Bell,CA,Hayward,94544,-122.05720574457739,37.633822875299614,37.6328,-122.0766
Taco Bell,CA,Hayward,94542,-122.03715832154676,37.65988741077116,37.6328,-122.0766
Taco Bell,CA,Hayward,94544,-122.05720574457739,37.633822875299614,37.6328,-122.0766
Taco Bell,CA,Hayward,94541,-122.08513750058162,37.67430154341165,37.6328,-122.0766
Taco Bell,CA,Hemet,92544,-116.88204219255593,33.646252268270686,33.7341,-116.9969
Taco Bell,CA,Hemet,92545,-117.03417424464902,33.729687581938016,33.7341,-116.9969
Taco Bell,CA,Hemet,92544,-116.88204219255593,33.646252268270686,33.7341,-116.9969
Taco Bell,CA,Hercules,94547,-122.2643218486693,38.00902149076452,38.0064,-122.2564
Taco Bell,CA,Hesperia,92345,-117.3094078261886,34.382136652317996,34.3975,-117.3147
Taco Bell,CA,Hesperia,92345,-117.3094078261886,34.382136652317996,34.3975,-117.3147
Taco Bell,CA,Highland,92346,-117.17999811825288,34.1242965813399,34.1113,-117.165
Taco Bell,CA,Highland,92346,-117.17999811825288,34.1242965813399,34.1113,-117.165
Taco Bell,CA,Park,90042,-118.1919497078552,34.1146263803533,,
Taco Bell,CA,Hilmar,95324,-120.89378779660908,37.395071218995646,,
Taco Bell,CA,Hollister,95023,-121.3512670913224,36.89992048991153,36.8555,-121.3986
Taco Bell,CA,Hollister,95023,-121.3512670913224,36.89992048991153,36.8555,-121.3986
Taco Bell,CA,Hollywood,90028,-118.32691181952906,34.099911848277,26.0293,-80.1679
Taco Bell,CA,Beach,92647,-118.00672711443293,33.72347875185735,,
Taco Bell,CA,Beach,92646,-117.9681735448737,33.66291762055995,,
Taco Bell,CA,Beach,92648,-118.01455341245895,33.68019437954841,,
Taco Bell,CA,Beach,92647,-118.00672711443293,33.72347875185735,,
Taco Bell,CA,Beach,92649,-118.05143458251396,33.72556937445602,,
Taco Bell,CA,Park,90255,-118.21724530638497,33.97699740418598,,
Taco Bell,CA,Indio,92203,-116.2464910519782,33.75395749285059,33.7346,-116.2346
Taco Bell,CA,Inglewood,90303,-118.33230992443644,33.9380475766542,33.9566,-118.3444
Taco Bell,CA,Inglewood,90304,-118.35855861588814,33.937886502165696,33.9566,-118.3444
Taco Bell,CA,Irvine,92612,-117.8264106247927,33.66074739908817,33.6772,-117.7738
Taco Bell,CA,Irvine,92606,-117.81722634327913,33.70042753090061,33.6772,-117.7738
Taco Bell,CA,Jackson,95642,-120.761033435085,38.34263714150877,32.3157,-90.2125
Taco Bell,CA,Jamestown,95327,-120.47966625648812,37.8607216665507,42.0976,-79.2367
Taco Bell,CA,Kerman,93630,-120.12958158529929,36.72116453157061,36.7248,-120.0625
Taco Bell,CA,City,93239,-119.94600199667505,35.97538016250779,,
Taco Bell,CA,City,93930,-121.03097013018099,36.21474198654563,,
Taco Bell,CA,Beach,96143,-120.0250096458877,39.2512622856119,,
Taco Bell,CA,Kingsburg,93631,-119.52085870707901,36.47562146817957,36.5244,-119.5602
Taco Bell,CA,Flintridge,91011,-118.20513846984413,34.22165385117949,,
Taco Bell,CA,Habra,90631,-117.9513432820026,33.94245851848778,,
Taco Bell,CA,Habra,90631,-117.9513432820026,33.94245851848778,,
Taco Bell,CA,Mirada,90638,-118.00920908323563,33.902418738915635,,
Taco Bell,CA,Mirada,90638,-118.00920908323563,33.902418738915635,,
Taco Bell,CA,Puente,91744,-117.93731635602968,34.028874798761386,,
Taco Bell,CA,Quinta,92253,-116.27869032395517,33.65398340119567,,
Taco Bell,CA,Verne,91750,-117.77273978308598,34.16087984737118,,
Taco Bell,CA,Lafayette,94549,-122.11662463733528,37.89746313158726,30.2082,-92.0325
Taco Bell,CA,Hills,92653,-117.69847781461525,33.591560824397824,,
Taco Bell,CA,Niguel,92677,-117.70519909604813,33.52763196293943,,
Taco Bell,CA,Niguel,92677,-117.70519909604813,33.52763196293943,,
Taco Bell,CA,Elsinore,92530,-117.37509035646022,33.65052711007247,,
Taco Bell,CA,Elsinore,92530,-117.37509035646022,33.65052711007247,,
Taco Bell,CA,Elsinore,92532,-117.30320685664128,33.69269823046569,,
Taco Bell,CA,Forest,92630,-117.68517485683955,33.64466982473886,37.3728,-79.2831
Taco Bell,CA,Isabella,93240,-118.44268862006825,35.613601763968795,,
Taco Bell,CA,Lakeport,95453,-122.93730664410128,39.045612656025696,,
Taco Bell,CA,Lakeside,92040,-116.88480625889851,32.90752848033131,30.1356,-81.7674
Taco Bell,CA,Lakewood,90713,-118.11260138792153,33.847990388128004,39.6977,-105.1172
Taco Bell,CA,Lakewood,90712,-118.14673971943905,33.84896954916725,39.6977,-105.1172
Taco Bell,CA,Lancaster,93535,-117.87826602032537,34.713089349455025,40.042,-76.3012
Taco Bell,CA,Lancaster,93534,-118.15119709495822,34.715710533330295,40.042,-76.3012
Taco Bell,CA,Lancaster,93534,-118.15119709495822,34.715710533330295,40.042,-76.3012
Taco Bell,CA,Lancaster,93536,-118.3686348595667,34.747053060364934,40.042,-76.3012
Taco Bell,CA,Lathrop,95330,-121.31051887765649,37.8135232155178,37.809,-121.3131
Taco Bell,CA,Lawndale,90260,-118.3512993322879,33.888296627509945,33.8884,-118.3531
Taco Bell,CA,Lebec,93243,-118.8014057774321,34.776879865459534,,
Taco Bell,CA,Grove,91945,-117.03417546617743,32.733168393909686,,
Taco Bell,CA,Lemoore,93245,-119.82875931184839,36.295183655555,36.2949,-119.7983
Taco Bell,CA,Lincoln,95648,-121.31169779379134,38.92541572833644,40.8099,-96.6784
Taco Bell,CA,Lindsay,93247,-119.06996784438327,36.204567272097584,36.2082,-119.0897
Taco Bell,CA,Livermore,94550,-121.60113794977,37.52907739211102,37.6868,-121.7607
Taco Bell,CA,Livermore,94551,-121.77005061534221,37.75263413360049,37.6868,-121.7607
Taco Bell,CA,Livingston,95334,-120.74312481944801,37.34807287359111,40.7855,-74.3291
Taco Bell,CA,Lockeford,95237,-121.149810805105,38.16166467467015,,
Taco Bell,CA,Lodi,95240,-121.14901820622532,38.11306759436343,38.1218,-121.2932
Taco Bell,CA,Lodi,95242,-121.393592789608,38.13457593266511,38.1218,-121.2932
Taco Bell,CA,Lodi,95240,-121.14901820622532,38.11306759436343,38.1218,-121.2932
Taco Bell,CA,Lomita,90717,-118.31717258712612,33.793804831745064,33.7933,-118.3175
Taco Bell,CA,Lompoc,93436,-120.39726240580195,34.60521904663759,34.6618,-120.4714
Taco Bell,CA,Beach,90805,-118.18053983353666,33.86491139714748,,
Taco Bell,CA,Beach,90815,-118.11625306446514,33.79584010571785,,
Taco Bell,CA,Beach,90805,-118.18053983353666,33.86491139714748,,
Taco Bell,CA,Beach,90808,-118.11242517092796,33.82408469419491,,
Taco Bell,CA,Beach,90803,-118.13074567761336,33.755294734448114,,
Taco Bell,CA,Beach,90806,-118.18758520616163,33.80449849349973,,
Taco Bell,CA,Beach,90804,-118.14859362118189,33.78185510752827,,
Taco Bell,CA,Beach,90813,-118.19691280844188,33.78236229067635,,
Taco Bell,CA,Beach,90810,-118.2210894942018,33.81891138126505,,
Taco Bell,CA,Loomis,95650,-121.17076250480937,38.812877364370344,,
Taco Bell,CA,Angeles,90057,-118.27709903868625,34.06215753648184,,
Taco Bell,CA,Angeles,90047,-118.30900381935906,33.95448452412835,,
Taco Bell,CA,Angeles,90041,-118.20763932495728,34.1375766121326,,
Taco Bell,CA,Angeles,90059,-118.24962686068044,33.926311163232256,,
Taco Bell,CA,Angeles,90008,-118.34706909611884,34.009605103713376,,
Taco Bell,CA,Angeles,90029,-118.29466040174704,34.08984807602207,,
Taco Bell,CA,Angeles,90038,-118.32652818765418,34.08875075207428,,
Taco Bell,CA,Angeles,90017,-118.26433978354122,34.05291346421741,,
Taco Bell,CA,Angeles,90048,-118.37271117615786,34.072925508138376,,
Taco Bell,CA,Angeles,90016,-118.35456475932017,34.02876645750935,,
Taco Bell,CA,Angeles,90019,-118.33873623461365,34.048638388204125,,
Taco Bell,CA,Angeles,90024,-118.43502458631353,34.065739859027545,,
Taco Bell,CA,Angeles,90061,-118.27407003345975,33.92036223725145,,
Taco Bell,CA,Angeles,90043,-118.33522664652736,33.98885577487954,,
Taco Bell,CA,Angeles,90007,-118.28483005227294,34.02812674188387,,
Taco Bell,CA,Angeles,90016,-118.35456475932017,34.02876645750935,,
Taco Bell,CA,Angeles,90066,-118.43060501750459,34.00123151103905,,
Taco Bell,CA,Angeles,90003,-118.27371904295217,33.96413597144219,,
Taco Bell,CA,Angeles,90064,-118.42492540985144,34.036987383922735,,
Taco Bell,CA,Angeles,90011,-118.25866986436947,34.007069624121414,,
Taco Bell,CA,Angeles,90047,-118.30900381935906,33.95448452412835,,
Taco Bell,CA,Angeles,90007,-118.28483005227294,34.02812674188387,,
Taco Bell,CA,Angeles,90062,-118.30880632372607,34.00363839089894,,
Taco Bell,CA,Angeles,90033,-118.2116169762212,34.05102451988346,,
Taco Bell,CA,Angeles,90019,-118.33873623461365,34.048638388204125,,
Taco Bell,CA,Angeles,90001,-118.24950971693048,33.97402698503371,,
Taco Bell,CA,Angeles,90044,-118.29190350125756,33.95272966626346,,
Taco Bell,CA,Angeles,90005,-118.30689232118621,34.059162566707734,,
Taco Bell,CA,Angeles,90024,-118.43502458631353,34.065739859027545,,
Taco Bell,CA,Angeles,90034,-118.39945149698704,34.03070096100664,,
Taco Bell,CA,Angeles,90046,-118.3652193817573,34.10741638316006,,
Taco Bell,CA,Banos,93635,-120.84552637537196,37.069066816388954,,
Taco Bell,CA,Banos,93635,-120.84552637537196,37.069066816388954,,
Taco Bell,CA,Hills,93249,-119.87666849050683,35.688341782516055,,
Taco Bell,CA,Lynwood,90262,-118.20049785448028,33.92360146717618,33.924,-118.2016
Taco Bell,CA,Madera,93637,-120.18748563035457,36.91104289797673,36.963,-120.0778
Taco Bell,CA,Madera,93637,-120.18748563035457,36.91104289797673,36.963,-120.0778
Taco Bell,CA,Madera,93637,-120.18748563035457,36.91104289797673,36.963,-120.0778
Taco Bell,CA,Madera,93638,-120.03350839217134,37.04018565958839,36.963,-120.0778
Taco Bell,CA,Beach,90266,-118.40063574901649,33.88966005359436,,
Taco Bell,CA,Manteca,95336,-121.1970049691893,37.832326533021565,37.7927,-121.2264
Taco Bell,CA,Manteca,95336,-121.1970049691893,37.832326533021565,37.7927,-121.2264
Taco Bell,CA,Manteca,95337,-121.23853493094467,37.741653764460715,37.7927,-121.2264
Taco Bell,CA,Marina,93933,-121.78774363224944,36.687140476316955,36.681,-121.7892
Taco Bell,CA,Martinez,94553,-122.13500512660224,37.995391147503916,37.9985,-122.1161
Taco Bell,CA,Marysville,95901,-121.49154574885117,39.22184218169756,48.0809,-122.1561
Taco Bell,CA,Marysville,95901,-121.49154574885117,39.22184218169756,48.0809,-122.1561
Taco Bell,CA,Maywood,90270,-118.18614564089788,33.988064999901525,33.9886,-118.1877
Taco Bell,CA,McFarland,93250,-119.19746992997563,35.6657533820217,35.6781,-119.2413
Taco Bell,CA,McKinleyville,95519,-124.0478000379772,40.95634181517837,40.9488,-124.0857
Taco Bell,CA,Menifee,92584,-117.17550907215893,33.661589512844614,33.6909,-117.1849
Taco Bell,CA,Menifee,92584,-117.17550907215893,33.661589512844614,33.6909,-117.1849
Taco Bell,CA,Merced,95340,-120.42427897460065,37.33902531874078,37.3057,-120.4779
Taco Bell,CA,Merced,95340,-120.42427897460065,37.33902531874078,37.3057,-120.4779
Taco Bell,CA,Merced,95341,-120.51438382425796,37.23084349747179,37.3057,-120.4779
Taco Bell,CA,Millbrae,94030,-122.4029663632061,37.59975159650448,37.5994,-122.4023
Taco Bell,CA,Milpitas,95035,-121.8743034772583,37.44421355905767,37.4336,-121.8921
Taco Bell,CA,Milpitas,95035,-121.8743034772583,37.44421355905767,37.4336,-121.8921
Taco Bell,CA,Milpitas,95035,-121.8743034772583,37.44421355905767,37.4336,-121.8921
Taco Bell,CA,Loma,91752,-117.53397193019937,33.9957463739667,,
Taco Bell,CA,Viejo,92691,-117.6662532681567,33.61067674834221,,
Taco Bell,CA,Viejo,92691,-117.6662532681567,33.61067674834221,,
Taco Bell,CA,Viejo,92691,-117.6662532681567,33.61067674834221,,
Taco Bell,CA,Modesto,95354,-120.96595726041737,37.63818886084263,37.6375,-121.0028
Taco Bell,CA,Modesto,95356,-121.02531407477315,37.72038070522194,37.6375,-121.0028
Taco Bell,CA,Modesto,95356,-121.02531407477315,37.72038070522194,37.6375,-121.0028
Taco Bell,CA,Modesto,95357,-120.88050195630339,37.66796585157309,37.6375,-121.0028
Taco Bell,CA,Modesto,95355,-120.94700363965983,37.67283002174085,37.6375,-121.0028
Taco Bell,CA,Modesto,95350,-121.00731893268885,37.67190529278377,37.6375,-121.0028
Taco Bell,CA,Modesto,95351,-120.99640278361458,37.623220665928656,37.6375,-121.0028
Taco Bell,CA,Modesto,95355,-120.94700363965983,37.67283002174085,37.6375,-121.0028
Taco Bell,CA,Modesto,95351,-120.99640278361458,37.623220665928656,37.6375,-121.0028
Taco Bell,CA,Modesto,95350,-121.00731893268885,37.67190529278377,37.6375,-121.0028
Taco Bell,CA,Monrovia,91016,-118.00066788632526,34.15221935388422,34.165,-117.9921
Taco Bell,CA,Monrovia,91016,-118.00066788632526,34.15221935388422,34.165,-117.9921
Taco Bell,CA,Montclair,91763,-117.69830830000399,34.07233794120161,40.8253,-74.2111
Taco Bell,CA,Montebello,90640,-118.11075451392645,34.01505417222369,34.0155,-118.1108
Taco Bell,CA,Monterey,93940,-121.84433239598607,36.58019222309441,36.5919,-121.8808
Taco Bell,CA,Park,91754,-118.14460913706208,34.05099023560022,,
Taco Bell,CA,Moorpark,93021,-118.88420535693703,34.303489546786366,34.2861,-118.8768
Taco Bell,CA,Moraga,94556,-122.1149148203051,37.84065350821125,37.8439,-122.1225
Taco Bell,CA,Valley,92555,-117.11837809500804,33.90108992340798,32.8088,-85.181
Taco Bell,CA,Valley,92557,-117.25964730497263,33.970301689217706,32.8088,-85.181
Taco Bell,CA,Valley,92553,-117.24483674085758,33.92338017810085,32.8088,-85.181
Taco Bell,CA,Valley,92553,-117.24483674085758,33.92338017810085,32.8088,-85.181
Taco Bell,CA,Hill,95037,-121.59356795831572,37.16770249799288,,
Taco Bell,CA,Hill,95037,-121.59356795831572,37.16770249799288,,
Taco Bell,CA,Bay,93442,-120.80393520058614,35.40186017873779,,
Taco Bell,CA,View,94043,-122.07039393381446,37.41750687066946,,
Taco Bell,CA,Murrieta,92563,-117.14580317905116,33.58000721502833,33.5719,-117.1909
Taco Bell,CA,Murrieta,92563,-117.14580317905116,33.58000721502833,33.5719,-117.1909
Taco Bell,CA,Murrieta,92562,-117.34391227953738,33.551132475122486,33.5719,-117.1909
Taco Bell,CA,Napa,94558,-122.25644565957545,38.45489868793578,38.2975,-122.301
Taco Bell,CA,Napa,94559,-122.30798616837801,38.232914065608746,38.2975,-122.301
Taco Bell,CA,City,91950,-117.09417996288656,32.67004721504021,,
Taco Bell,CA,Newark,94560,-122.03099955002018,37.52036051098214,40.7245,-74.1725
Taco Bell,CA,Newark,94560,-122.03099955002018,37.52036051098214,40.7245,-74.1725
Taco Bell,CA,Park,91320,-118.94508872626331,34.17596710756423,,
Taco Bell,CA,Newhall,91321,-118.4860105853878,34.36908793002579,,
Taco Bell,CA,Beach,92660,-117.87450334103463,33.63376627803211,,
Taco Bell,CA,Beach,92663,-117.93264663262849,33.62240276935965,,
Taco Bell,CA,Beach,92663,-117.93264663262849,33.62240276935965,,
Taco Bell,CA,Nipomo,93444,-120.50427921444961,35.038443973202,35.0319,-120.4985
Taco Bell,CA,Norco,92860,-117.55169849213121,33.924644816523966,33.9252,-117.5498
Taco Bell,CA,Norco,92860,-117.55169849213121,33.924644816523966,33.9252,-117.5498
Taco Bell,CA,Highlands,95660,-121.37997780372297,38.67856075835217,41.3601,-74.0084
Taco Bell,CA,Highlands,95660,-121.37997780372297,38.67856075835217,41.3601,-74.0084
Taco Bell,CA,Hollywood,91605,-118.40034917280452,34.207159029738335,26.0293,-80.1679
Taco Bell,CA,Hollywood,91601,-118.37256405853344,34.16853930275036,26.0293,-80.1679
Taco Bell,CA,Hollywood,91601,-118.37256405853344,34.16853930275036,26.0293,-80.1679
Taco Bell,CA,Hollywood,91605,-118.40034917280452,34.207159029738335,26.0293,-80.1679
Taco Bell,CA,Northridge,91325,-118.51758898493942,34.23603127684875,,
Taco Bell,CA,Northridge,91325,-118.51758898493942,34.23603127684875,,
Taco Bell,CA,Norwalk,90650,-118.08261570278637,33.90680732711735,33.9069,-118.0829
Taco Bell,CA,Norwalk,90650,-118.08261570278637,33.90680732711735,33.9069,-118.0829
Taco Bell,CA,Norwalk,90650,-118.08261570278637,33.90680732711735,33.9069,-118.0829
Taco Bell,CA,Norwalk,90650,-118.08261570278637,33.90680732711735,33.9069,-118.0829
Taco Bell,CA,Novato,94945,-122.55788859506988,38.12795490653534,38.092,-122.5575
Taco Bell,CA,Novato,94945,-122.55788859506988,38.12795490653534,38.092,-122.5575
Taco Bell,CA,Oakdale,95361,-120.75708776401493,37.786463533851396,44.9876,-92.9641
Taco Bell,CA,Oakhurst,93644,-119.62883048080803,37.378578958560645,,
Taco Bell,CA,Oakland,94605,-122.14841087466124,37.76040176514105,37.7904,-122.2166
Taco Bell,CA,Oakland,94621,-122.21042767162304,37.735376820575674,37.7904,-122.2166
Taco Bell,CA,Oakland,94609,-122.26437133027558,37.83439082906445,37.7904,-122.2166
Taco Bell,CA,Oakland,94619,-122.13144277974942,37.777509849709396,37.7904,-122.2166
Taco Bell,CA,Oakland,94612,-122.26916575394432,37.80877230291613,37.7904,-122.2166
Taco Bell,CA,Oakley,94561,-121.69258690993887,37.99362297333501,37.9929,-121.6952
Taco Bell,CA,Oceanside,92054,-117.42859578724298,33.2694765090465,33.2247,-117.3083
Taco Bell,CA,Oceanside,92056,-117.28905245485251,33.20148759897716,33.2247,-117.3083
Taco Bell,CA,Oceanside,92057,-117.28727419783424,33.25408108515295,33.2247,-117.3083
Taco Bell,CA,Oceanside,92056,-117.28905245485251,33.20148759897716,33.2247,-117.3083
Taco Bell,CA,Oceanside,92054,-117.42859578724298,33.2694765090465,33.2247,-117.3083
Taco Bell,CA,Ojai,93023,-119.27446156813973,34.52399739034153,,
Taco Bell,CA,Ontario,91762,-117.64483051770695,34.02909709262172,34.0393,-117.6064
Taco Bell,CA,Ontario,91761,-117.59209123558628,34.03456531201087,34.0393,-117.6064
Taco Bell,CA,Ontario,91762,-117.64483051770695,34.02909709262172,34.0393,-117.6064
Taco Bell,CA,Ontario,91764,-117.60216602749794,34.07522972699784,34.0393,-117.6064
Taco Bell,CA,Ontario,91761,-117.59209123558628,34.03456531201087,34.0393,-117.6064
Taco Bell,CA,Ontario,91764,-117.60216602749794,34.07522972699784,34.0393,-117.6064
Taco Bell,CA,Orange,92869,-117.7866706702681,33.79599318242199,33.8038,-117.8218
Taco Bell,CA,Orange,92867,-117.82211468284629,33.81575372113502,33.8038,-117.8218
Taco Bell,CA,Orange,92868,-117.87629642850872,33.788091359707586,33.8038,-117.8218
Taco Bell,CA,Orange,92868,-117.87629642850872,33.788091359707586,33.8038,-117.8218
Taco Bell,CA,Orange,92865,-117.84901850341261,33.82887243967273,33.8038,-117.8218
Taco Bell,CA,Orangevale,95662,-121.21981707648132,38.68914486723929,38.6881,-121.2209
Taco Bell,CA,Orangevale,95662,-121.21981707648132,38.68914486723929,38.6881,-121.2209
Taco Bell,CA,Orcutt,93455,-120.42684101025854,34.8286462184913,34.8691,-120.4222
Taco Bell,CA,Orland,95963,-122.26209807069992,39.736351672277365,,
Taco Bell,CA,Oroville,95966,-121.42819101863837,39.47123805207537,39.4999,-121.5634
Taco Bell,CA,Oroville,95965,-121.5960360153058,39.59469700300641,39.4999,-121.5634
Taco Bell,CA,Oxnard,93030,-119.17483661255571,34.20533220581642,34.1964,-119.1815
Taco Bell,CA,Oxnard,93033,-119.12678120248971,34.15195268045179,34.1964,-119.1815
Taco Bell,CA,Oxnard,93030,-119.17483661255571,34.20533220581642,34.1964,-119.1815
Taco Bell,CA,Palisades,90272,-118.54222837276043,34.0787248687159,,
Taco Bell,CA,Pacifica,94044,-122.48095406565561,37.60529908842666,37.6113,-122.4782
Taco Bell,CA,Pacoima,91331,-118.4207836516246,34.255616761542335,,
Taco Bell,CA,Desert,92211,-116.33106925633501,33.76217325779813,,
Taco Bell,CA,Springs,92262,-116.56149860479746,33.860550256948585,41.0212,-72.1584
Taco Bell,CA,Palmdale,93550,-118.09169102412987,34.413249502205694,34.5944,-118.1057
Taco Bell,CA,Palmdale,93552,-118.02314150861237,34.571531840778015,34.5944,-118.1057
Taco Bell,CA,Palmdale,93550,-118.09169102412987,34.413249502205694,34.5944,-118.1057
Taco Bell,CA,Palmdale,93550,-118.09169102412987,34.413249502205694,34.5944,-118.1057
Taco Bell,CA,Alto,94303,-122.11856622593841,37.45080409696956,,
Taco Bell,CA,Alto,94303,-122.11856622593841,37.45080409696956,,
Taco Bell,CA,Paradise,95969,-121.64746031718434,39.71629370935177,36.0872,-115.1355
Taco Bell,CA,Paramount,90723,-118.16480601501246,33.89740814202722,33.8977,-118.1651
Taco Bell,CA,Parlier,93648,-119.5207294451562,36.6206367839762,36.6087,-119.5434
Taco Bell,CA,Pasadena,91103,-118.16597824234582,34.16899855438657,29.6575,-95.1498
Taco Bell,CA,Pasadena,91107,-118.08715052303495,34.158307081126196,29.6575,-95.1498
Taco Bell,CA,Pasadena,91107,-118.08715052303495,34.158307081126196,29.6575,-95.1498
Taco Bell,CA,Robles,93446,-120.73096414126715,35.663523106532004,,
Taco Bell,CA,Robles,93446,-120.73096414126715,35.663523106532004,,
Taco Bell,CA,Patterson,95363,-121.21671781064686,37.463490887731034,37.4758,-121.1536
Taco Bell,CA,Valley,95946,-121.201236166517,39.21534281656866,32.8088,-85.181
Taco Bell,CA,Perris,92571,-117.20460793477403,33.824254877363884,33.7898,-117.2233
Taco Bell,CA,Petaluma,94952,-122.75894419291178,38.23460163215314,38.2423,-122.6266
Taco Bell,CA,Phelan,92371,-117.54184436024954,34.44269185906246,34.4398,-117.5248
Taco Bell,CA,Rivera,90660,-118.09062084200768,33.9888087224417,,
Taco Bell,CA,Pinole,94564,-122.28216831832802,37.9933727298064,37.9931,-122.2833
Taco Bell,CA,Beach,93449,-120.65227520092628,35.15784883503483,,
Taco Bell,CA,Pittsburg,94565,-121.90706016366484,38.01581721110216,38.0182,-121.8965
Taco Bell,CA,Pittsburg,94565,-121.90706016366484,38.01581721110216,38.0182,-121.8965
Taco Bell,CA,Placentia,92870,-117.85519063581455,33.880797748305135,33.8807,-117.8553
Taco Bell,CA,Placerville,95667,-120.7898585749226,38.73525114927532,38.7308,-120.7979
Taco Bell,CA,Hill,94523,-122.07614097985756,37.95413301975971,,
Taco Bell,CA,Hill,94523,-122.07614097985756,37.95413301975971,,
Taco Bell,CA,Pleasanton,94588,-121.88188825510449,37.73738345968676,37.6663,-121.8805
Taco Bell,CA,Pleasanton,94588,-121.88188825510449,37.73738345968676,37.6663,-121.8805
Taco Bell,CA,Pomona,91767,-117.7384807217916,34.081455308997846,34.0585,-117.7626
Taco Bell,CA,Pomona,91767,-117.7384807217916,34.081455308997846,34.0585,-117.7626
Taco Bell,CA,Hueneme,93041,-119.14549010550361,34.128756712114324,,
Taco Bell,CA,Hueneme,93041,-119.14549010550361,34.128756712114324,,
Taco Bell,CA,Porterville,93257,-118.87180056021933,35.98375135832538,36.0643,-119.0338
Taco Bell,CA,Porterville,93257,-118.87180056021933,35.98375135832538,36.0643,-119.0338
Taco Bell,CA,Poway,92064,-117.01934443932748,32.98408030100097,32.9871,-117.0201
Taco Bell,CA,Prunedale,93907,-121.66775919030567,36.76957349086095,36.8064,-121.6555
Taco Bell,CA,Ramona,92065,-116.845621509863,33.05145978287,33.0474,-116.8766
Taco Bell,CA,Cordova,95670,-121.27999630491169,38.604728422846364,,
Taco Bell,CA,Cordova,95670,-121.27999630491169,38.604728422846364,,
Taco Bell,CA,Cordova,95670,-121.27999630491169,38.604728422846364,,
Taco Bell,CA,Cucamonga,91730,-117.57850092977239,34.099527169723224,,
Taco Bell,CA,Cucamonga,91701,-117.60000467141788,34.137616332657586,,
Taco Bell,CA,Cucamonga,91739,-117.51817757780914,34.17052158292397,,
Taco Bell,CA,Murieta,95683,-121.1014862541448,38.50767379279587,,
Taco Bell,CA,Margarita,92688,-117.61229296475693,33.62007276034572,,
Taco Bell,CA,Margarita,92688,-117.61229296475693,33.62007276034572,,
Taco Bell,CA,Bluff,96080,-122.38166315624612,40.16516155775223,,
Taco Bell,CA,Redding,96002,-122.31734564081626,40.53020703987869,40.5698,-122.365
Taco Bell,CA,Redding,96001,-122.46004431957863,40.59652097109023,40.5698,-122.365
Taco Bell,CA,Redding,96003,-122.23871707210492,40.743742400224065,40.5698,-122.365
Taco Bell,CA,Redlands,92374,-117.17204204489222,34.06653672532811,34.0512,-117.1712
Taco Bell,CA,Beach,90278,-118.37036057205182,33.8732156835079,,
Taco Bell,CA,City,94061,-122.236941665773,37.4615169572415,,
Taco Bell,CA,City,94063,-122.20804667918037,37.495115038795085,,
Taco Bell,CA,Reedley,93654,-119.40292557923371,36.657123231324114,36.5988,-119.4471
Taco Bell,CA,Reseda,91335,-118.54068049094072,34.20105285067702,,
Taco Bell,CA,Rialto,92376,-117.37890497004554,34.11122375377457,34.1175,-117.3892
Taco Bell,CA,Richmond,94804,-122.34303393258055,37.915849291591144,37.5295,-77.4756
Taco Bell,CA,Ridgecrest,93555,-117.68498288525716,35.60748429711714,35.6308,-117.6622
Taco Bell,CA,Vista,94571,-121.74044854514538,38.158248775076004,33.1896,-117.2386
Taco Bell,CA,Ripon,95366,-121.12449290487808,37.762585849375746,37.7417,-121.131
Taco Bell,CA,Riverbank,95367,-120.9407737949948,37.72833751220723,37.726,-120.9433
Taco Bell,CA,Riverside,92509,-117.4449638981168,34.00324874514556,33.9381,-117.3949
Taco Bell,CA,Riverside,92504,-117.39662022045688,33.90246193494575,33.9381,-117.3949
Taco Bell,CA,Riverside,92508,-117.3267498747629,33.89115689071211,33.9381,-117.3949
Taco Bell,CA,Riverside,92507,-117.32488552892912,33.97102201549204,33.9381,-117.3949
Taco Bell,CA,Riverside,92505,-117.49435745728067,33.933240387938454,33.9381,-117.3949
Taco Bell,CA,Riverside,92503,-117.4448048317781,33.881637107165204,33.9381,-117.3949
Taco Bell,CA,Riverside,92508,-117.3267498747629,33.89115689071211,33.9381,-117.3949
Taco Bell,CA,Rocklin,95677,-121.2343583428891,38.79135937332987,38.8075,-121.2489
Taco Bell,CA,Rocklin,95765,-121.27809036539693,38.818600833305496,38.8075,-121.2489
Taco Bell,CA,Rocklin,95765,-121.27809036539693,38.818600833305496,38.8075,-121.2489
Taco Bell,CA,Park,94928,-122.69412860006813,38.3464220609701,,
Taco Bell,CA,Park,94928,-122.69412860006813,38.3464220609701,,
Taco Bell,CA,Rosamond,93560,-118.34086787859817,34.86639639387261,34.8658,-118.2155
Taco Bell,CA,Roseville,95678,-121.28750064218592,38.764012068946286,38.7703,-121.3196
Taco Bell,CA,Roseville,95747,-121.37295319669464,38.78142593423494,38.7703,-121.3196
Taco Bell,CA,Roseville,95661,-121.2491352057989,38.74130180265719,38.7703,-121.3196
Taco Bell,CA,Rubidoux,92509,-117.4449638981168,34.00324874514556,,
Taco Bell,CA,Sacramento,95828,-121.39583831430785,38.4887936772791,38.5677,-121.4685
Taco Bell,CA,Sacramento,95829,-121.33250721550766,38.48924328650789,38.5677,-121.4685
Taco Bell,CA,Sacramento,95826,-121.37912881285688,38.54514266593516,38.5677,-121.4685
Taco Bell,CA,Sacramento,95824,-121.44073893686151,38.51758281469918,38.5677,-121.4685
Taco Bell,CA,Sacramento,95822,-121.49559512592032,38.51277404865753,38.5677,-121.4685
Taco Bell,CA,Sacramento,95819,-121.43975352477139,38.5697128358164,38.5677,-121.4685
Taco Bell,CA,Sacramento,95820,-121.44437125791397,38.53487750495802,38.5677,-121.4685
Taco Bell,CA,Sacramento,95841,-121.3473905239155,38.66037148623479,38.5677,-121.4685
Taco Bell,CA,Sacramento,95823,-121.44345603593162,38.47410331760826,38.5677,-121.4685
Taco Bell,CA,Sacramento,95821,-121.38444928938856,38.62589392522128,38.5677,-121.4685
Taco Bell,CA,Sacramento,95823,-121.44345603593162,38.47410331760826,38.5677,-121.4685
Taco Bell,CA,Sacramento,95834,-121.52025493659544,38.64203739430138,38.5677,-121.4685
Taco Bell,CA,Sacramento,95831,-121.52937244606188,38.49592406063773,38.5677,-121.4685
Taco Bell,CA,Sacramento,95827,-121.32554060206688,38.55506108978861,38.5677,-121.4685
Taco Bell,CA,Sacramento,95834,-121.52025493659544,38.64203739430138,38.5677,-121.4685
Taco Bell,CA,Sacramento,95821,-121.38444928938856,38.62589392522128,38.5677,-121.4685
Taco Bell,CA,Sacramento,95815,-121.44733625913246,38.60548244569359,38.5677,-121.4685
Taco Bell,CA,Sacramento,95818,-121.49664661366427,38.55589459632277,38.5677,-121.4685
Taco Bell,CA,Sacramento,95825,-121.40635949338447,38.590355316555126,38.5677,-121.4685
Taco Bell,CA,Sacramento,95825,-121.40635949338447,38.590355316555126,38.5677,-121.4685
Taco Bell,CA,Sacramento,95823,-121.44345603593162,38.47410331760826,38.5677,-121.4685
Taco Bell,CA,Sacramento,95814,-121.49507167613339,38.58044535352878,38.5677,-121.4685
Taco Bell,CA,Sacramento,95833,-121.51590258316892,38.61565539929436,38.5677,-121.4685
Taco Bell,CA,Sacramento,95815,-121.44733625913246,38.60548244569359,38.5677,-121.4685
Taco Bell,CA,Sacramento,95833,-121.51590258316892,38.61565539929436,38.5677,-121.4685
Taco Bell,CA,Sacramento,95832,-121.49646616956134,38.44512081723562,38.5677,-121.4685
Taco Bell,CA,Salinas,93901,-121.62396643730332,36.63853694282088,36.6883,-121.6317
Taco Bell,CA,Salinas,93901,-121.62396643730332,36.63853694282088,36.6883,-121.6317
Taco Bell,CA,Salinas,93905,-121.60701322313218,36.68319822174556,36.6883,-121.6317
Taco Bell,CA,Salinas,93906,-121.63229041950434,36.722570944276406,36.6883,-121.6317
Taco Bell,CA,Bernardino,92408,-117.26581864418216,34.084518843788935,,
Taco Bell,CA,Bernardino,92407,-117.39082159161127,34.21658237466772,,
Taco Bell,CA,Bernardino,92405,-117.30130285315542,34.14462710069084,,
Taco Bell,CA,Bernardino,92408,-117.26581864418216,34.084518843788935,,
Taco Bell,CA,Carlos,94070,-122.27005800255473,37.497603427014575,,
Taco Bell,CA,Clemente,92673,-117.61208050053992,33.46687811587927,,
Taco Bell,CA,Clemente,92672,-117.60973355914864,33.42757895799071,,
Taco Bell,CA,Diego,92102,-117.11704976312008,32.71622147434357,,
Taco Bell,CA,Diego,92104,-117.12819321997604,32.74165372198412,,
Taco Bell,CA,Diego,92117,-117.1995205155319,32.824570515167075,,
Taco Bell,CA,Diego,92130,-117.20739108787056,32.94759091823668,,
Taco Bell,CA,Diego,92126,-117.14140346428314,32.90848701731455,,
Taco Bell,CA,Diego,92108,-117.14253584583403,32.77387379538591,,
Taco Bell,CA,Diego,92109,-117.23427706524231,32.78626904202588,,
Taco Bell,CA,Diego,92123,-117.1349418115469,32.806776971867095,,
Taco Bell,CA,Diego,92121,-117.20227990693523,32.899155556820375,,
Taco Bell,CA,Diego,92154,-117.00286658419759,32.567589537781345,,
Taco Bell,CA,Diego,92115,-117.07175789731365,32.761395027861084,,
Taco Bell,CA,Diego,92111,-117.16888380002446,32.80644548914224,,
Taco Bell,CA,Diego,92110,-117.19990710386304,32.765097678564985,,
Taco Bell,CA,Diego,92128,-117.07177861027917,32.99946183891333,,
Taco Bell,CA,Diego,92117,-117.1995205155319,32.824570515167075,,
Taco Bell,CA,Diego,92154,-117.00286658419759,32.567589537781345,,
Taco Bell,CA,Dimas,91773,-117.80979642848528,34.110033760590944,,
Taco Bell,CA,Fernando,91340,-118.43507866679845,34.286687614770344,,
Taco Bell,CA,Fernando,91340,-118.43507866679845,34.286687614770344,,
Taco Bell,CA,Francisco,94124,-122.3828509253191,37.729064881410395,,
Taco Bell,CA,Francisco,94112,-122.44293554738496,37.72036717862076,,
Taco Bell,CA,Francisco,94109,-122.42221863823862,37.79558088967442,,
Taco Bell,CA,Francisco,94118,-122.46247452240254,37.780119393592344,,
Taco Bell,CA,Francisco,94107,-122.39450633387229,37.76682049470787,,
Taco Bell,CA,Francisco,94116,-122.486113523796,37.74461151279554,,
Taco Bell,CA,Gabriel,91776,-118.09490550131439,34.089879691027846,,
Taco Bell,CA,Jacinto,92583,-116.93244063650135,33.796757990368675,,
Taco Bell,CA,Jose,95128,-121.93630971571676,37.315975377273105,,
Taco Bell,CA,Jose,95122,-121.83526849833528,37.3286828366367,,
Taco Bell,CA,Jose,95138,-121.73385050082994,37.24662411353124,,
Taco Bell,CA,Jose,95124,-121.92273691456482,37.25685091384477,,
Taco Bell,CA,Jose,95129,-122.00092536882279,37.3057420170652,,
Taco Bell,CA,Jose,95136,-121.85180420801682,37.270491643945306,,
Taco Bell,CA,Jose,95117,-121.96188369594228,37.3112110863269,,
Taco Bell,CA,Jose,95121,-121.80986474326896,37.30416434084164,,
Taco Bell,CA,Jose,95127,-121.80075738184922,37.371092134249885,,
Taco Bell,CA,Jose,95128,-121.93630971571676,37.315975377273105,,
Taco Bell,CA,Jose,95132,-121.76421197245578,37.43074751745028,,
Taco Bell,CA,Jose,95122,-121.83526849833528,37.3286828366367,,
Taco Bell,CA,Jose,95112,-121.88354397995757,37.34448694980669,,
Taco Bell,CA,Jose,95119,-121.78601136022083,37.2289774970459,,
Taco Bell,CA,Jose,95118,-121.889994491396,37.255521479921484,,
Taco Bell,CA,Jose,95128,-121.93630971571676,37.315975377273105,,
Taco Bell,CA,Jose,95113,-121.89100169311314,37.33369408315731,,
Taco Bell,CA,Jose,95112,-121.88354397995757,37.34448694980669,,
Taco Bell,CA,Jose,95112,-121.88354397995757,37.34448694980669,,
Taco Bell,CA,Jose,95123,-121.83303867751154,37.244869856811526,,
Taco Bell,CA,Capistrano,92675,-117.60460515680765,33.50210860765733,,
Taco Bell,CA,Leandro,94577,-122.16820181476707,37.71255474903289,,
Taco Bell,CA,Leandro,94579,-122.157226612413,37.68649941610063,,
Taco Bell,CA,Leandro,94578,-122.12530281611022,37.706434622084394,,
Taco Bell,CA,Obispo,93401,-120.61709679564781,35.241751135636115,,
Taco Bell,CA,Obispo,93401,-120.61709679564781,35.241751135636115,,
Taco Bell,CA,Obispo,93407,,,,
Taco Bell,CA,Marcos,92069,-117.15867650100958,33.17078147160536,,
Taco Bell,CA,Marcos,92069,-117.15867650100958,33.17078147160536,,
Taco Bell,CA,Mateo,94401,-122.31697018323526,37.57696840643244,,
Taco Bell,CA,Mateo,94403,-122.30451556622319,37.53847782655762,,
Taco Bell,CA,Pablo,94806,-122.3371868143794,37.98058644168143,,
Taco Bell,CA,Pedro,90731,-118.27747256837866,33.72987672921152,,
Taco Bell,CA,Pedro,90731,-118.27747256837866,33.72987672921152,,
Taco Bell,CA,Rafael,94901,-122.49683305692614,37.97876308601355,,
Taco Bell,CA,Ramon,94583,-121.97270052253357,37.75511805111896,,
Taco Bell,CA,Ysidro,92173,-117.04247499858006,32.55406402941489,,
Taco Bell,CA,Sanger,93657,-119.44481535205946,36.78348768439819,36.699,-119.5575
Taco Bell,CA,Ana,92704,-117.90803968053592,33.72055902566707,,
Taco Bell,CA,Ana,92705,-117.81639410067888,33.755619332409886,,
Taco Bell,CA,Ana,92706,-117.88222330123847,33.76589658502027,,
Taco Bell,CA,Ana,92704,-117.90803968053592,33.72055902566707,,
Taco Bell,CA,Ana,92701,-117.85846958285586,33.74822798264566,,
Taco Bell,CA,Ana,92704,-117.90803968053592,33.72055902566707,,
Taco Bell,CA,Ana,92701,-117.85846958285586,33.74822798264566,,
Taco Bell,CA,Barbara,93103,-119.68053787767741,34.43775657922892,,
Taco Bell,CA,Barbara,93109,-119.72589644175878,34.40598428986795,,
Taco Bell,CA,Clara,95054,-121.96470253134436,37.393410614113485,,
Taco Bell,CA,Clara,95051,-121.98436960070642,37.34863919817072,,
Taco Bell,CA,Clara,95050,-121.95230799985673,37.35114444079173,,
Taco Bell,CA,Clara,95050,-121.95230799985673,37.35114444079173,,
Taco Bell,CA,Clarita,91355,-118.58926630520041,34.424659915548595,,
Taco Bell,CA,Cruz,95060,-122.11977854759103,37.0313120346004,,
Taco Bell,CA,Springs,90670,-118.0626503583245,33.93301228488902,41.0212,-72.1584
Taco Bell,CA,Maria,93454,-120.23478009213163,34.936654927260854,,
Taco Bell,CA,Maria,93455,-120.42684101025854,34.8286462184913,,
Taco Bell,CA,Maria,93454,-120.23478009213163,34.936654927260854,,
Taco Bell,CA,Maria,93458,-120.49066779630407,34.95708396142966,,
Taco Bell,CA,Monica,90404,-118.47363926587646,34.02660674241296,,
Taco Bell,CA,Nella,95322,-121.01674954994661,37.17021208750657,,
Taco Bell,CA,Paula,93060,-119.09934353797756,34.401673946535205,,
Taco Bell,CA,Rosa,95403,-122.75441292496056,38.502503659378334,,
Taco Bell,CA,Rosa,95407,-122.74432972514275,38.39451479773925,,
Taco Bell,CA,Rosa,95407,-122.74432972514275,38.39451479773925,,
Taco Bell,CA,Rosa,95401,-122.79224952237611,38.44897687977531,,
Taco Bell,CA,Rosa,95403,-122.75441292496056,38.502503659378334,,
Taco Bell,CA,Rosa,95405,-122.66599492311083,38.43711388239382,,
Taco Bell,CA,Santee,92071,-116.99143293509876,32.85128173585513,32.8554,-116.9851
Taco Bell,CA,Valley,95066,-122.01398145515644,37.06792389848293,32.8088,-85.181
Taco Bell,CA,Beach,90740,-118.0755901142681,33.75803301807504,,
Taco Bell,CA,Seaside,93955,-121.7935253392242,36.62170798737506,36.6224,-121.8199
Taco Bell,CA,Sebastopol,95472,-122.86575860327443,38.39816435922986,,
Taco Bell,CA,Selma,93662,-119.64194378895701,36.539274363051106,36.5715,-119.6143
Taco Bell,CA,Shafter,93263,-119.28687017713322,35.49279658634597,35.4794,-119.2013
Taco Bell,CA,Oaks,91423,-118.43269181276908,34.14850347608485,,
Taco Bell,CA,Valley,93063,-118.68443949988502,34.30459113212249,32.8088,-85.181
Taco Bell,CA,Valley,93065,-118.77441074166863,34.260218320640995,32.8088,-85.181
Taco Bell,CA,Soledad,93960,-121.34109507737061,36.39830176447405,36.4432,-121.3426
Taco Bell,CA,Sonoma,95476,-122.45713699592696,38.24859241759618,38.2902,-122.4598
Taco Bell,CA,Sonora,95370,-120.34883162505601,37.98462158424471,,
Taco Bell,CA,Soquel,95073,-121.93003510811985,37.04226160779852,36.9978,-121.9483
Taco Bell,CA,Gate,90280,-118.1925726566827,33.94460119121938,,
Taco Bell,CA,Gate,90280,-118.1925726566827,33.94460119121938,,
Taco Bell,CA,Tahoe,96150,-120.00888411420596,38.870890277582916,,
Taco Bell,CA,Francisco,94080,-122.4222202826168,37.65557988175826,,
Taco Bell,CA,Francisco,94080,-122.4222202826168,37.65557988175826,,
Taco Bell,CA,Valley,91977,-116.99654933288346,32.72596521596802,32.8088,-85.181
Taco Bell,CA,Stanton,90680,-117.9949106412842,33.80114023664803,33.8003,-117.9935
Taco Bell,CA,Stockton,95206,-121.42133921133114,37.9140991327753,37.9765,-121.3109
Taco Bell,CA,Stockton,95205,-121.25999387356212,37.964499496929946,37.9765,-121.3109
Taco Bell,CA,Stockton,95210,-121.29877957036533,38.030345424180545,37.9765,-121.3109
Taco Bell,CA,Stockton,95210,-121.29877957036533,38.030345424180545,37.9765,-121.3109
Taco Bell,CA,Stockton,95215,-121.15291338024622,37.9438902730438,37.9765,-121.3109
Taco Bell,CA,Stockton,95204,-121.31990161857019,37.97388618711662,37.9765,-121.3109
Taco Bell,CA,Stockton,95215,-121.15291338024622,37.9438902730438,37.9765,-121.3109
Taco Bell,CA,Stockton,95212,-121.22813818937894,38.048296524934216,37.9765,-121.3109
Taco Bell,CA,Stockton,95219,-121.48582202151297,38.0419839272267,37.9765,-121.3109
Taco Bell,CA,Stockton,95207,-121.32500221592048,38.002448698443644,37.9765,-121.3109
Taco Bell,CA,City,94585,-121.92601243589091,38.19381008025122,,
Taco Bell,CA,City,92585,-117.1721398791721,33.74669985004175,,
Taco Bell,CA,Sunland,91040,-118.33713370420678,34.261777041326305,,
Taco Bell,CA,Sunnyvale,94087,-122.03696108738018,37.351528799281034,37.3836,-122.0255
Taco Bell,CA,Sunnyvale,94086,-122.02312458132958,37.371641482147886,37.3836,-122.0255
Taco Bell,CA,Sunnyvale,94087,-122.03696108738018,37.351528799281034,37.3836,-122.0255
Taco Bell,CA,Sunnyvale,94089,-122.01402979900863,37.41156869389179,37.3836,-122.0255
Taco Bell,CA,Sunnyvale,94085,-122.01773374866818,37.388555627145166,37.3836,-122.0255
Taco Bell,CA,Susanville,96130,-120.68496893031828,40.548763788609556,40.4206,-120.6132
Taco Bell,CA,Sylmar,91342,-118.38510157265581,34.315151386103,,
Taco Bell,CA,Taft,93268,-119.42516238147883,35.16241479177971,,
Taco Bell,CA,Tarzana,91356,-118.54755262844546,34.15509918390992,,
Taco Bell,CA,Tehachapi,93561,-118.49375740710363,35.11821479208681,35.1276,-118.4744
Taco Bell,CA,Temecula,92591,-117.10485561350856,33.53523404817817,33.4928,-117.1315
Taco Bell,CA,Temecula,92592,-117.03092413310246,33.511158119219964,33.4928,-117.1315
Taco Bell,CA,Thermal,92274,-116.08563616585715,33.4615810534731,,
Taco Bell,CA,Oaks,91360,-118.8821328960429,34.21271843036908,,
Taco Bell,CA,Oaks,91362,-118.81869638837547,34.19334469483809,,
Taco Bell,CA,Torrance,90502,-118.29289612698456,33.83501972921525,33.8346,-118.3416
Taco Bell,CA,Torrance,90505,-118.34798127472155,33.80888392375558,33.8346,-118.3416
Taco Bell,CA,Torrance,90505,-118.34798127472155,33.80888392375558,33.8346,-118.3416
Taco Bell,CA,Torrance,90504,-118.33117236197235,33.86681357889881,33.8346,-118.3416
Taco Bell,CA,Torrance,90501,-118.31425336638983,33.83344185637407,33.8346,-118.3416
Taco Bell,CA,Tracy,95376,-121.43337173524385,37.73720160801105,37.7269,-121.4523
Taco Bell,CA,Tracy,95304,-121.39989851427838,37.678357934869545,37.7269,-121.4523
Taco Bell,CA,Tracy,95376,-121.43337173524385,37.73720160801105,37.7269,-121.4523
Taco Bell,CA,Tracy,95377,-121.49547465558783,37.65667635423046,37.7269,-121.4523
Taco Bell,CA,Truckee,96161,-120.21026965108975,39.309516509118765,39.3455,-120.1848
Taco Bell,CA,Tulare,93274,-119.36940938551358,36.18023976604562,36.1995,-119.34
Taco Bell,CA,Tulare,93274,-119.36940938551358,36.18023976604562,36.1995,-119.34
Taco Bell,CA,Tulare,93274,-119.36940938551358,36.18023976604562,36.1995,-119.34
Taco Bell,CA,Turlock,95382,-120.85305028105938,37.52840983657076,37.5053,-120.8588
Taco Bell,CA,Turlock,95382,-120.85305028105938,37.52840983657076,37.5053,-120.8588
Taco Bell,CA,Turlock,95380,-120.86865399548684,37.47198472200677,37.5053,-120.8588
Taco Bell,CA,Tustin,92782,-117.78469179233673,33.73972234096103,33.7311,-117.8107
Taco Bell,CA,Tustin,92780,-117.81916500845483,33.73401059593822,33.7311,-117.8107
Taco Bell,CA,Tustin,92780,-117.81916500845483,33.73401059593822,33.7311,-117.8107
Taco Bell,CA,Palms,92277,-115.62223625826181,34.21541286201808,,
Taco Bell,CA,Ukiah,95482,-123.2429047569325,39.16030424951702,39.1464,-123.2105
Taco Bell,CA,City,94587,-122.01862682259947,37.603150824728566,,
Taco Bell,CA,City,94587,-122.01862682259947,37.603150824728566,,
Taco Bell,CA,City,94587,-122.01862682259947,37.603150824728566,,
Taco Bell,CA,City,91608,-118.35280874508452,34.13824844162822,,
Taco Bell,CA,Upland,91786,-117.66204037316412,34.10528078871928,34.1178,-117.6604
Taco Bell,CA,Vacaville,95687,-121.92042184737123,38.33691494228673,38.3587,-121.9673
Taco Bell,CA,Vacaville,95687,-121.92042184737123,38.33691494228673,38.3587,-121.9673
Taco Bell,CA,Vacaville,95688,-122.02266670427858,38.409131957812555,38.3587,-121.9673
Taco Bell,CA,Vacaville,95687,-121.92042184737123,38.33691494228673,38.3587,-121.9673
Taco Bell,CA,Vacaville,95688,-122.02266670427858,38.409131957812555,38.3587,-121.9673
Taco Bell,CA,Valencia,91354,-118.554287253597,34.46490926754583,,
Taco Bell,CA,Vallejo,94590,-122.24862227752017,38.10305101086201,38.1125,-122.2342
Taco Bell,CA,Vallejo,94590,-122.24862227752017,38.10305101086201,38.1125,-122.2342
Taco Bell,CA,Springs,95252,-120.84699463933784,38.14949927881292,41.0212,-72.1584
Taco Bell,CA,Nuys,91406,-118.48975611679803,34.198162687029324,,
Taco Bell,CA,Nuys,91406,-118.48975611679803,34.198162687029324,,
Taco Bell,CA,Ventura,93003,-119.22223141924478,34.2846140622694,,
Taco Bell,CA,Ventura,93001,-119.55190422134825,34.162290386892266,,
Taco Bell,CA,Ventura,93004,-119.16548019392943,34.27886248997614,,
Taco Bell,CA,Victorville,92392,-117.40818142335306,34.480243565924106,34.5277,-117.3536
Taco Bell,CA,Victorville,92392,-117.40818142335306,34.480243565924106,34.5277,-117.3536
Taco Bell,CA,Victorville,92392,-117.40818142335306,34.480243565924106,34.5277,-117.3536
Taco Bell,CA,Visalia,93277,-119.38097993619367,36.29923956047333,36.3276,-119.3269
Taco Bell,CA,Visalia,93291,-119.36857177056899,36.38958598938605,36.3276,-119.3269
Taco Bell,CA,Visalia,93292,-119.22399349263509,36.37714982347527,36.3276,-119.3269
Taco Bell,CA,Visalia,93277,-119.38097993619367,36.29923956047333,36.3276,-119.3269
Taco Bell,CA,Visalia,93277,-119.38097993619367,36.29923956047333,36.3276,-119.3269
Taco Bell,CA,Visalia,93291,-119.36857177056899,36.38958598938605,36.3276,-119.3269
Taco Bell,CA,Vista,92084,-117.20533413071168,33.22215306774824,33.1896,-117.2386
Taco Bell,CA,Vista,92081,-117.24029511408482,33.16433765123876,33.1896,-117.2386
Taco Bell,CA,Walnut,91789,-117.85461238697499,34.01831054875077,34.0334,-117.8593
Taco Bell,CA,Creek,94596,-122.03755568231112,37.88909874391179,,
Taco Bell,CA,Wasco,93280,-119.4487204889932,35.64802563864489,35.5938,-119.3671
Taco Bell,CA,Waterford,95386,-120.63948657668814,37.66918355233665,39.7415,-74.8207
Taco Bell,CA,Covina,91791,-117.8940396890568,34.06109701548676,34.0903,-117.8818
Taco Bell,CA,Sacramento,95691,-121.58236336596126,38.617187334649536,38.5677,-121.4685
Taco Bell,CA,Sacramento,95605,-121.53928394747665,38.592885392554564,38.5677,-121.4685
Taco Bell,CA,Sacramento,95691,-121.58236336596126,38.617187334649536,38.5677,-121.4685
Taco Bell,CA,Westminster,92683,-117.9939738083957,33.75249771877314,39.8837,-105.0624
Taco Bell,CA,Wheatland,95692,-121.40382073998832,39.04588819159954,,
Taco Bell,CA,Whittier,90602,-118.0221774566564,33.971957572120104,33.9678,-118.0188
Taco Bell,CA,Whittier,90606,-118.0657590214789,33.97766356516243,33.9678,-118.0188
Taco Bell,CA,Wildomar,92595,-117.25930453657439,33.617847170222035,33.6173,-117.2582
Taco Bell,CA,Williams,95987,-122.28247536271255,39.09611472164093,,
Taco Bell,CA,Willits,95490,-123.3393313257321,39.49709047616508,,
Taco Bell,CA,Willows,95988,-122.27429732491885,39.50508277335682,,
Taco Bell,CA,Wilmington,90744,-118.26167667925364,33.778652768061924,34.2099,-77.8866
Taco Bell,CA,Windsor,95492,-122.81714285612536,38.530355678910425,40.469,-104.9198
Taco Bell,CA,Winters,95694,-122.00676566087327,38.55589805174794,,
Taco Bell,CA,Woodland,95776,-121.70566478292396,38.68252341290935,38.6712,-121.75
Taco Bell,CA,Woodland,95695,-121.85708227909987,38.68708589815082,38.6712,-121.75
Taco Bell,CA,Hills,91367,-118.61545478133735,34.17704714927662,,
Taco Bell,CA,Hills,91364,-118.59509107742132,34.15477960846218,,
Taco Bell,CA,Linda,92887,-117.73128879937708,33.88470033008515,39.1241,-121.5421
Taco Bell,CA,Yreka,96097,-122.6726626135925,41.75580765954892,,
Taco Bell,CA,City,95991,-121.61291685516747,39.022402937740885,,
Taco Bell,CA,City,95991,-121.61291685516747,39.022402937740885,,
Taco Bell,CA,Yucaipa,92399,-117.00515616594699,34.0428206015077,34.0336,-117.0429
Taco Bell,CA,Yucaipa,92399,-117.00515616594699,34.0428206015077,34.0336,-117.0429
Taco Bell,CA,Valley,92284,-116.43239288677528,34.18608992910425,32.8088,-85.181
Taco Bell,CO,Alamosa,81101,-105.82995146211536,37.48369361483104,37.4752,-105.877
Taco Bell,CO,Arvada,80002,-105.10576147072835,39.795012215867054,39.832,-105.151
Taco Bell,CO,Arvada,80003,-105.06328186077992,39.82645573957158,39.832,-105.151
Taco Bell,CO,Arvada,80003,-105.06328186077992,39.82645573957158,39.832,-105.151
Taco Bell,CO,Arvada,80003,-105.06328186077992,39.82645573957158,39.832,-105.151
Taco Bell,CO,Arvada,80002,-105.10576147072835,39.795012215867054,39.832,-105.151
Taco Bell,CO,Arvada,80004,-105.12349075772386,39.814702257458954,39.832,-105.151
Taco Bell,CO,Arvada,80005,-105.13031246515644,39.850910334279625,39.832,-105.151
Taco Bell,CO,Aurora,80016,-104.70728561493146,39.599720306926876,39.7083,-104.7237
Taco Bell,CO,Aurora,80013,-104.76566077678292,39.66139626739082,39.7083,-104.7237
Taco Bell,CO,Aurora,80014,-104.83806658390628,39.66355883563133,39.7083,-104.7237
Taco Bell,CO,Aurora,80016,-104.70728561493146,39.599720306926876,39.7083,-104.7237
Taco Bell,CO,Aurora,80018,-104.69551329841887,39.69285389184514,39.7083,-104.7237
Taco Bell,CO,Aurora,80013,-104.76566077678292,39.66139626739082,39.7083,-104.7237
Taco Bell,CO,Aurora,80015,-104.78001404556025,39.62600886781317,39.7083,-104.7237
Taco Bell,CO,Aurora,80012,-104.83762984819826,39.699734927072925,39.7083,-104.7237
Taco Bell,CO,Aurora,80012,-104.83762984819826,39.699734927072925,39.7083,-104.7237
Taco Bell,CO,Aurora,80011,-104.78312568558995,39.73892101331047,39.7083,-104.7237
Taco Bell,CO,Aurora,80010,-104.86245297107274,39.738780807808425,39.7083,-104.7237
Taco Bell,CO,Aurora,80016,-104.70728561493146,39.599720306926876,39.7083,-104.7237
Taco Bell,CO,Bennett,80102,-104.4439351051826,39.740907690503384,,
Taco Bell,CO,Berthoud,80513,-105.10366927120037,40.298024226101774,40.3071,-105.0426
Taco Bell,CO,Boulder,80305,-105.24922705497728,39.97463283515386,40.0248,-105.2524
Taco Bell,CO,Boulder,80301,-105.20013223382506,40.04856723128512,40.0248,-105.2524
Taco Bell,CO,Brighton,80601,-104.80879101715547,39.96252956058568,39.9716,-104.7963
Taco Bell,CO,Brighton,80601,-104.80879101715547,39.96252956058568,39.9716,-104.7963
Taco Bell,CO,Brighton,80601,-104.80879101715547,39.96252956058568,39.9716,-104.7963
Taco Bell,CO,Broomfield,80020,-105.07452544521514,39.93181153797286,39.9542,-105.0526
Taco Bell,CO,Broomfield,80023,-105.01093544694878,39.972412274575895,39.9542,-105.0526
Taco Bell,CO,Broomfield,80020,-105.07452544521514,39.93181153797286,39.9542,-105.0526
Taco Bell,CO,Broomfield,80021,-105.11449536607856,39.890961716424776,39.9542,-105.0526
Taco Bell,CO,City,81212,-105.3860124609339,38.53852175915048,,
Taco Bell,CO,Rock,80104,-104.8181080860362,39.30193853415285,,
Taco Bell,CO,Rock,80104,-104.8181080860362,39.30193853415285,,
Taco Bell,CO,Clifton,81520,-108.43378231689945,39.10988308566974,40.863,-74.1575
Taco Bell,CO,Springs,80906,-104.87161965609278,38.76567562892809,41.0212,-72.1584
Taco Bell,CO,Springs,80923,-104.71481500140929,38.92689052395814,41.0212,-72.1584
Taco Bell,CO,Springs,80918,-104.78025039930907,38.91152245405849,41.0212,-72.1584
Taco Bell,CO,Springs,80907,-104.82743827606335,38.87830133624335,41.0212,-72.1584
Taco Bell,CO,Springs,80918,-104.78025039930907,38.91152245405849,41.0212,-72.1584
Taco Bell,CO,Springs,80903,-104.81519227024582,38.83129588082601,41.0212,-72.1584
Taco Bell,CO,Springs,80909,-104.77575381778449,38.85270027174843,41.0212,-72.1584
Taco Bell,CO,Springs,80920,-104.77078540181296,38.95760717064184,41.0212,-72.1584
Taco Bell,CO,Springs,80907,-104.82743827606335,38.87830133624335,41.0212,-72.1584
Taco Bell,CO,Springs,80904,-104.87193204190447,38.86058830046233,41.0212,-72.1584
Taco Bell,CO,Springs,80916,-104.7131047095491,38.805187512601684,41.0212,-72.1584
Taco Bell,CO,Springs,80915,-104.71584894254393,38.852346998622416,41.0212,-72.1584
Taco Bell,CO,Springs,80906,-104.87161965609278,38.76567562892809,41.0212,-72.1584
Taco Bell,CO,Springs,80909,-104.77575381778449,38.85270027174843,41.0212,-72.1584
Taco Bell,CO,Springs,80921,-104.91020958803769,39.00561297178742,41.0212,-72.1584
Taco Bell,CO,Springs,80910,-104.77428669957375,38.812511324846376,41.0212,-72.1584
Taco Bell,CO,Springs,80914,-104.70434286727624,38.8240529766516,41.0212,-72.1584
Taco Bell,CO,Springs,80921,-104.91020958803769,39.00561297178742,41.0212,-72.1584
Taco Bell,CO,Springs,80908,-104.6894939965302,39.04769964515299,41.0212,-72.1584
Taco Bell,CO,Springs,80916,-104.7131047095491,38.805187512601684,41.0212,-72.1584
Taco Bell,CO,Springs,80924,-104.72110209131219,38.96751098163229,41.0212,-72.1584
Taco Bell,CO,City,80022,-104.79783266918324,39.87953639587916,,
Taco Bell,CO,City,80022,-104.79783266918324,39.87953639587916,,
Taco Bell,CO,Cortez,81321,-108.76213909596505,37.318402451692904,37.3503,-108.5768
Taco Bell,CO,Craig,81625,-107.6870995732826,40.733797795637265,40.5171,-107.5554
Taco Bell,CO,Delta,81416,-108.13761958558092,38.75098451460654,38.756,-108.0772
Taco Bell,CO,Denver,80237,-104.90118226463119,39.640079906599034,39.762,-104.8758
Taco Bell,CO,Denver,80249,-104.69647283026615,39.84984659987697,39.762,-104.8758
Taco Bell,CO,Denver,80220,-104.91656405149848,39.733822014281735,39.762,-104.8758
Taco Bell,CO,Denver,80239,-104.83800795427322,39.78681172947513,39.762,-104.8758
Taco Bell,CO,Denver,80224,-104.91133875218043,39.68776764504949,39.762,-104.8758
Taco Bell,CO,Denver,80221,-105.00953579765243,39.81543659395653,39.762,-104.8758
Taco Bell,CO,Denver,80205,-104.96329685953837,39.75868713428439,39.762,-104.8758
Taco Bell,CO,Denver,80239,-104.83800795427322,39.78681172947513,39.762,-104.8758
Taco Bell,CO,Denver,80218,-104.97067329659994,39.731061617129605,39.762,-104.8758
Taco Bell,CO,Denver,80211,-105.02009010833376,39.76711802988824,39.762,-104.8758
Taco Bell,CO,Denver,80227,-105.08949330300446,39.667194865883786,39.762,-104.8758
Taco Bell,CO,Denver,80227,-105.08949330300446,39.667194865883786,39.762,-104.8758
Taco Bell,CO,Denver,80239,-104.83800795427322,39.78681172947513,39.762,-104.8758
Taco Bell,CO,Denver,80219,-105.03431668226938,39.695301351762375,39.762,-104.8758
Taco Bell,CO,Denver,80209,-104.96590915312996,39.706018428067466,39.762,-104.8758
Taco Bell,CO,Denver,80222,-104.92789595397358,39.67102076323918,39.762,-104.8758
Taco Bell,CO,Denver,80222,-104.92789595397358,39.67102076323918,39.762,-104.8758
Taco Bell,CO,Denver,80207,-104.91658013552635,39.76229877175217,39.762,-104.8758
Taco Bell,CO,Denver,80221,-105.00953579765243,39.81543659395653,39.762,-104.8758
Taco Bell,CO,Denver,80249,-104.69647283026615,39.84984659987697,39.762,-104.8758
Taco Bell,CO,Denver,80219,-105.03431668226938,39.695301351762375,39.762,-104.8758
Taco Bell,CO,Dumont,80436,-105.64733627418967,39.78747714011883,40.9452,-73.9923
Taco Bell,CO,Durango,81301,-107.85155881084894,37.44495549328779,37.2659,-107.8781
Taco Bell,CO,Eagle,81631,-106.76546483265922,39.638545366407094,43.7223,-116.3866
Taco Bell,CO,Edgewater,80214,-105.07117150276925,39.74209876448973,28.9594,-80.9406
Taco Bell,CO,Elizabeth,80107,-104.57249081778104,39.4094547009675,40.6658,-74.1913
Taco Bell,CO,Englewood,80112,-104.85738520465505,39.57257495275158,39.6468,-104.9942
Taco Bell,CO,Englewood,80110,-105.00923489859673,39.64629688830695,39.6468,-104.9942
Taco Bell,CO,Erie,80516,-105.01834716912384,40.051234619900335,42.1167,-80.0733
Taco Bell,CO,Evergreen,80439,-105.43308708867946,39.637526518617236,48.2308,-114.27
Taco Bell,CO,Collins,80525,-105.03709985572402,40.52916525824392,,
Taco Bell,CO,Collins,80524,-105.02623305304807,40.65289805375552,,
Taco Bell,CO,Collins,80521,-105.12779198396525,40.59326325463075,,
Taco Bell,CO,Collins,80524,-105.02623305304807,40.65289805375552,,
Taco Bell,CO,Collins,80521,-105.12779198396525,40.59326325463075,,
Taco Bell,CO,Morgan,80701,-103.826474368317,40.169919389127,,
Taco Bell,CO,Fountain,80817,-104.68172983865418,38.63274049370671,38.6886,-104.6829
Taco Bell,CO,Fountain,80817,-104.68172983865418,38.63274049370671,38.6886,-104.6829
Taco Bell,CO,Frisco,80443,-106.16294618087935,39.50537186931497,33.156,-96.8216
Taco Bell,CO,Fruita,81521,-108.8164940194265,39.14587410638506,39.1548,-108.7305
Taco Bell,CO,Springs,81601,-107.31359911076405,39.58389617014295,41.0212,-72.1584
Taco Bell,CO,Golden,80401,-105.23509780808645,39.716398597136525,39.7406,-105.2118
Taco Bell,CO,Junction,81501,-108.54757237614957,39.072109187894235,,
Taco Bell,CO,Junction,81506,-108.5324287132846,39.11587213508578,,
Taco Bell,CO,Junction,81505,-108.57773751743036,39.18187775337549,,
Taco Bell,CO,Junction,81501,-108.54757237614957,39.072109187894235,,
Taco Bell,CO,Junction,81503,-108.43604221430157,39.030709053874475,,
Taco Bell,CO,Greeley,80634,-104.7925489754118,40.40279621573798,40.4152,-104.7706
Taco Bell,CO,Greeley,80634,-104.7925489754118,40.40279621573798,40.4152,-104.7706
Taco Bell,CO,Greeley,80634,-104.7925489754118,40.40279621573798,40.4152,-104.7706
Taco Bell,CO,Greeley,80631,-104.67637756036954,40.44144662491397,40.4152,-104.7706
Taco Bell,CO,Village,80112,-104.85738520465505,39.57257495275158,,
Taco Bell,CO,Henderson,80640,-104.88223068125284,39.8853967600834,36.0133,-115.0381
Taco Bell,CO,Ranch,80129,-105.01084237267068,39.544569805323874,,
Taco Bell,CO,Johnstown,80534,-104.93540895456171,40.3319866211023,40.326,-78.9194
Taco Bell,CO,Junta,81050,-103.5055569461043,37.94022553652689,,
Taco Bell,CO,Lafayette,80026,-105.09804535330406,40.01320012193324,30.2082,-92.0325
Taco Bell,CO,Lafayette,80026,-105.09804535330406,40.01320012193324,30.2082,-92.0325
Taco Bell,CO,Lakewood,80226,-105.09137419160717,39.71104187072272,39.6977,-105.1172
Taco Bell,CO,Lakewood,80232,-105.09044384564143,39.68852566445515,39.6977,-105.1172
Taco Bell,CO,Lakewood,80228,-105.15679165043288,39.69001513082435,39.6977,-105.1172
Taco Bell,CO,Lakewood,80215,-105.11593139452128,39.74405921497718,39.6977,-105.1172
Taco Bell,CO,Leadville,80461,-106.31468956215505,39.2339214629931,,
Taco Bell,CO,Limon,80828,-103.72901763387178,39.347957055129264,,
Taco Bell,CO,Littleton,80123,-105.06884798502195,39.61583579312075,39.5915,-105.0188
Taco Bell,CO,Littleton,80123,-105.06884798502195,39.61583579312075,39.5915,-105.0188
Taco Bell,CO,Littleton,80123,-105.06884798502195,39.61583579312075,39.5915,-105.0188
Taco Bell,CO,Littleton,80127,-105.15134703364838,39.54044035528434,39.5915,-105.0188
Taco Bell,CO,Littleton,80122,-104.95601140906093,39.580578248037995,39.5915,-105.0188
Taco Bell,CO,Littleton,80121,-104.95316038387563,39.61111517702734,39.5915,-105.0188
Taco Bell,CO,Longmont,80501,-105.1029383702424,40.164744214571144,40.1686,-105.1005
Taco Bell,CO,Longmont,80501,-105.1029383702424,40.164744214571144,40.1686,-105.1005
Taco Bell,CO,Longmont,80501,-105.1029383702424,40.164744214571144,40.1686,-105.1005
Taco Bell,CO,Longmont,80504,-105.02890027966984,40.16391939800954,40.1686,-105.1005
Taco Bell,CO,Loveland,80538,-105.17398762027783,40.478843912865614,40.4166,-105.0623
Taco Bell,CO,Loveland,80537,-105.1829645888688,40.3754309812736,40.4166,-105.0623
Taco Bell,CO,Loveland,80538,-105.17398762027783,40.478843912865614,40.4166,-105.0623
Taco Bell,CO,Montrose,81401,-107.75847997418423,38.48717161072262,38.4689,-107.859
Taco Bell,CO,Montrose,81401,-107.75847997418423,38.48717161072262,38.4689,-107.859
Taco Bell,CO,Monument,80132,-104.8471993973269,39.09813451427989,39.0736,-104.8467
Taco Bell,CO,Northglenn,80234,-105.0055158628402,39.91228250412396,39.9108,-104.9783
Taco Bell,CO,Parker,80134,-104.77882256655063,39.482206607704256,39.5084,-104.7753
Taco Bell,CO,Parker,80138,-104.67097921652362,39.5175454122165,39.5084,-104.7753
Taco Bell,CO,Pueblo,81003,-104.63148499801721,38.27925893001845,38.2701,-104.6114
Taco Bell,CO,Pueblo,81008,-104.61747528854984,38.43686099559917,38.2701,-104.6114
Taco Bell,CO,Pueblo,81004,-104.71644848592847,38.041158232311325,38.2701,-104.6114
Taco Bell,CO,Pueblo,81005,-104.84166245425017,38.19775251467973,38.2701,-104.6114
Taco Bell,CO,Pueblo,81004,-104.71644848592847,38.041158232311325,38.2701,-104.6114
Taco Bell,CO,West,81007,-104.77795854865037,38.35513647066859,,
Taco Bell,CO,Rifle,81650,-108.11823734062735,39.738738458538485,39.5362,-107.7729
Taco Bell,CO,Springs,80477,-106.82935371861734,40.48639104987697,41.0212,-72.1584
Taco Bell,CO,Sterling,80751,-103.2314586931873,40.63713184278784,39.0052,-77.405
Taco Bell,CO,Thornton,80229,-104.95735614093374,39.85552351478609,39.9197,-104.9438
Taco Bell,CO,Thornton,80233,-104.94697805570512,39.89975298051936,39.9197,-104.9438
Taco Bell,CO,Thornton,80602,-104.90721707709157,39.96360167722559,39.9197,-104.9438
Taco Bell,CO,Thornton,80233,-104.94697805570512,39.89975298051936,39.9197,-104.9438
Taco Bell,CO,Thornton,80023,-105.01093544694878,39.972412274575895,39.9197,-104.9438
Taco Bell,CO,Timnath,80547,-104.96357814140588,40.52493414490953,,
Taco Bell,CO,Trinidad,81082,-104.5161203815137,37.17862147297733,,
Taco Bell,CO,Walsenburg,81089,-104.73154839375418,37.655965090080514,,
Taco Bell,CO,Wellington,80549,-105.04552524499994,40.85318677760714,26.6461,-80.2699
Taco Bell,CO,Ridge,80033,-105.10220363931865,39.773072434714784,40.9068,-72.8816
Taco Bell,CO,Ridge,80215,-105.11593139452128,39.74405921497718,40.9068,-72.8816
Taco Bell,CO,Windsor,80550,-104.90022396041294,40.48093602514057,40.469,-104.9198
Taco Bell,CO,Windsor,80550,-104.90022396041294,40.48093602514057,40.469,-104.9198
Taco Bell,CO,Park,80863,-105.10804905507104,39.02825281612727,,
Taco Bell,CT,Ansonia,06401,-73.06889976437454,41.34426335223576,41.3443,-73.0689
Taco Bell,CT,Berlin,06037,-72.77776794160675,41.61128185170031,44.4869,-71.2599
Taco Bell,CT,Branford,06405,-72.79666269777464,41.27969974123172,,
Taco Bell,CT,Bridgeport,06606,-73.20804222380879,41.21173760487665,41.1918,-73.1954
Taco Bell,CT,Bristol,06010,-72.94070563260418,41.681141383610985,36.5572,-82.2154
Taco Bell,CT,Canton,06019,-72.90697648747657,41.859650800246015,40.8078,-81.3676
Taco Bell,CT,Cromwell,06416,-72.66420326013733,41.61410359262176,,
Taco Bell,CT,Danbury,06810,-73.45919038600009,41.37630279296162,41.4015,-73.4709
Taco Bell,CT,Danbury,06810,-73.45919038600009,41.37630279296162,41.4015,-73.4709
Taco Bell,CT,Danielson,06239,-71.8565800272019,41.791511856657635,,
Taco Bell,CT,Dayville,06241,-71.84841676595369,41.85632420270171,,
Taco Bell,CT,Hartford,06118,-72.60993653775182,41.74872515277146,41.7661,-72.6834
Taco Bell,CT,Hartford,06118,-72.60993653775182,41.74872515277146,41.7661,-72.6834
Taco Bell,CT,Haven,06512,-72.87525279679294,41.27826144678556,,
Taco Bell,CT,Windsor,06088,-72.59645494375883,41.905788305333026,40.469,-104.9198
Taco Bell,CT,Enfield,06082,-72.55473904944463,41.98402865347653,,
Taco Bell,CT,Farmington,06032,-72.83126416578764,41.72528998273978,36.7555,-108.1823
Taco Bell,CT,Groton,06340,-72.04364317616636,41.35474612250149,42.6137,-71.5614
Taco Bell,CT,Hamden,06514,-72.94114833858609,41.373508463973224,,
Taco Bell,CT,Hartford,06106,-72.69492025939387,41.74870661182361,41.7661,-72.6834
Taco Bell,CT,Manchester,06042,-72.52696788658999,41.79750578850079,42.9848,-71.4447
Taco Bell,CT,Manchester,06042,-72.52696788658999,41.79750578850079,42.9848,-71.4447
Taco Bell,CT,Meriden,06450,-72.77387857357495,41.533028080768204,41.5369,-72.7946
Taco Bell,CT,Meriden,06451,-72.82348012142279,41.542038754555364,41.5369,-72.7946
Taco Bell,CT,Middletown,06457,-72.6548765776218,41.54763592700188,39.5033,-84.3659
Taco Bell,CT,Milford,06460,-73.05077015992018,41.21382330100615,42.1565,-71.5188
Taco Bell,CT,Milford,06460,-73.05077015992018,41.21382330100615,42.1565,-71.5188
Taco Bell,CT,Milford,06460,-73.05077015992018,41.21382330100615,42.1565,-71.5188
Taco Bell,CT,Milldale,06467,-72.89975695295307,41.56784517357932,,
Taco Bell,CT,Britain,06051,-72.76980576496433,41.66513404444288,,
Taco Bell,CT,Haven,06513,-72.86823178569391,41.319629800455246,,
Taco Bell,CT,Haven,06515,-72.96958394945813,41.327926753924686,,
Taco Bell,CT,London,06320,-72.10189008365884,41.34791264412671,39.8935,-83.4375
Taco Bell,CT,Milford,06776,-73.41568807004116,41.60177537234775,42.1565,-71.5188
Taco Bell,CT,Norwalk,06851,-73.40410770184455,41.13941561991744,33.9069,-118.0829
Taco Bell,CT,Norwich,06360,-72.08928852300171,41.54883235341294,41.5495,-72.0882
Taco Bell,CT,Greenwich,06870,-73.56992923475013,41.02353605159514,,
Taco Bell,CT,Orange,06477,-73.02716710226944,41.28269579432231,33.8038,-117.8218
Taco Bell,CT,Plainville,06062,-72.86076315674872,41.67338965789187,42.0141,-71.3364
Taco Bell,CT,Hill,06067,-72.66320732689144,41.65719965722417,,
Taco Bell,CT,Southington,06489,-72.87253914681544,41.613303972533956,,
Taco Bell,CT,Stamford,06902,-73.54352960711871,41.054966735208076,41.1039,-73.5585
Taco Bell,CT,Torrington,06790,-73.12878674539643,41.837770006777205,41.8349,-73.1282
Taco Bell,CT,Trumbull,06611,-73.20947877140279,41.26008843533446,,
Taco Bell,CT,Rockville,06066,-72.4606354252905,41.836422494476324,39.0834,-77.1553
Taco Bell,CT,Wallingford,06492,-72.80468683665751,41.459127351290235,,
Taco Bell,CT,Waterbury,06705,-72.99309875678182,41.548791394022984,41.5582,-73.0361
Taco Bell,CT,Waterbury,06704,-73.03302811914003,41.58652566610334,41.5582,-73.0361
Taco Bell,CT,Waterbury,06702,-73.04567810976974,41.557234972800714,41.5582,-73.0361
Taco Bell,CT,Waterbury,06705,-72.99309875678182,41.548791394022984,41.5582,-73.0361
Taco Bell,CT,Watertown,06795,-73.12280900083279,41.61863471574292,43.9734,-75.9094
Taco Bell,CT,Willimantic,06226,-72.20726274503524,41.70841874621617,41.7171,-72.2114
Taco Bell,CT,Locks,06096,-72.65706764096215,41.92751157744002,,
Taco Bell,DC,Washington,20002,-76.98438945626056,38.90512536948097,38.9047,-77.0163
Taco Bell,DC,Washington,20010,-77.0299917638254,38.93231395657577,38.9047,-77.0163
Taco Bell,DC,Washington,20301,,,38.9047,-77.0163
Taco Bell,DC,Washington,20001,-77.01789897230391,38.91082643243844,38.9047,-77.0163
Taco Bell,DC,Washington,20002,-76.98438945626056,38.90512536948097,38.9047,-77.0163
Taco Bell,DC,Washington,20009,-77.03757987959952,38.9199446479312,38.9047,-77.0163
Taco Bell,DE,Bear,19701,-75.69936185393058,39.58434666025531,39.6189,-75.6808
Taco Bell,DE,Camden,19934,-75.62905928914955,39.08334580615118,39.9361,-75.1073
Taco Bell,DE,Claymont,19703,-75.45578382459522,39.80267772662579,39.8032,-75.4607
Taco Bell,DE,Dover,19901,-75.47227304584185,39.171732147894694,39.161,-75.5202
Taco Bell,DE,Dover,19901,-75.47227304584185,39.171732147894694,39.161,-75.5202
Taco Bell,DE,Georgetown,19947,-75.39670155101771,38.6723786377088,30.666,-97.6966
Taco Bell,DE,Harrington,19952,-75.62615100366466,38.91585668727604,,
Taco Bell,DE,Middletown,19709,-75.67803100724159,39.48964863677267,39.5033,-84.3659
Taco Bell,DE,Milford,19963,-75.3775970955963,38.937476106074136,42.1565,-71.5188
Taco Bell,DE,Millsboro,19966,-75.28155518614604,38.58115201767056,,
Taco Bell,DE,Castle,19720,-75.60397358881293,39.64645345585049,,
Taco Bell,DE,Newark,19713,-75.71228021592577,39.67078042504581,40.7245,-74.1725
Taco Bell,DE,Newark,19702,-75.72749664466669,39.622273898424254,40.7245,-74.1725
Taco Bell,DE,Beach,19971,-75.09826158888947,38.68679417624065,,
Taco Bell,DE,Seaford,19973,-75.6158022757482,38.63927765566697,40.6678,-73.4922
Taco Bell,DE,Smyrna,19977,-75.55087816147507,39.296304522462435,33.8633,-84.5168
Taco Bell,DE,Wilmington,19808,-75.66521840746688,39.738378326792045,34.2099,-77.8866
Taco Bell,DE,Wilmington,19803,-75.54212834467313,39.80037320266646,34.2099,-77.8866
Taco Bell,DE,Wilmington,19805,-75.59269009580822,39.744709606055245,34.2099,-77.8866
Taco Bell,DE,Wilmington,19801,-75.54110979162576,39.726609294997786,34.2099,-77.8866
Taco Bell,FL,Alachua,32615,-82.49207141336313,29.816504232051656,29.7779,-82.4832
Taco Bell,FL,Springs,32714,-81.4116702808805,28.662444008801955,41.0212,-72.1584
Taco Bell,FL,Springs,32701,-81.3694613922127,28.665328399984254,41.0212,-72.1584
Taco Bell,FL,Beach,33572,-82.41138502431056,27.762850757541255,,
Taco Bell,FL,Apopka,32703,-81.55299233002927,28.670695678944934,28.7015,-81.5316
Taco Bell,FL,Apopka,32712,-81.50602062872382,28.74004076138161,28.7015,-81.5316
Taco Bell,FL,Apopka,32712,-81.50602062872382,28.74004076138161,28.7015,-81.5316
Taco Bell,FL,Apopka,32703,-81.55299233002927,28.670695678944934,28.7015,-81.5316
Taco Bell,FL,Arcadia,34266,-81.82618580147482,27.189861115864556,34.1342,-118.0373
Taco Bell,FL,Auburndale,33823,-81.81395866384989,28.08723241403345,28.0963,-81.8012
Taco Bell,FL,Auburndale,33823,-81.81395866384989,28.08723241403345,28.0963,-81.8012
Taco Bell,FL,Auburndale,33823,-81.81395866384989,28.08723241403345,28.0963,-81.8012
Taco Bell,FL,Park,33825,-81.46502805998281,27.624319853676823,,
Taco Bell,FL,Bartow,33830,-81.81748677912991,27.874851942090437,27.8868,-81.8214
Taco Bell,FL,Glade,33430,-80.55046959515464,26.639445956535116,,
Taco Bell,FL,Belleview,34420,-82.03761687359778,29.053053057249592,,
Taco Bell,FL,Raton,33428,-80.21547317757805,26.34933921766575,,
Taco Bell,FL,Raton,33486,-80.11428096203788,26.347080260607807,,
Taco Bell,FL,Springs,34134,-81.82894106183834,26.35500634658112,41.0212,-72.1584
Taco Bell,FL,Beach,33436,-80.10748341155853,26.524321650400733,,
Taco Bell,FL,Beach,33426,-80.08297329548157,26.53399973387375,,
Taco Bell,FL,Beach,33435,-80.06099168567252,26.5253481139592,,
Taco Bell,FL,Bradenton,34203,-82.50933841415149,27.44357038719423,27.4901,-82.5757
Taco Bell,FL,Bradenton,34211,-82.37732347703542,27.450016837767954,27.4901,-82.5757
Taco Bell,FL,Bradenton,34207,-82.58018850722857,27.43755722967389,27.4901,-82.5757
Taco Bell,FL,Bradenton,34209,-82.64833209982356,27.498359380758686,27.4901,-82.5757
Taco Bell,FL,Bradenton,34210,-82.63085190681979,27.43800615543031,27.4901,-82.5757
Taco Bell,FL,Bradenton,34211,-82.37732347703542,27.450016837767954,27.4901,-82.5757
Taco Bell,FL,Brandon,33511,-82.29461361073571,27.909844419740434,27.9367,-82.3
Taco Bell,FL,Brandon,33511,-82.29461361073571,27.909844419740434,27.9367,-82.3
Taco Bell,FL,Brandon,33511,-82.29461361073571,27.909844419740434,27.9367,-82.3
Taco Bell,FL,Brooksville,34601,-82.36479182997533,28.59024337355925,28.5404,-82.3903
Taco Bell,FL,Brooksville,34602,-82.2795729377939,28.503223135274702,28.5404,-82.3903
Taco Bell,FL,Brooksville,34613,-82.56889119813299,28.574590722850214,28.5404,-82.3903
Taco Bell,FL,Bushnell,33513,-82.16579220129582,28.670231679905907,,
Taco Bell,FL,Callahan,32011,-81.840346659979,30.571018966366935,,
Taco Bell,FL,Coral,33990,-81.94329800842947,26.627883229946384,,
Taco Bell,FL,Coral,33990,-81.94329800842947,26.627883229946384,,
Taco Bell,FL,Casselberry,32707,-81.3142898899614,28.662675635594233,28.6624,-81.3217
Taco Bell,FL,Casselberry,32707,-81.3142898899614,28.662675635594233,28.6624,-81.3217
Taco Bell,FL,Chiefland,32626,-82.89024804294594,29.43101897290105,,
Taco Bell,FL,Chipley,32428,-85.57852814900012,30.61434799510683,,
Taco Bell,FL,Clearwater,33764,-82.73878404171525,27.93456052356587,27.979,-82.7623
Taco Bell,FL,Clearwater,33762,-82.68016025910968,27.89815505110721,27.979,-82.7623
Taco Bell,FL,Clearwater,33759,-82.7018830304073,27.975008509187134,27.979,-82.7623
Taco Bell,FL,Clearwater,33759,-82.7018830304073,27.975008509187134,27.979,-82.7623
Taco Bell,FL,Clearwater,33765,-82.74472854163027,27.974687704157066,27.979,-82.7623
Taco Bell,FL,Clearwater,33756,-82.79256919532183,27.94481717905192,27.979,-82.7623
Taco Bell,FL,Clermont,34714,-81.7811546164147,28.411290013754414,28.5325,-81.7208
Taco Bell,FL,Clermont,34711,-81.75670000536842,28.5260988444899,28.5325,-81.7208
Taco Bell,FL,Clermont,34711,-81.75670000536842,28.5260988444899,28.5325,-81.7208
Taco Bell,FL,Cocoa,32922,-80.74286351878577,28.372497193644968,28.382,-80.7675
Taco Bell,FL,Beach,32931,-80.62532973936733,28.323409015030933,,
Taco Bell,FL,City,33330,-80.32179865303222,26.05906296902617,,
Taco Bell,FL,Springs,33067,-80.22610789632849,26.307741783012446,41.0212,-72.1584
Taco Bell,FL,Springs,33071,-80.26625901938372,26.24392183866416,41.0212,-72.1584
Taco Bell,FL,Springs,33065,-80.26032226183628,26.272896989789203,41.0212,-72.1584
Taco Bell,FL,Springs,33067,-80.22610789632849,26.307741783012446,41.0212,-72.1584
Taco Bell,FL,Crawfordville,32327,-84.30370294228003,30.182585296414835,,
Taco Bell,FL,Crestview,32536,-86.59175471654048,30.76427040623632,30.7477,-86.5785
Taco Bell,FL,Crestview,32536,-86.59175471654048,30.76427040623632,30.7477,-86.5785
Taco Bell,FL,River,34428,-82.64836483377937,28.958740635523924,,
Taco Bell,FL,City,33525,-82.20145688731768,28.335990362221604,,
Taco Bell,FL,Davenport,33837,-81.59111078815152,28.190845666661346,41.5565,-90.6053
Taco Bell,FL,Davenport,33896,-81.58421716573041,28.257448282764177,41.5565,-90.6053
Taco Bell,FL,Davie,33314,-80.22311135945915,26.067658931650143,26.0789,-80.287
Taco Bell,FL,Davie,33324,-80.27414079421544,26.112346145795218,26.0789,-80.287
Taco Bell,FL,Beach,32114,-81.05146621324934,29.193977217460148,,
Taco Bell,FL,Beach,32114,-81.05146621324934,29.193977217460148,,
Taco Bell,FL,Beach,32114,-81.05146621324934,29.193977217460148,,
Taco Bell,FL,Beach,32117,-81.06573238939147,29.235331795079805,,
Taco Bell,FL,Beach,33441,-80.09733271764958,26.31116008336812,,
Taco Bell,FL,Beach,33442,-80.14545773917835,26.310361632335674,,
Taco Bell,FL,Springs,32435,-86.12572271612967,30.66387844402541,41.0212,-72.1584
Taco Bell,FL,Deland,32720,-81.36798348125308,29.009619200964302,,
Taco Bell,FL,Deland,32720,-81.36798348125308,29.009619200964302,,
Taco Bell,FL,Beach,33444,-80.07997132710743,26.458186653933755,,
Taco Bell,FL,Beach,33484,-80.13447812387552,26.454273185954893,,
Taco Bell,FL,Deltona,32738,-81.18973768234237,28.908991084742418,28.905,-81.2137
Taco Bell,FL,Deltona,32725,-81.25072150323822,28.88341926801999,28.905,-81.2137
Taco Bell,FL,Destin,32541,-86.46918700012358,30.3949182534834,30.395,-86.4701
Taco Bell,FL,Dunedin,34698,-82.78662202689273,28.037471018028395,28.0329,-82.7862
Taco Bell,FL,Dunnellon,34431,-82.53281820666359,29.139191152149195,,
Taco Bell,FL,Palatka,32131,-81.57014531166163,29.681386223806445,29.6493,-81.6705
Taco Bell,FL,Edgewater,32132,-80.92560678271822,28.976777008941486,28.9594,-80.9406
Taco Bell,FL,Ellenton,34222,-82.50504022254562,27.53623407531315,,
Taco Bell,FL,Englewood,34223,-82.35581123859613,26.98109963700564,39.6468,-104.9942
Taco Bell,FL,Beach,32034,-81.48864532598283,30.605716002994154,,
Taco Bell,FL,Island,32003,-81.71256107237284,30.098133745977965,,
Taco Bell,FL,City,33034,-80.62448791857014,25.28464519712432,,
Taco Bell,FL,Lauderdale,33312,-80.1816668626773,26.088264061385694,,
Taco Bell,FL,Lauderdale,33316,-80.12118850189836,26.09777039861881,,
Taco Bell,FL,Lauderdale,33316,-80.12118850189836,26.09777039861881,,
Taco Bell,FL,Myers,33912,-81.82521664924096,26.53285468498286,,
Taco Bell,FL,Myers,33905,-81.7604614869061,26.669289613804786,,
Taco Bell,FL,Myers,33905,-81.7604614869061,26.669289613804786,,
Taco Bell,FL,Myers,33901,-81.87866741757963,26.621151865597806,,
Taco Bell,FL,Myers,33913,-81.69651161042641,26.516179220912043,,
Taco Bell,FL,Myers,33907,-81.87136169590643,26.564368016932487,,
Taco Bell,FL,Beach,33931,-81.90768599938734,26.435024628329966,,
Taco Bell,FL,Pierce,34981,-80.37045646492801,27.39420933930456,,
Taco Bell,FL,Beach,32547,-86.66718492002853,30.468677847198588,,
Taco Bell,FL,Beach,32548,-86.6531016506629,30.40248998899158,,
Taco Bell,FL,Freeport,32439,-86.12228126511056,30.48563400440866,40.6515,-73.585
Taco Bell,FL,Gainesville,32605,-82.37359868335595,29.676594953551756,29.6804,-82.3459
Taco Bell,FL,Gainesville,32608,-82.40661007048995,29.596879730291164,29.6804,-82.3459
Taco Bell,FL,Gainesville,32605,-82.37359868335595,29.676594953551756,29.6804,-82.3459
Taco Bell,FL,Gainesville,32601,-82.32498496501151,29.648845813008165,29.6804,-82.3459
Taco Bell,FL,Greenacres,33463,-80.13002466368596,26.59526670645517,26.627,-80.1371
Taco Bell,FL,Groveland,34736,-81.89640818495178,28.554408126370653,28.6098,-81.8246
Taco Bell,FL,City,33844,-81.58532282091488,28.084504446800945,,
Taco Bell,FL,Hallandale,33009,-80.14677919372251,25.98545376130883,,
Taco Bell,FL,Hialeah,33010,-80.27872673603314,25.83301421540906,25.8696,-80.3045
Taco Bell,FL,Hialeah,33014,-80.30307786893393,25.90428832881072,25.8696,-80.3045
Taco Bell,FL,Hialeah,33013,-80.27028857853107,25.862275899291095,25.8696,-80.3045
Taco Bell,FL,Hialeah,33010,-80.27872673603314,25.83301421540906,25.8696,-80.3045
Taco Bell,FL,Hialeah,33016,-80.3325062773134,25.89489056171209,25.8696,-80.3045
Taco Bell,FL,Hialeah,33015,-80.317639464895,25.94132600885101,25.8696,-80.3045
Taco Bell,FL,Hialeah,33012,-80.3024862672869,25.86566056572887,25.8696,-80.3045
Taco Bell,FL,Hialeah,33012,-80.3024862672869,25.86566056572887,25.8696,-80.3045
Taco Bell,FL,Hialeah,33018,-80.37945582690156,25.925920124910146,25.8696,-80.3045
Taco Bell,FL,Gardens,33016,-80.3325062773134,25.89489056171209,,
Taco Bell,FL,Gardens,33018,-80.37945582690156,25.925920124910146,,
Taco Bell,FL,Sound,33455,-80.16111869209952,27.056692522197988,,
Taco Bell,FL,Hollywood,33024,-80.24526034571039,26.026962201317165,26.0293,-80.1679
Taco Bell,FL,Hollywood,33021,-80.18757525910296,26.023337589353115,26.0293,-80.1679
Taco Bell,FL,Hollywood,33020,-80.15231999829956,26.018963632845303,26.0293,-80.1679
Taco Bell,FL,Hollywood,33023,-80.21531931318673,25.98940069142988,26.0293,-80.1679
Taco Bell,FL,Homestead,33030,-80.50996291939636,25.484700252669874,25.4665,-80.4472
Taco Bell,FL,Homestead,33033,-80.41360949833678,25.483748398265195,25.4665,-80.4472
Taco Bell,FL,Homosassa,34448,-82.62348337178415,28.76750552159285,,
Taco Bell,FL,Homosassa,34446,-82.52216333914295,28.74728774157743,,
Taco Bell,FL,Hudson,34669,-82.61474440642185,28.358259773368914,42.7639,-71.4072
Taco Bell,FL,Interlachen,32148,-81.88410225938453,29.607959057065617,,
Taco Bell,FL,Inverness,34450,-82.27176790238015,28.835572164870413,,
Taco Bell,FL,Jacksonville,32211,-81.58401690648681,30.332679282273805,30.3322,-81.6749
Taco Bell,FL,Jacksonville,32225,-81.50599803368313,30.357511704650342,30.3322,-81.6749
Taco Bell,FL,Jacksonville,32216,-81.5831217034979,30.27872445337137,30.3322,-81.6749
Taco Bell,FL,Jacksonville,32246,-81.5179791422799,30.294004251361812,30.3322,-81.6749
Taco Bell,FL,Jacksonville,32224,-81.46798133379352,30.270270937629434,30.3322,-81.6749
Taco Bell,FL,Jacksonville,32205,-81.72199744119071,30.302860486192827,30.3322,-81.6749
Taco Bell,FL,Jacksonville,32218,-81.66923952153236,30.48664254270244,30.3322,-81.6749
Taco Bell,FL,Jacksonville,32256,-81.50038507858993,30.18783991577167,30.3322,-81.6749
Taco Bell,FL,Jacksonville,32208,-81.68253600378983,30.39343122731037,30.3322,-81.6749
Taco Bell,FL,Jacksonville,32210,-81.74463128832606,30.26558566794896,30.3322,-81.6749
Taco Bell,FL,Jacksonville,32257,-81.61232080656669,30.195162366558833,30.3322,-81.6749
Taco Bell,FL,Jacksonville,32209,-81.6955690459774,30.361075766780246,30.3322,-81.6749
Taco Bell,FL,Jacksonville,32256,-81.50038507858993,30.18783991577167,30.3322,-81.6749
Taco Bell,FL,Jacksonville,32223,-81.6481863653863,30.154876922180378,30.3322,-81.6749
Taco Bell,FL,Jacksonville,32246,-81.5179791422799,30.294004251361812,30.3322,-81.6749
Taco Bell,FL,Jacksonville,32225,-81.50599803368313,30.357511704650342,30.3322,-81.6749
Taco Bell,FL,Jacksonville,32210,-81.74463128832606,30.26558566794896,30.3322,-81.6749
Taco Bell,FL,Beach,32250,-81.40722728845029,30.27827476280412,,
Taco Bell,FL,Beach,34957,-80.24044153547567,27.28574873030899,,
Taco Bell,FL,Jupiter,33477,-80.07808879307723,26.91459806510363,26.92,-80.1128
Taco Bell,FL,Jupiter,33458,-80.13189288732987,26.93748669895554,26.92,-80.1128
Taco Bell,FL,City,33709,-82.73059876034206,27.81712042926504,,
Taco Bell,FL,West,33040,-81.89098491175844,24.571555570339726,,
Taco Bell,FL,Heights,32656,-81.95611309327612,29.814931267543262,,
Taco Bell,FL,Kissimmee,34747,-81.59667115768411,28.30959896443384,28.3041,-81.4169
Taco Bell,FL,Kissimmee,34746,-81.44056757572525,28.241460832261772,28.3041,-81.4169
Taco Bell,FL,Kissimmee,34741,-81.42573236050912,28.305453960989105,28.3041,-81.4169
Taco Bell,FL,Kissimmee,34746,-81.44056757572525,28.241460832261772,28.3041,-81.4169
Taco Bell,FL,Kissimmee,34746,-81.44056757572525,28.241460832261772,28.3041,-81.4169
Taco Bell,FL,Kissimmee,34743,-81.35439752239809,28.330590174907773,28.3041,-81.4169
Taco Bell,FL,Kissimmee,34743,-81.35439752239809,28.330590174907773,28.3041,-81.4169
Taco Bell,FL,Kissimmee,34744,-81.34484956236714,28.29641422329388,28.3041,-81.4169
Taco Bell,FL,Kissimmee,34741,-81.42573236050912,28.305453960989105,28.3041,-81.4169
Taco Bell,FL,Kissimmee,34746,-81.44056757572525,28.241460832261772,28.3041,-81.4169
Taco Bell,FL,Kissimmee,34747,-81.59667115768411,28.30959896443384,28.3041,-81.4169
Taco Bell,FL,Belle,33935,-81.43300822006366,26.759154415512437,,
Taco Bell,FL,Lake,32159,-81.90291093278769,28.925807907547338,,
Taco Bell,FL,Alfred,33850,-81.73264423536723,28.121079019790642,,
Taco Bell,FL,City,32025,-82.57604264503937,30.110757490295278,,
Taco Bell,FL,City,32055,-82.62541441754064,30.27019557747546,,
Taco Bell,FL,Mary,32746,-81.35453013759876,28.763944248176358,,
Taco Bell,FL,Placid,33852,-81.37414292859978,27.23882432446856,,
Taco Bell,FL,Wales,33859,-81.6220599860136,27.877339633221087,,
Taco Bell,FL,Wales,33853,-81.58466393278327,27.90028132345067,,
Taco Bell,FL,Wales,33859,-81.6220599860136,27.877339633221087,,
Taco Bell,FL,Worth,33463,-80.13002466368596,26.59526670645517,41.6877,-87.7916
Taco Bell,FL,Worth,33461,-80.09095359167114,26.620149670642487,41.6877,-87.7916
Taco Bell,FL,Lakeland,33801,-81.89620916852773,28.040820227978276,28.0557,-81.9545
Taco Bell,FL,Lakeland,33809,-81.97053449188233,28.222930959275818,28.0557,-81.9545
Taco Bell,FL,Lakeland,33809,-81.97053449188233,28.222930959275818,28.0557,-81.9545
Taco Bell,FL,Lakeland,33803,-81.93266126631609,28.00891089479939,28.0557,-81.9545
Taco Bell,FL,Lakeland,33812,-81.89308417241693,27.972870983167713,28.0557,-81.9545
Taco Bell,FL,Lakeland,33801,-81.89620916852773,28.040820227978276,28.0557,-81.9545
Taco Bell,FL,Lakeland,33815,-81.99645149793973,28.04069897566224,28.0557,-81.9545
Taco Bell,FL,Lantana,33462,-80.07112575221491,26.579470539197995,33.0926,-97.1214
Taco Bell,FL,Largo,33771,-82.75804600872506,27.90665217004227,27.9088,-82.7712
Taco Bell,FL,Largo,33774,-82.82763010707437,27.882648100881564,27.9088,-82.7712
Taco Bell,FL,Lakes,33311,-80.17323045291232,26.144073634330393,,
Taco Bell,FL,Leesburg,34748,-81.88186367332504,28.76643810235301,28.7672,-81.8962
Taco Bell,FL,Leesburg,34748,-81.88186367332504,28.76643810235301,28.7672,-81.8962
Taco Bell,FL,Leesburg,34748,-81.88186367332504,28.76643810235301,28.7672,-81.8962
Taco Bell,FL,Acres,33971,-81.69916725913158,26.638797079877357,,
Taco Bell,FL,Lithia,33547,-82.1339514560427,27.77634402776179,,
Taco Bell,FL,Oak,32060,-83.04974234769652,30.27523171923828,,
Taco Bell,FL,Longwood,32750,-81.35199506482986,28.70611663359972,28.7014,-81.3487
Taco Bell,FL,Lutz,33549,-82.44644634287496,28.140474220359373,28.1396,-82.4467
Taco Bell,FL,Lutz,33559,-82.41117141906452,28.155282488781413,28.1396,-82.4467
Taco Bell,FL,Lutz,33558,-82.51561209230371,28.158819354233223,28.1396,-82.4467
Taco Bell,FL,Haven,32444,-85.65210054508351,30.239360072875435,,
Taco Bell,FL,MacClenny,32063,-82.11203861750809,30.24671370621747,,
Taco Bell,FL,Afb,33608,,,,
Taco Bell,FL,Marathon,33050,-81.00844708317048,24.740721821275514,24.7263,-81.0374
Taco Bell,FL,Margate,33063,-80.20882877552927,26.25010096058348,26.2466,-80.2119
Taco Bell,FL,Marianna,32446,-85.22905224764614,30.845059678195707,,
Taco Bell,FL,Marianna,32448,-85.22109076871833,30.66924963998966,,
Taco Bell,FL,Esther,32569,-86.73517915193311,30.408529038178415,,
Taco Bell,FL,Melbourne,32940,-80.78752838543292,28.211338307163082,28.1086,-80.6627
Taco Bell,FL,Melbourne,32935,-80.64845948585173,28.145680192389957,28.1086,-80.6627
Taco Bell,FL,Island,32953,-80.70513778982742,28.448256629413592,,
Taco Bell,FL,Miami,33157,-80.34261311750409,25.606184372810077,25.784,-80.2101
Taco Bell,FL,Miami,33183,-80.40434838367388,25.70026511918899,25.784,-80.2101
Taco Bell,FL,Miami,33162,-80.1779984071169,25.928251657285625,25.784,-80.2101
Taco Bell,FL,Miami,33138,-80.1784033641151,25.85395494941819,25.784,-80.2101
Taco Bell,FL,Miami,33165,-80.35883074423118,25.734318099241193,25.784,-80.2101
Taco Bell,FL,Miami,33174,-80.36119374116869,25.761531564428683,25.784,-80.2101
Taco Bell,FL,Miami,33178,-80.41950862406769,25.858007807161183,25.784,-80.2101
Taco Bell,FL,Miami,33130,-80.20300434311534,25.768137203139627,25.784,-80.2101
Taco Bell,FL,Miami,33185,-80.44973928044358,25.727309421162236,25.784,-80.2101
Taco Bell,FL,Miami,33135,-80.23509451783393,25.766543558579507,25.784,-80.2101
Taco Bell,FL,Miami,33186,-80.41048812082302,25.655469886629945,25.784,-80.2101
Taco Bell,FL,Miami,33169,-80.21454308316187,25.943023442467883,25.784,-80.2101
Taco Bell,FL,Miami,33155,-80.31086987668944,25.73653140345436,25.784,-80.2101
Taco Bell,FL,Miami,33177,-80.40458183401059,25.59678046551734,25.784,-80.2101
Taco Bell,FL,Miami,33196,-80.48641808469984,25.65141810939689,25.784,-80.2101
Taco Bell,FL,Miami,33185,-80.44973928044358,25.727309421162236,25.784,-80.2101
Taco Bell,FL,Miami,33167,-80.23692876775716,25.885271640278113,25.784,-80.2101
Taco Bell,FL,Miami,33189,-80.33744322463667,25.573021072289635,25.784,-80.2101
Taco Bell,FL,Miami,33142,-80.23851872769231,25.811946910067494,25.784,-80.2101
Taco Bell,FL,Miami,33125,-80.23751345767586,25.78389191258882,25.784,-80.2101
Taco Bell,FL,Miami,33155,-80.31086987668944,25.73653140345436,25.784,-80.2101
Taco Bell,FL,Miami,33157,-80.34261311750409,25.606184372810077,25.784,-80.2101
Taco Bell,FL,Miami,33147,-80.23820184976452,25.851441554349567,25.784,-80.2101
Taco Bell,FL,Miami,33144,-80.31234537976705,25.763233890425834,25.784,-80.2101
Taco Bell,FL,Miami,33157,-80.34261311750409,25.606184372810077,25.784,-80.2101
Taco Bell,FL,Miami,33137,-80.17798034762572,25.815352561726094,25.784,-80.2101
Taco Bell,FL,Miami,33196,-80.48641808469984,25.65141810939689,25.784,-80.2101
Taco Bell,FL,Miami,33166,-80.31658579285711,25.828636515641506,25.784,-80.2101
Taco Bell,FL,Miami,33144,-80.31234537976705,25.763233890425834,25.784,-80.2101
Taco Bell,FL,Miami,33186,-80.41048812082302,25.655469886629945,25.784,-80.2101
Taco Bell,FL,Miami,33133,-80.24050698748573,25.728634784346514,25.784,-80.2101
Taco Bell,FL,Miami,33143,-80.29778894473598,25.702207290235744,25.784,-80.2101
Taco Bell,FL,Miami,33145,-80.23442372020367,25.75313252159138,25.784,-80.2101
Taco Bell,FL,Miami,33184,-80.40655979477917,25.75950223434344,25.784,-80.2101
Taco Bell,FL,Gardens,33055,-80.27802271117355,25.948232715334782,,
Taco Bell,FL,Gardens,33056,-80.24562801275124,25.949210795198123,,
Taco Bell,FL,Lakes,33014,-80.30307786893393,25.90428832881072,,
Taco Bell,FL,Middleburg,32068,-81.88324767086874,30.07890986883078,30.0502,-81.9011
Taco Bell,FL,Milton,32570,-86.97174610973252,30.807548042376048,34.1353,-84.3139
Taco Bell,FL,Minneola,34715,-81.7305620458019,28.62587191613943,28.6067,-81.7322
Taco Bell,FL,Miramar,33023,-80.21531931318673,25.98940069142988,25.9773,-80.3351
Taco Bell,FL,Miramar,33025,-80.28142906150019,25.987422113317894,25.9773,-80.3351
Taco Bell,FL,Miramar,33023,-80.21531931318673,25.98940069142988,25.9773,-80.3351
Taco Bell,FL,Beach,32550,-86.3474119569816,30.38497701914157,,
Taco Bell,FL,Dora,32757,-81.63816510506608,28.773442260089915,,
Taco Bell,FL,Mulberry,33860,-81.99425174261165,27.79162670673817,,
Taco Bell,FL,Naples,34116,-81.71053195945255,26.1880362379292,26.1504,-81.7936
Taco Bell,FL,Naples,34112,-81.74162368130752,26.117993754199233,26.1504,-81.7936
Taco Bell,FL,Naples,34110,-81.78562829294951,26.295541332953007,26.1504,-81.7936
Taco Bell,FL,Naples,34109,-81.76369517650514,26.240942705311124,26.1504,-81.7936
Taco Bell,FL,Naples,34120,-81.5750973076478,26.323437107024347,26.1504,-81.7936
Taco Bell,FL,Naranja,33032,-80.39185875482036,25.530232264186257,25.5164,-80.4222
Taco Bell,FL,Navarre,32566,-86.88929202748604,30.437203532521888,30.4174,-86.8907
Taco Bell,FL,Richey,34654,-82.62878680274426,28.2950279472518,,
Taco Bell,FL,Richey,34652,-82.7396481922107,28.23673103175222,,
Taco Bell,FL,Richey,34653,-82.69299186405364,28.243578354256357,,
Taco Bell,FL,Richey,34653,-82.69299186405364,28.243578354256357,,
Taco Bell,FL,Beach,32168,-81.02740909958547,28.973650803753188,,
Taco Bell,FL,Niceville,32578,-86.45225382811508,30.51024571190887,30.529,-86.4748
Taco Bell,FL,Niceville,32578,-86.45225382811508,30.51024571190887,30.529,-86.4748
Taco Bell,FL,Myers,33903,-81.90669739287094,26.681121669963744,,
Taco Bell,FL,Miami,33161,-80.1825388373148,25.893730673067765,25.784,-80.2101
Taco Bell,FL,Beach,33162,-80.1779984071169,25.928251657285625,,
Taco Bell,FL,Port,34287,-82.24462361575375,27.05389349639608,,
Taco Bell,FL,Port,34287,-82.24462361575375,27.05389349639608,,
Taco Bell,FL,Park,33334,-80.13440270724736,26.18314724213572,,
Taco Bell,FL,Ocala,34476,-82.19682041786723,29.081606792144612,29.178,-82.1511
Taco Bell,FL,Ocala,34472,-81.99548040779187,29.112494890445383,29.178,-82.1511
Taco Bell,FL,Ocala,34475,-82.1610225552438,29.257332865796435,29.178,-82.1511
Taco Bell,FL,Ocala,34475,-82.1610225552438,29.257332865796435,29.178,-82.1511
Taco Bell,FL,Ocala,34474,-82.20942908353673,29.156420982557936,29.178,-82.1511
Taco Bell,FL,Ocala,34470,-82.08743123564822,29.19890597832292,29.178,-82.1511
Taco Bell,FL,Ocala,34473,-82.1827948796402,29.005797964112162,29.178,-82.1511
Taco Bell,FL,Ocoee,34761,-81.53371581647474,28.577573506874643,28.5796,-81.5332
Taco Bell,FL,Ocoee,34761,-81.53371581647474,28.577573506874643,28.5796,-81.5332
Taco Bell,FL,Okeechobee,34972,-80.9271242581498,27.506546153401455,,
Taco Bell,FL,City,32763,-81.2981686285303,28.940601262137882,,
Taco Bell,FL,Park,32065,-81.80125328299592,30.149236784277768,,
Taco Bell,FL,Park,32073,-81.73932136654763,30.170256243639017,,
Taco Bell,FL,Orlando,32837,-81.42931547237875,28.37848420365389,28.4773,-81.337
Taco Bell,FL,Orlando,32809,-81.38584945408273,28.4620569605955,28.4773,-81.337
Taco Bell,FL,Orlando,32837,-81.42931547237875,28.37848420365389,28.4773,-81.337
Taco Bell,FL,Orlando,32811,-81.4446601508453,28.516926464829368,28.4773,-81.337
Taco Bell,FL,Orlando,32801,-81.37357226440271,28.541808854011055,28.4773,-81.337
Taco Bell,FL,Orlando,32809,-81.38584945408273,28.4620569605955,28.4773,-81.337
Taco Bell,FL,Orlando,32828,-81.16717569441096,28.528254378518373,28.4773,-81.337
Taco Bell,FL,Orlando,32821,-81.4752077993144,28.387153469283184,28.4773,-81.337
Taco Bell,FL,Orlando,32817,-81.2445985368543,28.59036614673772,28.4773,-81.337
Taco Bell,FL,Orlando,32808,-81.44329673363681,28.5790915997182,28.4773,-81.337
Taco Bell,FL,Orlando,32826,-81.18624746584952,28.588270754447247,28.4773,-81.337
Taco Bell,FL,Orlando,32807,-81.30088456743975,28.55268359232543,28.4773,-81.337
Taco Bell,FL,Orlando,32828,-81.16717569441096,28.528254378518373,28.4773,-81.337
Taco Bell,FL,Orlando,32820,-81.12130310710036,28.584988337699937,28.4773,-81.337
Taco Bell,FL,Orlando,32832,-81.18698406482233,28.397961985093485,28.4773,-81.337
Taco Bell,FL,Orlando,32819,-81.47104479713019,28.455903526480395,28.4773,-81.337
Taco Bell,FL,Orlando,32809,-81.38584945408273,28.4620569605955,28.4773,-81.337
Taco Bell,FL,Orlando,32822,-81.29047086537565,28.48980905348837,28.4773,-81.337
Taco Bell,FL,Orlando,32810,-81.42938777035707,28.621409219044242,28.4773,-81.337
Taco Bell,FL,Orlando,32822,-81.29047086537565,28.48980905348837,28.4773,-81.337
Taco Bell,FL,Orlando,32810,-81.42938777035707,28.621409219044242,28.4773,-81.337
Taco Bell,FL,Orlando,32808,-81.44329673363681,28.5790915997182,28.4773,-81.337
Taco Bell,FL,Orlando,32818,-81.4876921748684,28.58649047864898,28.4773,-81.337
Taco Bell,FL,Orlando,32836,-81.52057351937697,28.415351604412667,28.4773,-81.337
Taco Bell,FL,Orlando,32819,-81.47104479713019,28.455903526480395,28.4773,-81.337
Taco Bell,FL,Orlando,32803,-81.34771452467656,28.554923331036854,28.4773,-81.337
Taco Bell,FL,Orlando,32806,-81.36053855453491,28.512218544271576,28.4773,-81.337
Taco Bell,FL,Orlando,32817,-81.2445985368543,28.59036614673772,28.4773,-81.337
Taco Bell,FL,Orlando,32822,-81.29047086537565,28.48980905348837,28.4773,-81.337
Taco Bell,FL,Orlando,32819,-81.47104479713019,28.455903526480395,28.4773,-81.337
Taco Bell,FL,Beach,32174,-81.16354802149036,29.28541931378726,,
Taco Bell,FL,Beach,32174,-81.16354802149036,29.28541931378726,,
Taco Bell,FL,Oviedo,32765,-81.20179003372202,28.66742417567845,28.658,-81.1872
Taco Bell,FL,Pace,32571,-87.19822074443788,30.67979432217178,30.6188,-87.1667
Taco Bell,FL,Palatka,32177,-81.71137245321583,29.691180364509997,29.6493,-81.6705
Taco Bell,FL,Bay,32907,-80.6822834770644,28.015623548797535,,
Taco Bell,FL,Bay,32905,-80.59943129025953,28.031265703778054,,
Taco Bell,FL,Gardens,33410,-80.08802404430527,26.84660411324292,,
Taco Bell,FL,Coast,32137,-81.22153096069394,29.5808419585833,,
Taco Bell,FL,Coast,32164,-81.21788244315877,29.484096563680172,,
Taco Bell,FL,Harbor,34684,-82.72770379734398,28.081230273745735,,
Taco Bell,FL,Palmetto,34221,-82.55356359948885,27.581193020159912,27.5251,-82.5749
Taco Bell,FL,Palmetto,34221,-82.55356359948885,27.581193020159912,27.5251,-82.5749
Taco Bell,FL,City,32404,-85.50607061648786,30.20104036142661,,
Taco Bell,FL,City,32405,-85.66789573031767,30.200408135414463,,
Taco Bell,FL,City,32404,-85.50607061648786,30.20104036142661,,
Taco Bell,FL,Beach,32407,-85.79281426414144,30.199732951497847,,
Taco Bell,FL,Beach,32407,-85.79281426414144,30.199732951497847,,
Taco Bell,FL,Beach,32413,-85.91065750259513,30.310492426521883,,
Taco Bell,FL,Pines,33024,-80.24526034571039,26.026962201317165,,
Taco Bell,FL,Pines,33027,-80.3436367799042,25.982450750461986,,
Taco Bell,FL,Pines,33026,-80.29643208974906,26.02593021952723,,
Taco Bell,FL,Pensacola,32504,-87.19102361822789,30.484588875191783,30.4413,-87.1911
Taco Bell,FL,Pensacola,32501,-87.22238112729856,30.4284151968392,30.4413,-87.1911
Taco Bell,FL,Pensacola,32534,-87.28300879601278,30.532892838104782,30.4413,-87.1911
Taco Bell,FL,Pensacola,32514,-87.22197702988562,30.53185053198397,30.4413,-87.1911
Taco Bell,FL,Pensacola,32526,-87.36506257181539,30.496434311288052,30.4413,-87.1911
Taco Bell,FL,Pensacola,32507,-87.38437856739871,30.33556322059671,30.4413,-87.1911
Taco Bell,FL,Perry,32348,-83.59878751385409,29.965738176755366,32.472,-83.7283
Taco Bell,FL,Park,33781,-82.71511842464972,27.838678342444013,,
Taco Bell,FL,City,33566,-82.11639734179671,27.992736777121323,,
Taco Bell,FL,City,33567,-82.12160769470826,27.92201860182777,,
Taco Bell,FL,City,33566,-82.11639734179671,27.992736777121323,,
Taco Bell,FL,Plantation,33324,-80.27414079421544,26.112346145795218,26.1259,-80.2617
Taco Bell,FL,Beach,33068,-80.2177365340415,26.215717301208205,,
Taco Bell,FL,Beach,33060,-80.12059002251603,26.234776480159045,,
Taco Bell,FL,Beach,33069,-80.1579728272634,26.23565855359518,,
Taco Bell,FL,Beach,33064,-80.11566245598328,26.27849480928981,,
Taco Bell,FL,Charlotte,33948,-82.15099300956803,26.983981996885934,35.2083,-80.8303
Taco Bell,FL,Charlotte,33980,-82.05481537956071,26.97590908862637,35.2083,-80.8303
Taco Bell,FL,Orange,32127,-80.97349955002261,29.10670821207117,33.8038,-117.8218
Taco Bell,FL,Richey,34668,-82.7073673978006,28.302160356569782,,
Taco Bell,FL,Richey,34668,-82.7073673978006,28.302160356569782,,
Taco Bell,FL,Lucie,34952,-80.29886703564559,27.295626861833725,,
Taco Bell,FL,Lucie,34953,-80.38128260344702,27.2489949360937,,
Taco Bell,FL,Lucie,34986,-80.40505613230037,27.328684260120717,,
Taco Bell,FL,Lucie,34953,-80.38128260344702,27.2489949360937,,
Taco Bell,FL,Joe,32456,-85.31965908276052,29.79237804890198,,
Taco Bell,FL,Quincy,32351,-84.68179893691975,30.522288019782884,42.2506,-71.0187
Taco Bell,FL,Riverview,33578,-82.34994055097103,27.863312683621974,27.8227,-82.3023
Taco Bell,FL,Riverview,33569,-82.28720011415375,27.845157232079217,27.8227,-82.3023
Taco Bell,FL,Riverview,33578,-82.34994055097103,27.863312683621974,27.8227,-82.3023
Taco Bell,FL,Riverview,33578,-82.34994055097103,27.863312683621974,27.8227,-82.3023
Taco Bell,FL,Beach,33404,-80.06370166539052,26.783301809543723,,
Taco Bell,FL,Rockledge,32955,-80.72529987626793,28.296606184998797,28.3203,-80.736
Taco Bell,FL,Rockledge,32955,-80.72529987626793,28.296606184998797,28.3203,-80.736
Taco Bell,FL,Beach,33411,-80.199769662715,26.719787541788747,,
Taco Bell,FL,Beach,33411,-80.199769662715,26.719787541788747,,
Taco Bell,FL,Ruskin,33570,-82.46033875950505,27.689777203617723,27.7065,-82.4209
Taco Bell,FL,Augustine,32092,-81.51368966971852,29.934128891272408,,
Taco Bell,FL,Augustine,32084,-81.36682075338217,29.917559056641586,,
Taco Bell,FL,Cloud,34769,-81.29117968018325,28.245086730918697,,
Taco Bell,FL,Cloud,34771,-81.16270998618916,28.276509972447954,,
Taco Bell,FL,Cloud,34772,-81.26889261843655,28.163988034707394,,
Taco Bell,FL,Petersburg,33702,-82.62989714207264,27.84644930545249,37.2043,-77.3913
Taco Bell,FL,Petersburg,33711,-82.688368737153,27.738717329542453,37.2043,-77.3913
Taco Bell,FL,Petersburg,33704,-82.6296950838418,27.795818372737806,37.2043,-77.3913
Taco Bell,FL,Petersburg,33713,-82.6775614996338,27.788788196260988,37.2043,-77.3913
Taco Bell,FL,Petersburg,33710,-82.730398279575,27.790047920341827,37.2043,-77.3913
Taco Bell,FL,Petersburg,33701,-82.63254190936982,27.770804322117797,37.2043,-77.3913
Taco Bell,FL,Sanford,32773,-81.24728751676597,28.752044029184628,28.7891,-81.2757
Taco Bell,FL,Sanford,32771,-81.32643766781348,28.813480844781182,28.7891,-81.2757
Taco Bell,FL,Sanford,32771,-81.32643766781348,28.813480844781182,28.7891,-81.2757
Taco Bell,FL,Sarasota,34236,-82.55926253060134,27.32403650377642,27.3387,-82.5432
Taco Bell,FL,Sarasota,34243,-82.52955666568518,27.4032086952827,27.3387,-82.5432
Taco Bell,FL,Sarasota,34233,-82.47304638830747,27.283685504417093,27.3387,-82.5432
Taco Bell,FL,Sarasota,34236,-82.55926253060134,27.32403650377642,27.3387,-82.5432
Taco Bell,FL,Sarasota,34231,-82.51633765926121,27.26661246003389,27.3387,-82.5432
Taco Bell,FL,Beach,32937,-80.602008056137,28.178044636683264,,
Taco Bell,FL,Sebastian,32958,-80.49118130702227,27.793744945366445,27.7822,-80.4819
Taco Bell,FL,Sebring,33870,-81.40211216966495,27.504231239480934,27.477,-81.453
Taco Bell,FL,Seffner,33584,-82.28789454677401,28.00862059299772,,
Taco Bell,FL,Seminole,33772,-82.79639507480383,27.84259399358612,27.8435,-82.784
Taco Bell,FL,Daytona,32119,-81.02690381969546,29.16002247160081,,
Taco Bell,FL,Pasadena,33707,-82.72553898634152,27.755509903443258,29.6575,-95.1498
Taco Bell,FL,Hill,34606,-82.59753371409975,28.469953871121785,,
Taco Bell,FL,Hill,34609,-82.50819216871048,28.479330696116783,,
Taco Bell,FL,Hill,34609,-82.50819216871048,28.479330696116783,,
Taco Bell,FL,Hill,34608,-82.55317019285401,28.48276729764064,,
Taco Bell,FL,Johns,32259,-81.58723483810004,30.075859623664957,,
Taco Bell,FL,Starke,32091,-82.12547858312799,29.931206002046956,,
Taco Bell,FL,Stuart,34997,-80.27159699017307,27.052480962648417,27.1959,-80.2444
Taco Bell,FL,Stuart,34997,-80.27159699017307,27.052480962648417,27.1959,-80.2444
Taco Bell,FL,Sunrise,33322,-80.27450374029968,26.15020299182179,26.1547,-80.2997
Taco Bell,FL,Sunrise,33323,-80.3165095764062,26.15202422260002,26.1547,-80.2997
Taco Bell,FL,Tallahassee,32304,-84.35160973611545,30.453627172377477,30.4551,-84.2527
Taco Bell,FL,Tallahassee,32308,-84.22460523194074,30.477130171515586,30.4551,-84.2527
Taco Bell,FL,Tallahassee,32311,-84.16252397331789,30.40036891503645,30.4551,-84.2527
Taco Bell,FL,Tallahassee,32303,-84.34364726804219,30.514315883896085,30.4551,-84.2527
Taco Bell,FL,Tallahassee,32301,-84.25823926293593,30.425646418894544,30.4551,-84.2527
Taco Bell,FL,Tallahassee,32304,-84.35160973611545,30.453627172377477,30.4551,-84.2527
Taco Bell,FL,Tamarac,33351,-80.27459154515786,26.17929599934871,26.2056,-80.2539
Taco Bell,FL,Tampa,33615,-82.58126455341402,28.004889783862627,27.9945,-82.4447
Taco Bell,FL,Tampa,33634,-82.54612815728944,28.00886085438771,27.9945,-82.4447
Taco Bell,FL,Tampa,33625,-82.5603731011703,28.068034397614202,27.9945,-82.4447
Taco Bell,FL,Tampa,33617,-82.3927083059086,28.03833330051177,27.9945,-82.4447
Taco Bell,FL,Tampa,33609,-82.51756841148666,27.944162188785658,27.9945,-82.4447
Taco Bell,FL,Tampa,33607,-82.51540646123789,27.96750202149216,27.9945,-82.4447
Taco Bell,FL,Tampa,33614,-82.5060877808892,28.005954288059776,27.9945,-82.4447
Taco Bell,FL,Tampa,33611,-82.50621742154824,27.890581613997217,27.9945,-82.4447
Taco Bell,FL,Tampa,33612,-82.44974609215913,28.050740880666368,27.9945,-82.4447
Taco Bell,FL,Tampa,33610,-82.38034355537839,27.997172676071408,27.9945,-82.4447
Taco Bell,FL,Tampa,33613,-82.45088617713007,28.08363961172741,27.9945,-82.4447
Taco Bell,FL,Tampa,33619,-82.37882996765592,27.936582241038746,27.9945,-82.4447
Taco Bell,FL,Tampa,33647,-82.35798073380586,28.13414065691357,27.9945,-82.4447
Taco Bell,FL,Tampa,33612,-82.44974609215913,28.050740880666368,27.9945,-82.4447
Taco Bell,FL,Tampa,33606,-82.46469692477358,27.931263875521207,27.9945,-82.4447
Taco Bell,FL,Tampa,33624,-82.52675596126902,28.078988633483682,27.9945,-82.4447
Taco Bell,FL,Tampa,33635,-82.6177439147798,28.027279113200265,27.9945,-82.4447
Taco Bell,FL,Tampa,33618,-82.49853586793348,28.073357234058925,27.9945,-82.4447
Taco Bell,FL,Tampa,33625,-82.5603731011703,28.068034397614202,27.9945,-82.4447
Taco Bell,FL,Springs,34689,-82.76000195582199,28.148939848977516,41.0212,-72.1584
Taco Bell,FL,Tavares,32778,-81.73000655697842,28.77667041946869,28.792,-81.7352
Taco Bell,FL,Villages,32162,-81.9928225851949,28.916963050421845,,
Taco Bell,FL,Titusville,32780,-80.79346946628957,28.536437955220023,28.5727,-80.8193
Taco Bell,FL,Titusville,32780,-80.79346946628957,28.536437955220023,28.5727,-80.8193
Taco Bell,FL,Umatilla,32784,-81.72194884116918,28.975970213387836,,
Taco Bell,FL,Valrico,33594,-82.24193882067462,27.940702604366184,27.9193,-82.2293
Taco Bell,FL,Venice,34292,-82.34100739543669,27.10167732315021,27.1184,-82.4137
Taco Bell,FL,Venice,34293,-82.33552212033301,27.028018061695192,27.1184,-82.4137
Taco Bell,FL,Venice,34292,-82.34100739543669,27.10167732315021,27.1184,-82.4137
Taco Bell,FL,Beach,32960,-80.40287821565134,27.64115199048618,,
Taco Bell,FL,Beach,32960,-80.40287821565134,27.64115199048618,,
Taco Bell,FL,Wauchula,33873,-81.77286760020803,27.562555171524526,,
Taco Bell,FL,Wellington,33414,-80.25009176677261,26.648439554821888,26.6461,-80.2699
Taco Bell,FL,Wellington,33414,-80.25009176677261,26.648439554821888,26.6461,-80.2699
Taco Bell,FL,Chapel,33543,-82.29636574932597,28.200746307531254,,
Taco Bell,FL,Melbourne,32904,-80.6779411494145,28.06728105569852,28.1086,-80.6627
Taco Bell,FL,Beach,33405,-80.05823283934802,26.667720978896465,,
Taco Bell,FL,Beach,33411,-80.199769662715,26.719787541788747,,
Taco Bell,FL,Beach,33406,-80.0906873047323,26.66493842450736,,
Taco Bell,FL,Beach,33407,-80.09065291100981,26.75770978763522,,
Taco Bell,FL,Beach,33409,-80.09644342698891,26.716137806651528,,
Taco Bell,FL,Beach,33401,-80.06778839500555,26.716409075103552,,
Taco Bell,FL,Westlake,33470,-80.32034748223816,26.727049745172383,41.4524,-81.9294
Taco Bell,FL,Weston,33326,-80.36813130268902,26.115885496327078,26.1006,-80.4054
Taco Bell,FL,Wildwood,34785,-82.04019686147353,28.83931685884908,38.58,-90.6698
Taco Bell,FL,Wildwood,34785,-82.04019686147353,28.83931685884908,38.58,-90.6698
Taco Bell,FL,Williston,32696,-82.46057243614622,29.39797501571419,48.1814,-103.6364
Taco Bell,FL,Windermere,34786,-81.55435506867177,28.482071960155686,,
Taco Bell,FL,Garden,34787,-81.62774146401225,28.482384067820277,,
Taco Bell,FL,Garden,34787,-81.62774146401225,28.482384067820277,,
Taco Bell,FL,Garden,34787,-81.62774146401225,28.482384067820277,,
Taco Bell,FL,Haven,33884,-81.67358515544703,27.981037968067906,,
Taco Bell,FL,Haven,33880,-81.78037953257027,27.981307360931254,,
Taco Bell,FL,Park,32789,-81.3520622101383,28.599633143203263,,
Taco Bell,FL,Park,32792,-81.29877984698525,28.60998836058229,,
Taco Bell,FL,Springs,32708,-81.27273964075555,28.68737236712443,41.0212,-72.1584
Taco Bell,FL,Springs,32708,-81.27273964075555,28.68737236712443,41.0212,-72.1584
Taco Bell,FL,Yulee,32097,-81.62966587354501,30.66379008404358,30.635,-81.5678
Taco Bell,FL,Zephyrhills,33542,-82.17708378221344,28.235451732781264,28.2409,-82.1797
Taco Bell,FL,Zephyrhills,33543,-82.29636574932597,28.200746307531254,28.2409,-82.1797
Taco Bell,GA,Acworth,30102,-84.64338050388247,34.106065893810936,34.0566,-84.6716
Taco Bell,GA,Acworth,30101,-84.7127230912576,34.0434757823509,34.0566,-84.6716
Taco Bell,GA,Acworth,30101,-84.7127230912576,34.0434757823509,34.0566,-84.6716
Taco Bell,GA,Adairsville,30103,-84.92067825472515,34.366626832895804,,
Taco Bell,GA,Adel,31620,-83.43764529564814,31.118424095218987,,
Taco Bell,GA,Albany,31707,-84.2075066891238,31.588309562498395,42.6664,-73.7987
Taco Bell,GA,Albany,31707,-84.2075066891238,31.588309562498395,42.6664,-73.7987
Taco Bell,GA,Albany,31705,-84.0443730941536,31.509735354398273,42.6664,-73.7987
Taco Bell,GA,Alpharetta,30022,-84.24721790450248,34.03029828676836,34.0704,-84.2738
Taco Bell,GA,Alpharetta,30022,-84.24721790450248,34.03029828676836,34.0704,-84.2738
Taco Bell,GA,Alpharetta,30004,-84.29949184598414,34.14326819504174,34.0704,-84.2738
Taco Bell,GA,Americus,31709,-84.13411707947814,32.06394550995808,32.0736,-84.2248
Taco Bell,GA,Athens,30606,-83.42878228726372,33.93959164939651,33.9508,-83.3689
Taco Bell,GA,Athens,30606,-83.42878228726372,33.93959164939651,33.9508,-83.3689
Taco Bell,GA,Athens,30605,-83.32328506551852,33.90658210433229,33.9508,-83.3689
Taco Bell,GA,Athens,30606,-83.42878228726372,33.93959164939651,33.9508,-83.3689
Taco Bell,GA,Athens,30601,-83.34853129515824,34.000845928347296,33.9508,-83.3689
Taco Bell,GA,Athens,30606,-83.42878228726372,33.93959164939651,33.9508,-83.3689
Taco Bell,GA,Atlanta,30309,-84.38663131991436,33.79757483176415,33.7628,-84.422
Taco Bell,GA,Atlanta,30310,-84.4269477577803,33.72658332117001,33.7628,-84.422
Taco Bell,GA,Atlanta,30308,-84.37810746221368,33.771126702360725,33.7628,-84.422
Taco Bell,GA,Atlanta,30331,-84.5438926676822,33.70635546788381,33.7628,-84.422
Taco Bell,GA,Atlanta,30329,-84.3229367664486,33.8270068853011,33.7628,-84.422
Taco Bell,GA,Atlanta,30329,-84.3229367664486,33.8270068853011,33.7628,-84.422
Taco Bell,GA,Atlanta,30318,-84.44791320357486,33.792346097314734,33.7628,-84.422
Taco Bell,GA,Atlanta,30331,-84.5438926676822,33.70635546788381,33.7628,-84.422
Taco Bell,GA,Atlanta,30320,,,33.7628,-84.422
Taco Bell,GA,Augusta,30909,-82.08339027662579,33.47171189103108,33.3645,-82.0708
Taco Bell,GA,Augusta,30906,-81.97254568652025,33.345020671857924,33.3645,-82.0708
Taco Bell,GA,Augusta,30909,-82.08339027662579,33.47171189103108,33.3645,-82.0708
Taco Bell,GA,Austell,30106,-84.6270361526318,33.836010403837186,,
Taco Bell,GA,Bainbridge,39819,-84.63845852591815,30.785185693266907,30.9052,-84.5732
Taco Bell,GA,Baxley,31513,-82.34741576324879,31.777488760650854,,
Taco Bell,GA,Bethlehem,30620,-83.75732593746001,33.92907187476788,40.6266,-75.3679
Taco Bell,GA,Ridge,30513,-84.31996823212951,34.824218806274644,40.9068,-72.8816
Taco Bell,GA,Bonaire,31005,-83.59733975153037,32.544392993015755,,
Taco Bell,GA,Braselton,30517,-83.79748126009164,34.13060813037377,34.1087,-83.8127
Taco Bell,GA,Bremen,30110,-85.1333562300871,33.74203035877929,,
Taco Bell,GA,Brunswick,31520,-81.49483583022177,31.180740855378787,31.1449,-81.4746
Taco Bell,GA,Buford,30518,-84.02637666618409,34.13189040283078,34.1192,-83.9903
Taco Bell,GA,Buford,30519,-83.94116329083592,34.087979905404495,34.1192,-83.9903
Taco Bell,GA,Buford,30519,-83.94116329083592,34.087979905404495,34.1192,-83.9903
Taco Bell,GA,Buford,30519,-83.94116329083592,34.087979905404495,34.1192,-83.9903
Taco Bell,GA,Buford,30519,-83.94116329083592,34.087979905404495,34.1192,-83.9903
Taco Bell,GA,Byron,31008,-83.7825410894357,32.656051287615334,,
Taco Bell,GA,Cairo,39828,-84.22121774152926,30.802064123606684,30.879,-84.205
Taco Bell,GA,Calhoun,30701,-84.95572416572097,34.496579817574485,34.491,-84.9386
Taco Bell,GA,Calhoun,30701,-84.95572416572097,34.496579817574485,34.491,-84.9386
Taco Bell,GA,Camilla,31730,-84.28678839313282,31.20676415543857,,
Taco Bell,GA,Canton,30115,-84.40074657438741,34.204061308966544,40.8078,-81.3676
Taco Bell,GA,Canton,30114,-84.52569376043606,34.24692972026733,40.8078,-81.3676
Taco Bell,GA,Canton,30115,-84.40074657438741,34.204061308966544,40.8078,-81.3676
Taco Bell,GA,Carrollton,30117,-85.132406176604,33.58016137427881,32.989,-96.8999
Taco Bell,GA,Carrollton,30117,-85.132406176604,33.58016137427881,32.989,-96.8999
Taco Bell,GA,Carrollton,30117,-85.132406176604,33.58016137427881,32.989,-96.8999
Taco Bell,GA,Cartersville,30121,-84.7766153189977,34.208392988492534,34.1644,-84.8009
Taco Bell,GA,Cartersville,30120,-84.85534979248156,34.16709295903823,34.1644,-84.8009
Taco Bell,GA,Cartersville,30121,-84.7766153189977,34.208392988492534,34.1644,-84.8009
Taco Bell,GA,Cartersville,30121,-84.7766153189977,34.208392988492534,34.1644,-84.8009
Taco Bell,GA,Cartersville,30121,-84.7766153189977,34.208392988492534,34.1644,-84.8009
Taco Bell,GA,Cedartown,30125,-85.27501837116213,34.002036630812476,34.0223,-85.2479
Taco Bell,GA,Chamblee,30341,-84.29042825901679,33.88786337312839,33.8842,-84.3007
Taco Bell,GA,Chatsworth,30705,-84.74897436953614,34.75017371404503,,
Taco Bell,GA,Chickamauga,30707,-85.36037744384313,34.77634870091865,,
Taco Bell,GA,Clarkesville,30523,-83.53650744563213,34.70783619772156,,
Taco Bell,GA,Claxton,30417,-81.92019304844231,32.173233854201946,,
Taco Bell,GA,Clayton,30525,-83.37159682689263,34.908676606957854,35.659,-78.4498
Taco Bell,GA,Cleveland,30528,-83.79490971351737,34.61547913182682,41.4764,-81.6805
Taco Bell,GA,Park,30349,-84.52591072242885,33.62357430119991,,
Taco Bell,GA,Columbus,31906,-84.94952777621478,32.467984792298296,39.9862,-82.9855
Taco Bell,GA,Columbus,31909,-84.92156265063481,32.54484586946647,39.9862,-82.9855
Taco Bell,GA,Columbus,31903,-84.95336981755915,32.41472377904663,39.9862,-82.9855
Taco Bell,GA,Columbus,31907,-84.90134976164848,32.48254606986616,39.9862,-82.9855
Taco Bell,GA,Columbus,31901,-84.97991554082799,32.46489509953126,39.9862,-82.9855
Taco Bell,GA,Columbus,31903,-84.95336981755915,32.41472377904663,39.9862,-82.9855
Taco Bell,GA,Columbus,31906,-84.94952777621478,32.467984792298296,39.9862,-82.9855
Taco Bell,GA,Commerce,30529,-83.4802518409234,34.21826631077167,33.9963,-118.1519
Taco Bell,GA,Conyers,30013,-83.97193993303334,33.644191609012786,33.6646,-83.9966
Taco Bell,GA,Conyers,30013,-83.97193993303334,33.644191609012786,33.6646,-83.9966
Taco Bell,GA,Conyers,30012,-83.9986639391831,33.71883300862997,33.6646,-83.9966
Taco Bell,GA,Cordele,31015,-83.77531488753532,31.93550334595343,31.9563,-83.7694
Taco Bell,GA,Cornelia,30531,-83.59160235184304,34.51012971747833,,
Taco Bell,GA,Covington,30014,-83.8204574065506,33.5782756330876,39.0334,-84.5166
Taco Bell,GA,Covington,30016,-83.92943798612812,33.51714789064364,39.0334,-84.5166
Taco Bell,GA,Covington,30014,-83.8204574065506,33.5782756330876,39.0334,-84.5166
Taco Bell,GA,Covington,30014,-83.8204574065506,33.5782756330876,39.0334,-84.5166
Taco Bell,GA,Cumming,30041,-84.09419021808243,34.2003942222192,,
Taco Bell,GA,Cumming,30041,-84.09419021808243,34.2003942222192,,
Taco Bell,GA,Cumming,30040,-84.18062310324505,34.216141756567396,,
Taco Bell,GA,Dacula,30019,-83.88229693927912,33.97643319512446,,
Taco Bell,GA,Dacula,30019,-83.88229693927912,33.97643319512446,,
Taco Bell,GA,Dahlonega,30533,-84.01537740072553,34.56408084791205,,
Taco Bell,GA,Dallas,30132,-84.85867471160435,33.988375091027216,32.7935,-96.7667
Taco Bell,GA,Dallas,30132,-84.85867471160435,33.988375091027216,32.7935,-96.7667
Taco Bell,GA,Dallas,30157,-84.87324719923136,33.88585796514766,32.7935,-96.7667
Taco Bell,GA,Dalton,30721,-84.91408508881035,34.79158228479154,34.769,-84.972
Taco Bell,GA,Dalton,30721,-84.91408508881035,34.79158228479154,34.769,-84.972
Taco Bell,GA,Dalton,30721,-84.91408508881035,34.79158228479154,34.769,-84.972
Taco Bell,GA,Darien,31305,-81.38952195731264,31.39775369538841,41.7448,-87.9822
Taco Bell,GA,Dawsonville,30534,-84.15075043753727,34.43886805879059,,
Taco Bell,GA,Decatur,30034,-84.24882109051536,33.69197519796221,39.8557,-88.9342
Taco Bell,GA,Decatur,30035,-84.20522408084098,33.72557272866619,39.8557,-88.9342
Taco Bell,GA,Decatur,30032,-84.2643504008985,33.73970623231882,39.8557,-88.9342
Taco Bell,GA,Doraville,30340,-84.25084752992511,33.89784831597082,33.9073,-84.2711
Taco Bell,GA,Douglas,31533,-82.82859810764246,31.549134275450715,31.3602,-109.5394
Taco Bell,GA,Douglasville,30135,-84.74552777072454,33.67236078659097,33.7384,-84.7054
Taco Bell,GA,Douglasville,30134,-84.77979964850483,33.7747617100271,33.7384,-84.7054
Taco Bell,GA,Douglasville,30135,-84.74552777072454,33.67236078659097,33.7384,-84.7054
Taco Bell,GA,Douglasville,30134,-84.77979964850483,33.7747617100271,33.7384,-84.7054
Taco Bell,GA,Douglasville,30135,-84.74552777072454,33.67236078659097,33.7384,-84.7054
Taco Bell,GA,Dublin,31021,-82.93910902045525,32.4930824295641,37.7161,-121.8963
Taco Bell,GA,Dublin,31021,-82.93910902045525,32.4930824295641,37.7161,-121.8963
Taco Bell,GA,Duluth,30096,-84.14824108898554,33.976817083882196,46.7756,-92.1393
Taco Bell,GA,Point,30344,-84.46024913327999,33.675156044315415,,
Taco Bell,GA,Point,30344,-84.46024913327999,33.675156044315415,,
Taco Bell,GA,Eastman,31023,-83.20045598948522,32.183999584881846,,
Taco Bell,GA,Elberton,30635,-82.8043993672763,34.103168464333585,,
Taco Bell,GA,Ellenwood,30294,-84.26383509369835,33.636329153804326,,
Taco Bell,GA,Ellenwood,30294,-84.26383509369835,33.636329153804326,,
Taco Bell,GA,Ellijay,30540,-84.54403277319517,34.72432782586122,,
Taco Bell,GA,Evans,30809,-82.16436445305706,33.555417289088396,33.5619,-82.1351
Taco Bell,GA,Fairburn,30213,-84.63727283995865,33.591467494998675,33.5496,-84.5914
Taco Bell,GA,Fayetteville,30214,-84.4874112401563,33.49171627828363,36.0714,-94.1661
Taco Bell,GA,Fitzgerald,31750,-83.21608995777439,31.7335496024514,31.7134,-83.2514
Taco Bell,GA,Park,30297,-84.37184455222969,33.615613794249036,,
Taco Bell,GA,Forsyth,31029,-83.92706543424289,33.03732961588886,,
Taco Bell,GA,Gordon,30905,-82.1426859715278,33.41473304496251,,
Taco Bell,GA,Oglethorpe,30742,-85.24323932050423,34.95058304318932,,
Taco Bell,GA,Valley,31030,-83.89034046215986,32.570279001805446,32.8088,-85.181
Taco Bell,GA,Gainesville,30501,-83.8161866388352,34.31853896780318,29.6804,-82.3459
Taco Bell,GA,Gainesville,30501,-83.8161866388352,34.31853896780318,29.6804,-82.3459
Taco Bell,GA,Gainesville,30501,-83.8161866388352,34.31853896780318,29.6804,-82.3459
Taco Bell,GA,Gray,31032,-83.56910317746394,33.01268686877733,,
Taco Bell,GA,Grayson,30017,-83.96320166723764,33.89010605529022,,
Taco Bell,GA,Greensboro,30642,-83.19344220105744,33.55440026765535,36.0956,-79.8271
Taco Bell,GA,Griffin,30223,-84.27971782514471,33.2862886495271,33.2418,-84.2748
Taco Bell,GA,Griffin,30223,-84.27971782514471,33.2862886495271,33.2418,-84.2748
Taco Bell,GA,Grovetown,30813,-82.22088114550864,33.47139968117099,33.4503,-82.2073
Taco Bell,GA,Hampton,30228,-84.30542867305189,33.404489520382185,37.0551,-76.363
Taco Bell,GA,Hartwell,30643,-82.90882079333505,34.36262301660086,,
Taco Bell,GA,Hephzibah,30815,-82.08934218417645,33.28732762177447,,
Taco Bell,GA,Hiawassee,30546,-83.70731265576731,34.90881188874549,,
Taco Bell,GA,Hinesville,31313,-81.61006104540745,31.837989978283364,31.8248,-81.6137
Taco Bell,GA,Hiram,30141,-84.7717462292985,33.86264966729241,,
Taco Bell,GA,Springs,30115,-84.40074657438741,34.204061308966544,41.0212,-72.1584
Taco Bell,GA,Jackson,30233,-83.96942076611477,33.29192968893831,32.3157,-90.2125
Taco Bell,GA,Jasper,30143,-84.43322597511178,34.45881478752706,38.3933,-86.9402
Taco Bell,GA,Jefferson,30549,-83.57734942611306,34.106784714096705,41.0003,-74.5531
Taco Bell,GA,Jefferson,30549,-83.57734942611306,34.106784714096705,41.0003,-74.5531
Taco Bell,GA,Jesup,31545,-81.94185223660938,31.652306203245075,31.5992,-81.8895
Taco Bell,GA,Jonesboro,30236,-84.32423653618977,33.52240847292117,35.8212,-90.6791
Taco Bell,GA,Kennesaw,30144,-84.59191602553555,34.0370719206797,34.026,-84.6177
Taco Bell,GA,Kennesaw,30144,-84.59191602553555,34.0370719206797,34.026,-84.6177
Taco Bell,GA,Kennesaw,30152,-84.65074714571175,33.99505707155932,34.026,-84.6177
Taco Bell,GA,Kennesaw,30144,-84.59191602553555,34.0370719206797,34.026,-84.6177
Taco Bell,GA,Kingsland,31548,-81.69800376393341,30.793648372581902,30.8194,-81.7216
Taco Bell,GA,Fayette,30728,-85.22469218515089,34.67870381522467,,
Taco Bell,GA,Grange,30240,-85.12363345264721,33.03626500168596,,
Taco Bell,GA,Lagrange,30241,-84.95161042904103,33.022220269023485,,
Taco Bell,GA,Park,31636,-83.11255470268084,30.733135807575835,,
Taco Bell,GA,Lavonia,30553,-83.08592630147652,34.44330107556757,,
Taco Bell,GA,Lawrenceville,30043,-84.00746866283708,34.003018044468085,33.9523,-83.9932
Taco Bell,GA,Lawrenceville,30045,-83.92997195751953,33.93125870494946,33.9523,-83.9932
Taco Bell,GA,Lawrenceville,30044,-84.06917396281936,33.9221659847355,33.9523,-83.9932
Taco Bell,GA,Lawrenceville,30044,-84.06917396281936,33.9221659847355,33.9523,-83.9932
Taco Bell,GA,Lawrenceville,30043,-84.00746866283708,34.003018044468085,33.9523,-83.9932
Taco Bell,GA,Springs,30122,-84.63819490816861,33.76297883985855,41.0212,-72.1584
Taco Bell,GA,Lithonia,30038,-84.14237752372684,33.67060213053859,,
Taco Bell,GA,Lithonia,30038,-84.14237752372684,33.67060213053859,,
Taco Bell,GA,Grove,30248,-84.1077535543608,33.35142294500612,,
Taco Bell,GA,Loganville,30052,-83.89468176460245,33.81580445420744,33.8353,-83.8958
Taco Bell,GA,Macon,31211,-83.60600212592834,32.910484140990945,32.8065,-83.6974
Taco Bell,GA,Macon,31210,-83.73573359785715,32.90486945462445,32.8065,-83.6974
Taco Bell,GA,Macon,31206,-83.67897938963888,32.79141359677245,32.8065,-83.6974
Taco Bell,GA,Macon,31210,-83.73573359785715,32.90486945462445,32.8065,-83.6974
Taco Bell,GA,Macon,31210,-83.73573359785715,32.90486945462445,32.8065,-83.6974
Taco Bell,GA,Macon,31220,-83.82198152544939,32.87779902944927,32.8065,-83.6974
Taco Bell,GA,Madison,30650,-83.47198844347388,33.58412868170404,43.0822,-89.393
Taco Bell,GA,Marietta,30068,-84.43276426978873,33.96892049874114,33.9533,-84.5422
Taco Bell,GA,Marietta,30064,-84.61644356161064,33.939618105695274,33.9533,-84.5422
Taco Bell,GA,Marietta,30066,-84.50790592592128,34.03399602806759,33.9533,-84.5422
Taco Bell,GA,Marietta,30066,-84.50790592592128,34.03399602806759,33.9533,-84.5422
Taco Bell,GA,Marietta,30067,-84.46151815422749,33.932419989282074,33.9533,-84.5422
Taco Bell,GA,Marietta,30062,-84.46983411860657,33.999696662216735,33.9533,-84.5422
Taco Bell,GA,Marietta,30060,-84.54205811996198,33.920294343986825,33.9533,-84.5422
Taco Bell,GA,Marietta,30064,-84.61644356161064,33.939618105695274,33.9533,-84.5422
Taco Bell,GA,Martinez,30907,-82.08523935436394,33.52291870412171,37.9985,-122.1161
Taco Bell,GA,McDonough,30252,-84.06241103596432,33.46969902308296,33.4397,-84.1505
Taco Bell,GA,McDonough,30253,-84.18335763318602,33.448846389414335,33.4397,-84.1505
Taco Bell,GA,McDonough,30253,-84.18335763318602,33.448846389414335,33.4397,-84.1505
Taco Bell,GA,McDonough,30253,-84.18335763318602,33.448846389414335,33.4397,-84.1505
Taco Bell,GA,Metter,30439,-82.076478679894,32.40569346325522,,
Taco Bell,GA,Midland,31820,-84.8259987536669,32.579423265632954,32.0243,-102.1147
Taco Bell,GA,Milledgeville,31061,-83.2465836426649,33.07616055325758,33.0874,-83.2414
Taco Bell,GA,Monroe,30655,-83.6979454714871,33.77840492554995,32.5185,-92.0774
Taco Bell,GA,Morrow,30260,-84.32923046216182,33.584860425685655,,
Taco Bell,GA,Morrow,30260,-84.32923046216182,33.584860425685655,,
Taco Bell,GA,Moultrie,31788,-83.67992331316019,31.109526823993328,31.1591,-83.7708
Taco Bell,GA,Newnan,30263,-84.85805976760918,33.38870728044093,33.3767,-84.7761
Taco Bell,GA,Newnan,30265,-84.70671018984278,33.41789126267004,33.3767,-84.7761
Taco Bell,GA,Norcross,30093,-84.17807540406464,33.909500137903244,33.9379,-84.2065
Taco Bell,GA,Norcross,30092,-84.23516429816372,33.971677874256,33.9379,-84.2065
Taco Bell,GA,Norcross,30093,-84.17807540406464,33.909500137903244,33.9379,-84.2065
Taco Bell,GA,Oakwood,30566,-83.89498362917557,34.23575412699387,39.7202,-84.1734
Taco Bell,GA,City,30269,-84.57084095141285,33.39451333005101,,
Taco Bell,GA,Corners,30092,-84.23516429816372,33.971677874256,,
Taco Bell,GA,Perry,31069,-83.74345615308822,32.44105630334256,32.472,-83.7283
Taco Bell,GA,Pooler,31322,-81.25391202844887,32.1096370130986,32.1043,-81.2569
Taco Bell,GA,Pooler,31322,-81.25391202844887,32.1096370130986,32.1043,-81.2569
Taco Bell,GA,Wentworth,31407,-81.19255540452929,32.18569762432078,,
Taco Bell,GA,Springs,30127,-84.69609339198672,33.87475137017796,41.0212,-72.1584
Taco Bell,GA,Hill,31324,-81.267440889481,31.85397251369322,,
Taco Bell,GA,Rincon,31326,-81.22975295803354,32.29600817196525,32.2947,-81.2353
Taco Bell,GA,Ringgold,30736,-85.13622872257679,34.90445341043814,,
Taco Bell,GA,Riverdale,30274,-84.40064206552432,33.553749265761546,33.5639,-84.4103
Taco Bell,GA,Rockmart,30153,-85.06208840101242,33.967392759006344,,
Taco Bell,GA,Rome,30165,-85.27159221279518,34.303550788567975,34.2662,-85.1863
Taco Bell,GA,Rome,30165,-85.27159221279518,34.303550788567975,34.2662,-85.1863
Taco Bell,GA,Rome,30161,-85.17184354768378,34.237981393153554,34.2662,-85.1863
Taco Bell,GA,Roswell,30076,-84.31762852494705,34.02842709249089,34.0391,-84.3513
Taco Bell,GA,Roswell,30075,-84.38742057222008,34.05249909077347,34.0391,-84.3513
Taco Bell,GA,Sandersville,31082,-82.89683488281693,32.9924434201439,,
Taco Bell,GA,Springs,30328,-84.3857740198999,33.93214752222916,41.0212,-72.1584
Taco Bell,GA,Savannah,31406,-81.08488741111101,31.977925264366196,32.0286,-81.1821
Taco Bell,GA,Savannah,31404,-81.0497839742095,32.054007905164575,32.0286,-81.1821
Taco Bell,GA,Savannah,31419,-81.23582601824457,31.99574484635314,32.0286,-81.1821
Taco Bell,GA,Savannah,31405,-81.17252566356103,32.0394800323178,32.0286,-81.1821
Taco Bell,GA,Sharpsburg,30277,-84.650532703848,33.38134926218637,,
Taco Bell,GA,Smyrna,30080,-84.50111655341973,33.87136876036267,33.8633,-84.5168
Taco Bell,GA,Smyrna,30080,-84.50111655341973,33.87136876036267,33.8633,-84.5168
Taco Bell,GA,Smyrna,30080,-84.50111655341973,33.87136876036267,33.8633,-84.5168
Taco Bell,GA,Snellville,30078,-84.01785346738356,33.861644451967926,33.8562,-84.0038
Taco Bell,GA,Snellville,30039,-84.0331871686234,33.79965348392357,33.8562,-84.0038
Taco Bell,GA,Statesboro,30458,-81.82558510009683,32.39866740456303,32.4375,-81.7751
Taco Bell,GA,Stockbridge,30281,-84.19491747299753,33.56350895045122,33.5254,-84.2295
Taco Bell,GA,Stockbridge,30281,-84.19491747299753,33.56350895045122,33.5254,-84.2295
Taco Bell,GA,Mountain,30083,-84.19449773296292,33.795186315152705,,
Taco Bell,GA,Mountain,30087,-84.1313151649831,33.81004344168834,,
Taco Bell,GA,Summerville,30747,-85.29877442662055,34.49890617580577,33.0016,-80.1799
Taco Bell,GA,Suwanee,30024,-84.0907212304099,34.062397385181015,34.0508,-84.0686
Taco Bell,GA,Suwanee,30024,-84.0907212304099,34.062397385181015,34.0508,-84.0686
Taco Bell,GA,Suwanee,30024,-84.0907212304099,34.062397385181015,34.0508,-84.0686
Taco Bell,GA,Swainsboro,30401,-82.3520376002654,32.60048266452317,,
Taco Bell,GA,Sylvester,31791,-83.87740525373574,31.539635900553467,,
Taco Bell,GA,Tallapoosa,30176,-85.3028228366953,33.76784990756723,,
Taco Bell,GA,Thomasville,31792,-84.0450153664962,30.76848919940394,35.8813,-80.0807
Taco Bell,GA,Thomson,30824,-82.51855411783293,33.51610086122824,,
Taco Bell,GA,Tifton,31794,-83.4493310680091,31.441079430671085,31.4624,-83.5203
Taco Bell,GA,Tifton,31793,-83.5872774690481,31.46190573507411,31.4624,-83.5203
Taco Bell,GA,Toccoa,30577,-83.32467975697844,34.554096116658236,34.581,-83.3263
Taco Bell,GA,Trenton,30752,-85.52910584639235,34.91032969990791,40.2237,-74.7641
Taco Bell,GA,Tucker,30084,-84.21600905259918,33.854275243891045,33.8436,-84.2024
Taco Bell,GA,City,30291,-84.54183617435275,33.57450794650274,,
Taco Bell,GA,Valdosta,31605,-83.23017996637832,30.936027826271673,30.8502,-83.2788
Taco Bell,GA,Valdosta,31602,-83.3439230337704,30.869199861645846,30.8502,-83.2788
Taco Bell,GA,Valdosta,31601,-83.34207389324784,30.75159101719902,30.8502,-83.2788
Taco Bell,GA,Vidalia,30474,-82.41730577553349,32.23840115145766,32.2125,-82.4019
Taco Bell,GA,Rica,30180,-84.92174929123593,33.71731330948537,,
Taco Bell,GA,Rica,30180,-84.92174929123593,33.71731330948537,,
Taco Bell,GA,Robins,31088,-83.64840416556416,32.582856579748785,,
Taco Bell,GA,Robins,31088,-83.64840416556416,32.582856579748785,,
Taco Bell,GA,Robins,31093,-83.65655795385217,32.647644890056476,,
Taco Bell,GA,Robins,31093,-83.65655795385217,32.647644890056476,,
Taco Bell,GA,Waycross,31501,-82.35065605474944,31.22433425919249,31.2108,-82.3579
Taco Bell,GA,Waynesboro,30830,-81.97329656935952,33.0804679387842,38.0674,-78.9014
Taco Bell,GA,Winder,30680,-83.69948521652513,33.99625848821715,33.9917,-83.7218
Taco Bell,GA,Woodstock,30189,-84.5716540564134,34.12812374163549,34.1026,-84.5091
Taco Bell,GA,Woodstock,30188,-84.45551770659472,34.11879617657185,34.1026,-84.5091
Taco Bell,GA,Wrens,30833,-82.35926636002822,33.18486723286339,,
Taco Bell,HI,Beach,96706,-158.01654595580283,21.33932529678192,,
Taco Bell,HI,Hilo,96720,-155.2192491456671,19.674464435690922,19.6883,-155.0863
Taco Bell,HI,Hilo,96720,-155.2192491456671,19.674464435690922,19.6883,-155.0863
Taco Bell,HI,Honolulu,96825,-157.69019456991612,21.294063767021218,21.3294,-157.846
Taco Bell,HI,Honolulu,96816,-157.7904809049105,21.290523622287218,21.3294,-157.846
Taco Bell,HI,Honolulu,96814,-157.84729699904267,21.292941971687444,21.3294,-157.846
Taco Bell,HI,Honolulu,96817,-157.83794316598343,21.339858271008325,21.3294,-157.846
Taco Bell,HI,Honolulu,96818,-157.9407197787854,21.344246016331546,21.3294,-157.846
Taco Bell,HI,Honolulu,96816,-157.7904809049105,21.290523622287218,21.3294,-157.846
Taco Bell,HI,Honolulu,96818,-157.9407197787854,21.344246016331546,21.3294,-157.846
Taco Bell,HI,Kahului,96732,-156.46146099728773,20.883329292664268,20.8715,-156.4603
Taco Bell,HI,Kahului,96732,-156.46146099728773,20.883329292664268,20.8715,-156.4603
Taco Bell,HI,Kailua,96734,-157.74961079206454,21.39129269728912,21.392,-157.7396
Taco Bell,HI,Kailua,96734,-157.74961079206454,21.39129269728912,21.392,-157.7396
Taco Bell,HI,Kona,96740,-155.91205369733512,19.74418709398623,,
Taco Bell,HI,Kaneohe,96744,-157.8232389464588,21.451348272803056,21.4062,-157.7904
Taco Bell,HI,Kapaa,96746,-159.3778187731758,22.092664477309025,22.091,-159.3521
Taco Bell,HI,Kapolei,96707,-158.08331170759124,21.361982352480762,21.3399,-158.0677
Taco Bell,HI,Kapolei,96707,-158.08331170759124,21.361982352480762,21.3399,-158.0677
Taco Bell,HI,Kihei,96753,-156.43848900632548,20.71383310907309,20.7653,-156.4454
Taco Bell,HI,Lahaina,96761,-156.62193120281648,20.911293354522655,20.8848,-156.6618
Taco Bell,HI,Laie,96762,-157.94101323448484,21.625314818976456,,
Taco Bell,HI,Lihue,96766,-159.4124246042767,21.99640566673193,,
Taco Bell,HI,Mililani,96789,-157.97463053302647,21.478294942938113,,
Taco Bell,HI,City,96782,-157.93177357807528,21.417443666587843,,
Taco Bell,HI,Wahiawa,96786,-158.01148890484026,21.557462718765557,21.5012,-158.0178
Taco Bell,HI,Waianae,96792,-158.17175470678512,21.461490556373466,21.4568,-158.1758
Taco Bell,HI,Waianae,96792,-158.17175470678512,21.461490556373466,21.4568,-158.1758
Taco Bell,HI,Waipahu,96797,-157.9789669138422,21.424260721240298,21.3859,-158.0101
Taco Bell,HI,Waipahu,96797,-157.9789669138422,21.424260721240298,21.3859,-158.0101
Taco Bell,IA,Altoona,50009,-93.4579140487365,41.64443026666868,40.5082,-78.4007
Taco Bell,IA,Ames,50010,-93.5882867394031,42.033606938807935,42.0256,-93.6217
Taco Bell,IA,Ankeny,50021,-93.56816715489882,41.72118952164325,41.7288,-93.6031
Taco Bell,IA,Ankeny,50021,-93.56816715489882,41.72118952164325,41.7288,-93.6031
Taco Bell,IA,Atlantic,50022,-95.00172598880074,41.41599087427426,,
Taco Bell,IA,Bettendorf,52722,-90.46662275639378,41.56601622731295,41.5657,-90.4765
Taco Bell,IA,Burlington,52601,-91.1119886985816,40.85504169018186,36.076,-79.4685
Taco Bell,IA,Carroll,51401,-94.86957812976577,42.06616861748433,42.0699,-94.8646
Taco Bell,IA,Falls,50613,-92.48893033258554,42.53312948691368,40.1686,-74.7915
Taco Bell,IA,Rapids,52401,-91.65854769104614,41.975436910010565,,
Taco Bell,IA,Rapids,52404,-91.69418032170017,41.92377625760769,,
Taco Bell,IA,Rapids,52404,-91.69418032170017,41.92377625760769,,
Taco Bell,IA,Rapids,52402,-91.65976160866965,42.02279784149439,,
Taco Bell,IA,Centerville,52544,-92.91073599584738,40.717554429188354,39.6339,-84.1449
Taco Bell,IA,Clinton,52732,-90.25075222807885,41.902169294452094,38.7499,-76.9063
Taco Bell,IA,Coralville,52241,-91.59479632474434,41.69869738804071,41.699,-91.5967
Taco Bell,IA,Bluffs,51503,-95.77810352395132,41.23197232893732,,
Taco Bell,IA,Bluffs,51501,-95.87891104690404,41.227998845267145,,
Taco Bell,IA,Bluffs,51501,-95.87891104690404,41.227998845267145,,
Taco Bell,IA,Bluffs,51503,-95.77810352395132,41.23197232893732,,
Taco Bell,IA,Davenport,52807,-90.51682979273197,41.61069800664941,41.5565,-90.6053
Taco Bell,IA,Davenport,52804,-90.67858479245221,41.532591466273686,41.5565,-90.6053
Taco Bell,IA,Moines,50310,-93.6732236291343,41.62780322699799,,
Taco Bell,IA,Moines,50320,-93.570640787465,41.52875565711483,,
Taco Bell,IA,Moines,50309,-93.620690821226,41.58484538410849,,
Taco Bell,IA,Dubuque,52002,-90.77322424534321,42.52479088758106,42.5002,-90.707
Taco Bell,IA,Dubuque,52001,-90.69394273363967,42.545087502708895,42.5002,-90.707
Taco Bell,IA,Dodge,50501,-94.19255530436658,42.492842861192344,,
Taco Bell,IA,Madison,52627,-91.34874056768871,40.6682150763782,43.0822,-89.393
Taco Bell,IA,Grimes,50111,-93.8042938985529,41.69180030392358,41.6779,-93.7947
Taco Bell,IA,Indianola,50125,-93.57965783088899,41.33363592841633,41.3629,-93.5652
Taco Bell,IA,City,52240,-91.50164268081582,41.63547343473011,,
Taco Bell,IA,Keokuk,52632,-91.44079272708488,40.43910204514387,40.4095,-91.4031
Taco Bell,IA,Mars,51031,-96.17914543087355,42.80161563801555,,
Taco Bell,IA,Marion,52302,-91.57057867044341,42.06552084453757,42.0451,-91.585
Taco Bell,IA,Marshalltown,50158,-92.90060835665128,42.05030269965204,42.0343,-92.9068
Taco Bell,IA,City,50401,-93.20016817096305,43.15363073654227,,
Taco Bell,IA,Pleasant,52641,-91.5871962728059,40.98968074806073,,
Taco Bell,IA,Muscatine,52761,-91.05850160723523,41.43870776496865,41.4195,-91.068
Taco Bell,IA,Newton,50208,-93.0383043232919,41.71023625877242,42.3316,-71.2085
Taco Bell,IA,Liberty,52317,-91.63097518860612,41.76242293260858,39.2394,-94.4191
Taco Bell,IA,Osceola,50213,-93.76615112492107,41.03205131620937,,
Taco Bell,IA,Oskaloosa,52577,-92.66044629859879,41.27192624145324,41.2922,-92.6404
Taco Bell,IA,Ottumwa,52501,-92.43149584789076,41.03573415770301,41.0195,-92.4186
Taco Bell,IA,Pella,50219,-92.89834099898312,41.423640151354206,41.4052,-92.9189
Taco Bell,IA,Oak,51566,-95.23129207506118,41.01630454702985,,
Taco Bell,IA,City,51106,-96.32080083123208,42.46617653779731,,
Taco Bell,IA,City,51106,-96.32080083123208,42.46617653779731,,
Taco Bell,IA,City,51103,-96.44287983152024,42.51806381563844,,
Taco Bell,IA,Spencer,51301,-95.14724042998066,43.15292559340729,42.2471,-71.9919
Taco Bell,IA,Walcott,52773,-90.75669121811806,41.62198331432218,,
Taco Bell,IA,Waterloo,50702,-92.31241252701525,42.45745578110618,42.4918,-92.3522
Taco Bell,IA,Waterloo,50703,-92.28045303060863,42.54848431999712,42.4918,-92.3522
Taco Bell,IA,Waukee,50263,-93.87240917826196,41.59564434577733,41.5985,-93.8869
Taco Bell,IA,Waverly,50677,-92.43270181952632,42.76264610287554,42.7401,-84.6354
Taco Bell,IA,Moines,50266,-93.79938555008522,41.56938324781488,,
Taco Bell,ID,Blackfoot,83221,-112.54503742205875,43.33608310811701,43.194,-112.3454
Taco Bell,ID,Boise,83709,-116.2893008582371,43.54979245834385,43.6005,-116.2308
Taco Bell,ID,Boise,83704,-116.28722293786598,43.627722095682756,43.6005,-116.2308
Taco Bell,ID,Boise,83713,-116.33398723034286,43.638941201507485,43.6005,-116.2308
Taco Bell,ID,Boise,83703,-116.24045751338265,43.66442658591958,43.6005,-116.2308
Taco Bell,ID,Boise,83706,-116.19489726063037,43.59142982865787,43.6005,-116.2308
Taco Bell,ID,Boise,83705,-116.22276794513944,43.56624023646077,43.6005,-116.2308
Taco Bell,ID,Burley,83318,-113.82130759216261,42.436783312582456,42.5379,-113.7926
Taco Bell,ID,Caldwell,83605,-116.65646835030847,43.66239964970928,43.6453,-116.6594
Taco Bell,ID,Alene,83815,-116.78901994173859,47.72481996743034,,
Taco Bell,ID,Alene,83814,-116.75212201913354,47.639623670451215,,
Taco Bell,ID,Eagle,83616,-116.39254848586636,43.7741533859884,43.7223,-116.3866
Taco Bell,ID,Emmett,83617,-116.50567230856667,43.92997102810513,,
Taco Bell,ID,City,83714,-116.27973655405395,43.731964482112176,,
Taco Bell,ID,Falls,83404,-112.01200366668667,43.42444078861567,40.1686,-74.7915
Taco Bell,ID,Falls,83404,-112.01200366668667,43.42444078861567,40.1686,-74.7915
Taco Bell,ID,Falls,83402,-112.15452256446035,43.531523685677094,40.1686,-74.7915
Taco Bell,ID,Jerome,83338,-114.43290804204013,42.72257215471936,42.7179,-114.5159
Taco Bell,ID,Kuna,83634,-116.32788540770579,43.452011326230306,43.488,-116.3933
Taco Bell,ID,Lewiston,83501,-116.89633010230375,46.20688274719474,44.0915,-70.1681
Taco Bell,ID,Meridian,83642,-116.40133983285095,43.57344764059126,43.6116,-116.3977
Taco Bell,ID,Meridian,83642,-116.40133983285095,43.57344764059126,43.6116,-116.3977
Taco Bell,ID,Moscow,83843,-116.94185212354381,46.72264569211165,46.7308,-116.9986
Taco Bell,ID,Home,83647,-115.50265603368801,43.43416840357046,,
Taco Bell,ID,B,83648,-115.86560223261623,43.04962813120018,,
Taco Bell,ID,Nampa,83686,-116.61139336822447,43.49528224828663,43.5844,-116.5638
Taco Bell,ID,Nampa,83687,-116.52949921886042,43.60956384421577,43.5844,-116.5638
Taco Bell,ID,Nampa,83651,-116.62010450946124,43.58808653181446,43.5844,-116.5638
Taco Bell,ID,Pocatello,83201,-112.38461267501816,42.88939336704289,42.8724,-112.4647
Taco Bell,ID,Pocatello,83201,-112.38461267501816,42.88939336704289,42.8724,-112.4647
Taco Bell,ID,Ponderay,83852,-116.54204023975117,48.309039612447975,,
Taco Bell,ID,Falls,83854,-116.97288083840687,47.7187076308644,40.1686,-74.7915
Taco Bell,ID,Falls,83854,-116.97288083840687,47.7187076308644,40.1686,-74.7915
Taco Bell,ID,Rathdrum,83858,-116.9076902864358,47.853080799200754,47.7948,-116.8944
Taco Bell,ID,Rexburg,83440,-111.82300630737836,43.815956847677185,43.8226,-111.7919
Taco Bell,ID,Falls,83301,-114.52218413127211,42.39320368812112,40.1686,-74.7915
Taco Bell,IL,Addison,60101,-88.01187068304654,41.93067391703899,41.9313,-88.0085
Taco Bell,IL,Alsip,60803,-87.7356685319068,41.67206171449508,41.6701,-87.7368
Taco Bell,IL,Alton,62002,-90.12762805861105,38.93976475602292,38.9037,-90.152
Taco Bell,IL,Alton,62002,-90.12762805861105,38.93976475602292,38.9037,-90.152
Taco Bell,IL,Anna,62906,-89.18698566542925,37.45663678871141,33.3472,-96.5508
Taco Bell,IL,Antioch,60002,-88.08682881867972,42.469514226774756,37.9787,-121.796
Taco Bell,IL,Heights,60004,-87.9791568280757,42.1119853207411,,
Taco Bell,IL,Heights,60005,-87.98557295472328,42.06385593486622,,
Taco Bell,IL,Aurora,60506,-88.36502699616113,41.76526247352733,39.7083,-104.7237
Taco Bell,IL,Aurora,60506,-88.36502699616113,41.76526247352733,39.7083,-104.7237
Taco Bell,IL,Aurora,60506,-88.36502699616113,41.76526247352733,39.7083,-104.7237
Taco Bell,IL,Aurora,60502,-88.25904524564115,41.79205558097721,39.7083,-104.7237
Taco Bell,IL,Bartlett,60103,-88.20632682310946,41.979411188433794,35.2337,-89.8195
Taco Bell,IL,Batavia,60510,-88.3055143977424,41.84210493749285,41.8479,-88.3109
Taco Bell,IL,Belleville,62221,-89.89920695677402,38.514844583230776,38.5164,-89.99
Taco Bell,IL,Belleville,62220,-89.98653127832875,38.473353997153524,38.5164,-89.99
Taco Bell,IL,Belleville,62223,-90.05980422060942,38.53613594224443,38.5164,-89.99
Taco Bell,IL,Belvidere,61008,-88.84072851442836,42.2451304337258,42.2543,-88.8649
Taco Bell,IL,Belvidere,61008,-88.84072851442836,42.2451304337258,42.2543,-88.8649
Taco Bell,IL,Bensenville,60106,-87.94179901969996,41.96042109544933,41.9579,-87.9442
Taco Bell,IL,Benton,62812,-88.91698631075121,37.99767295735469,34.5776,-92.5713
Taco Bell,IL,Berwyn,60402,-87.79141447242806,41.83472791493233,41.8433,-87.7909
Taco Bell,IL,Bethalto,62010,-90.04735622673081,38.920093515646045,38.9015,-90.0466
Taco Bell,IL,Bloomingdale,60108,-88.09180301391714,41.949291091221106,27.8784,-82.2624
Taco Bell,IL,Bloomington,61701,-88.99302729498514,40.476772798175816,40.4757,-88.9703
Taco Bell,IL,Bloomington,61704,-88.94332522087598,40.470486741807946,40.4757,-88.9703
Taco Bell,IL,Bolingbrook,60440,-88.07508460236411,41.70025000766016,41.6901,-88.1021
Taco Bell,IL,Bourbonnais,60914,-87.86196369843461,41.18672228598825,41.183,-87.8784
Taco Bell,IL,Bourbonnais,60914,-87.86196369843461,41.18672228598825,41.183,-87.8784
Taco Bell,IL,Grove,60089,-87.96062045881875,42.1669487307244,,
Taco Bell,IL,Cahokia,62206,-90.16666764949845,38.56792817810963,,
Taco Bell,IL,Park,60827,-87.6301231977651,41.649581859066124,,
Taco Bell,IL,Canton,61520,-90.02131852719842,40.54208261517853,40.8078,-81.3676
Taco Bell,IL,Carbondale,62901,-89.20842857436739,37.73825294106354,37.7221,-89.2237
Taco Bell,IL,Carpentersville,60110,-88.28596819206645,42.122936733704,42.1227,-88.2896
Taco Bell,IL,Carpentersville,60110,-88.28596819206645,42.122936733704,42.1227,-88.2896
Taco Bell,IL,Cary,60013,-88.23584631298439,42.22032557625099,35.7819,-78.8195
Taco Bell,IL,Caseyville,62232,-90.00272369553913,38.63221015181267,,
Taco Bell,IL,Centralia,62801,-89.14165255051125,38.51278309280534,46.7223,-122.9696
Taco Bell,IL,Champaign,61820,-88.24350222328968,40.10890556452151,40.1142,-88.2737
Taco Bell,IL,Champaign,61820,-88.24350222328968,40.10890556452151,40.1142,-88.2737
Taco Bell,IL,Champaign,61820,-88.24350222328968,40.10890556452151,40.1142,-88.2737
Taco Bell,IL,Champaign,61821,-88.2750471715411,40.10958184915323,40.1142,-88.2737
Taco Bell,IL,Charleston,61920,-88.16408181843897,39.50365302655408,32.8168,-79.9687
Taco Bell,IL,Chester,62233,-89.78737565872792,37.946108585855434,39.8456,-75.3718
Taco Bell,IL,Chicago,60607,-87.65158943646632,41.87492495360699,41.8375,-87.6866
Taco Bell,IL,Chicago,60649,-87.56596849504108,41.76408816702796,41.8375,-87.6866
Taco Bell,IL,Chicago,60618,-87.70254829749322,41.94696095316243,41.8375,-87.6866
Taco Bell,IL,Chicago,60643,-87.66278660959027,41.69958945039656,41.8375,-87.6866
Taco Bell,IL,Chicago,60614,-87.64964889919189,41.92276384312978,41.8375,-87.6866
Taco Bell,IL,Chicago,60620,-87.65251816139221,41.740815665104634,41.8375,-87.6866
Taco Bell,IL,Chicago,60640,-87.66135522475841,41.972673964714545,41.8375,-87.6866
Taco Bell,IL,Chicago,60611,-87.61426108729951,41.893852147163884,41.8375,-87.6866
Taco Bell,IL,Chicago,60659,-87.70405593900391,41.99114621317092,41.8375,-87.6866
Taco Bell,IL,Chicago,60639,-87.75605410314358,41.92055201560761,41.8375,-87.6866
Taco Bell,IL,Chicago,60638,-87.77051886961898,41.78143264685466,41.8375,-87.6866
Taco Bell,IL,Chicago,60610,-87.63204061838474,41.906970236181145,41.8375,-87.6866
Taco Bell,IL,Chicago,60640,-87.66135522475841,41.972673964714545,41.8375,-87.6866
Taco Bell,IL,Chicago,60614,-87.64964889919189,41.92276384312978,41.8375,-87.6866
Taco Bell,IL,Chicago,60622,-87.68332898817984,41.902712331204604,41.8375,-87.6866
Taco Bell,IL,Chicago,60634,-87.80606671086107,41.946335154324025,41.8375,-87.6866
Taco Bell,IL,Chicago,60638,-87.77051886961898,41.78143264685466,41.8375,-87.6866
Taco Bell,IL,Chicago,60661,-87.64409932063991,41.88302774391605,41.8375,-87.6866
Taco Bell,IL,Chicago,60605,-87.61682112415414,41.868149916541896,41.8375,-87.6866
Taco Bell,IL,Chicago,60618,-87.70254829749322,41.94696095316243,41.8375,-87.6866
Taco Bell,IL,Chicago,60614,-87.64964889919189,41.92276384312978,41.8375,-87.6866
Taco Bell,IL,Chicago,60624,-87.72341744390074,41.88064224050167,41.8375,-87.6866
Taco Bell,IL,Chicago,60632,-87.71333414995226,41.81137057415015,41.8375,-87.6866
Taco Bell,IL,Chicago,60626,-87.6669274703476,42.00982361517519,41.8375,-87.6866
Taco Bell,IL,Chicago,60609,-87.6556445485447,41.812505892428206,41.8375,-87.6866
Taco Bell,IL,Chicago,60657,-87.64925572789521,41.94033100858747,41.8375,-87.6866
Taco Bell,IL,Chicago,60613,-87.65435548054394,41.956893302995766,41.8375,-87.6866
Taco Bell,IL,Chicago,60657,-87.64925572789521,41.94033100858747,41.8375,-87.6866
Taco Bell,IL,Chicago,60608,-87.67139985218088,41.848740193889,41.8375,-87.6866
Taco Bell,IL,Chicago,60653,-87.60604412453813,41.81986739839155,41.8375,-87.6866
Taco Bell,IL,Chicago,60611,-87.61426108729951,41.893852147163884,41.8375,-87.6866
Taco Bell,IL,Chicago,60647,-87.7017494838259,41.92072769559,41.8375,-87.6866
Taco Bell,IL,Chicago,60601,-87.6220635700897,41.88528523136448,41.8375,-87.6866
Taco Bell,IL,Chicago,60641,-87.74678675474802,41.946606202484915,41.8375,-87.6866
Taco Bell,IL,Chicago,60621,-87.63957122269964,41.77638315900862,41.8375,-87.6866
Taco Bell,IL,Chicago,60615,-87.59655858388567,41.80236455779632,41.8375,-87.6866
Taco Bell,IL,Chicago,60638,-87.77051886961898,41.78143264685466,41.8375,-87.6866
Taco Bell,IL,Chicago,60639,-87.75605410314358,41.92055201560761,41.8375,-87.6866
Taco Bell,IL,Chicago,60612,-87.68774265080452,41.88031290743506,41.8375,-87.6866
Taco Bell,IL,Heights,60411,-87.59057021557672,41.50868398134299,,
Taco Bell,IL,Ridge,60415,-87.77886501599073,41.70296754904596,40.9068,-72.8816
Taco Bell,IL,Chillicothe,61523,-89.53548594276585,40.917258979040184,39.3393,-82.9939
Taco Bell,IL,Cicero,60804,-87.76017352291537,41.837804899582736,41.8445,-87.7593
Taco Bell,IL,Cicero,60804,-87.76017352291537,41.837804899582736,41.8445,-87.7593
Taco Bell,IL,Collinsville,62234,-89.98176863255496,38.68341554822771,38.677,-90.0063
Taco Bell,IL,Collinsville,62234,-89.98176863255496,38.68341554822771,38.677,-90.0063
Taco Bell,IL,Columbia,62236,-90.21702198594537,38.436418653899175,34.0378,-80.9036
Taco Bell,IL,Countryside,60525,-87.86892645773176,41.78423583403485,39.0518,-77.4124
Taco Bell,IL,Hill,60403,-88.11386924244468,41.57228589608619,,
Taco Bell,IL,Crestwood,60445,-87.73618998614133,41.63501735997836,38.5569,-90.3783
Taco Bell,IL,Crete,60417,-87.59320782433797,41.428871666018985,,
Taco Bell,IL,Lake,60014,-88.32728524995748,42.23202605076852,,
Taco Bell,IL,Danville,61832,-87.63640595038977,40.136129766653,37.8121,-121.9698
Taco Bell,IL,Danville,61832,-87.63640595038977,40.136129766653,37.8121,-121.9698
Taco Bell,IL,Darien,60561,-87.98233368850319,41.74539475972137,41.7448,-87.9822
Taco Bell,IL,Kalb,60115,-88.75479238482275,41.90082366802988,,
Taco Bell,IL,Decatur,62526,-88.98791219496289,39.90149576076528,39.8557,-88.9342
Taco Bell,IL,Decatur,62521,-88.92535177070818,39.81508374990472,39.8557,-88.9342
Taco Bell,IL,Plaines,60016,-87.89167945964056,42.04973078540046,,
Taco Bell,IL,Plaines,60016,-87.89167945964056,42.04973078540046,,
Taco Bell,IL,Plaines,60018,-87.89696919933174,41.99746826266345,,
Taco Bell,IL,Diamond,60416,-88.28183189465854,41.293144567181855,,
Taco Bell,IL,Dixon,61021,-89.47909106654136,41.829668347794964,38.4469,-121.825
Taco Bell,IL,Dolton,60419,-87.59939402354642,41.62770163462391,41.6284,-87.5979
Taco Bell,IL,Grove,60516,-88.01360573618172,41.7624126580303,,
Taco Bell,IL,Quoin,62832,-89.24993748020796,38.01219981307065,,
Taco Bell,IL,Alton,62024,-90.09559723253682,38.87134501481246,38.9037,-90.152
Taco Bell,IL,Peoria,61611,-89.53562689356608,40.71058563384714,40.752,-89.6154
Taco Bell,IL,Louis,62201,-90.13866980783371,38.642687852889146,,
Taco Bell,IL,Edwardsville,62025,-89.93324810776049,38.830555158839864,38.7922,-89.9874
Taco Bell,IL,Effingham,62401,-88.56417398015016,39.119501794099584,39.1205,-88.5509
Taco Bell,IL,Elburn,60119,-88.47671191202369,41.8604789497929,,
Taco Bell,IL,Elgin,60120,-88.23857242275749,42.03449473455305,42.0383,-88.324
Taco Bell,IL,Elgin,60123,-88.31133727235591,42.0401802992496,42.0383,-88.324
Taco Bell,IL,Elgin,60120,-88.23857242275749,42.03449473455305,42.0383,-88.324
Taco Bell,IL,Village,60007,-87.99305941472396,42.0075698386473,,
Taco Bell,IL,Village,60007,-87.99305941472396,42.0075698386473,,
Taco Bell,IL,Evanston,60201,-87.69212969236071,42.05637705255478,42.0464,-87.6943
Taco Bell,IL,Heights,62208,-90.00454957800206,38.59626201721411,,
Taco Bell,IL,Flora,62839,-88.499023075484,38.66518971735144,,
Taco Bell,IL,Park,60130,-87.81739564034751,41.866434405197424,,
Taco Bell,IL,Park,60130,-87.81739564034751,41.866434405197424,,
Taco Bell,IL,Forsyth,62535,-88.9689044725262,39.92478940313509,,
Taco Bell,IL,Lake,60020,-88.17749258665997,42.391943586994095,,
Taco Bell,IL,Frankfort,60423,-87.83790644344985,41.4795691303566,38.1924,-84.8643
Taco Bell,IL,Park,60131,-87.88428141630266,41.938762038624446,,
Taco Bell,IL,Freeport,61032,-89.63522837405239,42.316330053944334,40.6515,-73.585
Taco Bell,IL,Galesburg,61401,-90.38466230325146,40.94471053219821,40.9506,-90.3763
Taco Bell,IL,Galesburg,61401,-90.38466230325146,40.94471053219821,40.9506,-90.3763
Taco Bell,IL,Genoa,60135,-88.67741866308933,42.11220803960165,,
Taco Bell,IL,Ellyn,60137,-88.06185501744875,41.86509829718397,,
Taco Bell,IL,Heights,60139,-88.07785177233782,41.91930983143,,
Taco Bell,IL,Heights,60137,-88.06185501744875,41.86509829718397,,
Taco Bell,IL,Glenview,60025,-87.82038298754865,42.07541547824213,42.0825,-87.8214
Taco Bell,IL,City,62040,-90.11070973937329,38.72605341755553,,
Taco Bell,IL,City,62040,-90.11070973937329,38.72605341755553,,
Taco Bell,IL,Grayslake,60030,-88.04461873397258,42.33668677528588,42.3405,-88.0338
Taco Bell,IL,Lakes,60088,-87.84451117676706,42.30941279497202,,
Taco Bell,IL,Greenville,62246,-89.42627889279827,38.88877295834484,34.8354,-82.3646
Taco Bell,IL,Gurnee,60031,-87.94110329123951,42.3750566633542,42.3708,-87.9392
Taco Bell,IL,Park,60133,-88.14302278762668,41.977630132728635,,
Taco Bell,IL,Park,60103,-88.20632682310946,41.979411188433794,,
Taco Bell,IL,Harrisburg,62946,-88.53816047925322,37.70723856547532,40.2752,-76.8843
Taco Bell,IL,Harvard,60033,-88.60763960973166,42.424731730818834,42.4296,-88.6211
Taco Bell,IL,Heights,60706,-87.81624216762982,41.96425687245225,,
Taco Bell,IL,Crest,60429,-87.6840882646859,41.57367654720947,,
Taco Bell,IL,Herrin,62948,-89.02949970841495,37.81687426527825,37.7983,-89.0305
Taco Bell,IL,Hills,60457,-87.82804753789857,41.7246643395771,,
Taco Bell,IL,Highland,62249,-89.66455247071559,38.75525273056331,34.1113,-117.165
Taco Bell,IL,Park,60035,-87.80538999388335,42.18460400457099,,
Taco Bell,IL,Hinsdale,60521,-87.92877318838114,41.800049590600594,41.8007,-87.9273
Taco Bell,IL,Glen,60491,-87.95989740592435,41.60275806296929,,
Taco Bell,IL,Huntley,60142,-88.44254886762938,42.17562609521642,42.1599,-88.433
Taco Bell,IL,Jacksonville,62650,-90.2233808397837,39.734543286171935,30.3322,-81.6749
Taco Bell,IL,Jerseyville,62052,-90.32186512908294,39.11101941150743,,
Taco Bell,IL,Joliet,60431,-88.20527387850724,41.53264693835209,41.5188,-88.1499
Taco Bell,IL,Joliet,60435,-88.12989071546184,41.54541079147893,41.5188,-88.1499
Taco Bell,IL,Joliet,60435,-88.12989071546184,41.54541079147893,41.5188,-88.1499
Taco Bell,IL,Kankakee,60901,-87.89809555599727,41.11083477998186,41.102,-87.8643
Taco Bell,IL,Kewanee,61443,-89.94168476004585,41.25994509939506,41.2399,-89.9264
Taco Bell,IL,Forest,60045,-87.86607546337655,42.23896214668507,37.3728,-79.2831
Taco Bell,IL,Hills,60156,-88.34589051938043,42.19142155670969,,
Taco Bell,IL,Zurich,60047,-88.04545179695631,42.20224102095215,,
Taco Bell,IL,Lakemoor,60051,-88.22930955665429,42.35414744944552,,
Taco Bell,IL,Lansing,60438,-87.55086294305055,41.56662140677513,42.7142,-84.5601
Taco Bell,IL,Lemont,60439,-87.98219543151704,41.67520791146067,41.6695,-87.9838
Taco Bell,IL,Libertyville,60048,-87.94979956124232,42.29524144750022,42.287,-87.967
Taco Bell,IL,Lindenhurst,60046,-88.06043917142942,42.41607613021458,40.6858,-73.371
Taco Bell,IL,Lisle,60532,-88.084486767714,41.7923836694174,41.7918,-88.0888
Taco Bell,IL,Litchfield,62056,-89.67104836562893,39.17869318131947,,
Taco Bell,IL,Lockport,60441,-88.05079912174993,41.59297228483298,41.5906,-88.0293
Taco Bell,IL,Park,61111,-89.0035719005349,42.33535694652322,,
Taco Bell,IL,Park,61111,-89.0035719005349,42.33535694652322,,
Taco Bell,IL,Park,61115,-89.02883177331859,42.3637384943259,,
Taco Bell,IL,Macomb,61455,-90.65452449250047,40.43534276637406,40.4709,-90.6807
Taco Bell,IL,Manteno,60950,-87.8843820289703,41.251182936755,41.247,-87.8457
Taco Bell,IL,Marengo,60152,-88.62556905159248,42.23696924980956,,
Taco Bell,IL,Marion,62959,-88.90775072079869,37.71804358491165,42.0451,-91.585
Taco Bell,IL,Marion,62959,-88.90775072079869,37.71804358491165,42.0451,-91.585
Taco Bell,IL,Markham,60426,-87.65339661456079,41.610344554950316,41.6,-87.6904
Taco Bell,IL,Marshall,62441,-87.69762957469928,39.39760466453387,32.537,-94.3515
Taco Bell,IL,Mattoon,61938,-88.37427388850718,39.483850451811975,39.4774,-88.3623
Taco Bell,IL,McHenry,60050,-88.29550523227611,42.33117584501921,42.3387,-88.2932
Taco Bell,IL,Park,60160,-87.8606632328927,41.9041434324683,,
Taco Bell,IL,Mendota,61342,-89.09057927268985,41.5405790959278,36.7555,-120.3776
Taco Bell,IL,Minooka,60447,-88.3242113652183,41.48821056872145,41.4507,-88.2791
Taco Bell,IL,Moline,61265,-90.49027793005881,41.48202471713049,41.4821,-90.492
Taco Bell,IL,Moline,61265,-90.49027793005881,41.48202471713049,41.4821,-90.492
Taco Bell,IL,Monee,60449,-87.77243954644017,41.41567483566992,,
Taco Bell,IL,Monmouth,61462,-90.64789091714748,40.92354718933682,44.8505,-123.2284
Taco Bell,IL,Montgomery,60538,-88.35913963867009,41.72216737841523,32.3482,-86.2668
Taco Bell,IL,Morris,60450,-88.43287540801057,41.36950189844526,40.7959,-74.4945
Taco Bell,IL,Morton,61550,-89.44208210340285,40.6108626065726,40.6135,-89.4669
Taco Bell,IL,Grove,60053,-87.78894819223608,42.042335814219065,,
Taco Bell,IL,Vernon,62864,-88.90259515281649,38.33118821920118,41.1973,-74.4857
Taco Bell,IL,Vernon,62864,-88.90259515281649,38.33118821920118,41.1973,-74.4857
Taco Bell,IL,Mundelein,60060,-88.0397379800796,42.26990439821887,42.2693,-88.0102
Taco Bell,IL,Mundelein,60060,-88.0397379800796,42.26990439821887,42.2693,-88.0102
Taco Bell,IL,Murphysboro,62966,-89.35106814661617,37.77508507995145,,
Taco Bell,IL,Naperville,60540,-88.1451452184869,41.76364697616903,41.748,-88.1659
Taco Bell,IL,Naperville,60540,-88.1451452184869,41.76364697616903,41.748,-88.1659
Taco Bell,IL,Naperville,60564,-88.19855994234065,41.70821692122106,41.748,-88.1659
Taco Bell,IL,Naperville,60563,-88.17025350666415,41.799697144525425,41.748,-88.1659
Taco Bell,IL,Lenox,60451,-87.96076020536148,41.50693385518845,43.1113,-75.7582
Taco Bell,IL,Niles,60714,-87.81097569627579,42.028062507161884,42.0278,-87.8099
Taco Bell,IL,Aurora,60542,-88.3506900093554,41.809293193213186,39.7083,-104.7237
Taco Bell,IL,Chicago,60064,-87.85632552962002,42.32472126128247,41.8375,-87.6866
Taco Bell,IL,Riverside,60546,-87.82128740103717,41.837929628735665,33.9381,-117.3949
Taco Bell,IL,Northlake,60164,-87.90070469541071,41.91750781485466,41.9142,-87.9054
Taco Bell,IL,O'Fallon,62269,-89.91606702611494,38.60334879164587,38.785,-90.7175
Taco Bell,IL,O'Fallon,62269,-89.91606702611494,38.60334879164587,38.785,-90.7175
Taco Bell,IL,Forest,60452,-87.75525563113939,41.60762047326781,37.3728,-79.2831
Taco Bell,IL,Lawn,60453,-87.75282172050785,41.714268647923184,,
Taco Bell,IL,Lawn,60453,-87.75282172050785,41.714268647923184,,
Taco Bell,IL,Olney,62450,-88.09042006450365,38.71235519275479,39.1465,-77.0715
Taco Bell,IL,Hills,60487,-87.83424224618211,41.56357757240552,,
Taco Bell,IL,Park,60462,-87.83241880349064,41.62488120771525,,
Taco Bell,IL,Oswego,60543,-88.32320702862944,41.66526404087095,41.6834,-88.3372
Taco Bell,IL,Ottawa,61350,-88.8633721031273,41.37251642140196,41.3555,-88.8261
Taco Bell,IL,Palatine,60067,-88.06542086873144,42.10660369014957,42.118,-88.043
Taco Bell,IL,Palatine,60067,-88.06542086873144,42.10660369014957,42.118,-88.043
Taco Bell,IL,Hills,60465,-87.82891558617033,41.69842744338326,,
Taco Bell,IL,Paris,61944,-87.70128787433187,39.60100080555204,33.6688,-95.546
Taco Bell,IL,Forest,60466,-87.68283159156029,41.479047732770994,37.3728,-79.2831
Taco Bell,IL,Pekin,61554,-89.61861264159658,40.54086895343397,40.5678,-89.6251
Taco Bell,IL,Peoria,61615,-89.64587168868013,40.774265514515726,40.752,-89.6154
Taco Bell,IL,Peoria,61604,-89.65362589070205,40.705708285334154,40.752,-89.6154
Taco Bell,IL,Peoria,61604,-89.65362589070205,40.705708285334154,40.752,-89.6154
Taco Bell,IL,Peoria,61615,-89.64587168868013,40.774265514515726,40.752,-89.6154
Taco Bell,IL,Peru,61354,-89.14281699217231,41.32786144934399,40.7593,-86.0756
Taco Bell,IL,Plainfield,60585,-88.22413692050841,41.659332448132076,40.6154,-74.4157
Taco Bell,IL,Pontiac,61764,-88.62819782292881,40.88226198505088,42.6493,-83.2878
Taco Bell,IL,Quincy,62301,-91.38654750252672,39.93161997703671,42.2506,-71.0187
Taco Bell,IL,Quincy,62301,-91.38654750252672,39.93161997703671,42.2506,-71.0187
Taco Bell,IL,Rantoul,61866,-88.15399595057278,40.3120878366919,40.3031,-88.1549
Taco Bell,IL,Richmond,60071,-88.31320236204748,42.46356431615221,37.5295,-77.4756
Taco Bell,IL,Robinson,62454,-87.75803743983468,38.9986611227935,40.4578,-80.1334
Taco Bell,IL,Rochelle,61068,-89.06441111625948,41.9484641909942,41.9197,-89.0629
Taco Bell,IL,Island,61201,-90.57674939632442,41.477824763649714,,
Taco Bell,IL,Rockford,61108,-89.00399557478387,42.25479309551715,42.2596,-89.064
Taco Bell,IL,Rockford,61109,-89.05345507963854,42.192578429606705,42.2596,-89.064
Taco Bell,IL,Rockford,61101,-89.14848989106846,42.33755008721861,42.2596,-89.064
Taco Bell,IL,Rockford,61112,-88.97518398590842,42.24198153132227,42.2596,-89.064
Taco Bell,IL,Rockford,61108,-89.00399557478387,42.25479309551715,42.2596,-89.064
Taco Bell,IL,Rockford,61112,-88.97518398590842,42.24198153132227,42.2596,-89.064
Taco Bell,IL,Romeoville,60446,-88.10457080572796,41.63181440443355,41.6318,-88.0997
Taco Bell,IL,Romeoville,60446,-88.10457080572796,41.63181440443355,41.6318,-88.0997
Taco Bell,IL,Roscoe,61073,-88.9935290850429,42.4246705954192,42.4256,-89.0084
Taco Bell,IL,Rosemont,60018,-87.89696919933174,41.99746826266345,38.5478,-121.3553
Taco Bell,IL,Beach,60073,-88.10982777441804,42.34811328230768,,
Taco Bell,IL,Charles,60174,-88.29935280464177,41.9272596895999,,
Taco Bell,IL,Charles,60174,-88.29935280464177,41.9272596895999,,
Taco Bell,IL,Salem,62881,-88.92853016800643,38.635158472258404,44.9233,-123.0244
Taco Bell,IL,Sandwich,60548,-88.63618261996584,41.64811087302427,41.7137,-70.4851
Taco Bell,IL,Schaumburg,60193,-88.09629554191162,42.011760581356484,42.0308,-88.0838
Taco Bell,IL,Schaumburg,60195,-88.09126720634607,42.06708955404702,42.0308,-88.0838
Taco Bell,IL,Shelbyville,62565,-88.80428204988904,39.41130938320867,35.4987,-86.4517
Taco Bell,IL,Shorewood,60431,-88.20527387850724,41.53264693835209,41.5169,-88.2146
Taco Bell,IL,Skokie,60076,-87.72992942308589,42.0352620187987,42.036,-87.74
Taco Bell,IL,Elgin,60177,-88.30993650392507,41.98990301351362,42.0383,-88.324
Taco Bell,IL,Sparta,62286,-89.71438928240325,38.118321759013405,41.0486,-74.6264
Taco Bell,IL,Springfield,62704,-89.68515448687386,39.773941951937864,42.1155,-72.5395
Taco Bell,IL,Springfield,62704,-89.68515448687386,39.773941951937864,42.1155,-72.5395
Taco Bell,IL,Springfield,62702,-89.64169182261041,39.824013846068105,42.1155,-72.5395
Taco Bell,IL,Springfield,62712,-89.58009241509214,39.75328855418697,42.1155,-72.5395
Taco Bell,IL,Sterling,61081,-89.73537106949878,41.843919450171555,39.0052,-77.405
Taco Bell,IL,Streamwood,60107,-88.17926569228867,42.02216551276642,42.0209,-88.1779
Taco Bell,IL,Streator,61364,-88.84215834269068,41.128390461481715,41.1245,-88.8297
Taco Bell,IL,Sycamore,60178,-88.6689868863135,42.006389453177974,41.9957,-88.6821
Taco Bell,IL,Taylorville,62568,-89.29025289063567,39.560826424664384,39.5328,-89.2804
Taco Bell,IL,Park,60477,-87.7886891522082,41.572537088556004,,
Taco Bell,IL,Troy,62294,-89.87120425479827,38.70281018861523,42.5817,-83.1457
Taco Bell,IL,Tuscola,61953,-88.29122899156062,39.7994854646104,,
Taco Bell,IL,Urbana,61801,-88.211268920846,40.109018694411404,40.1107,-88.1973
Taco Bell,IL,Vandalia,62471,-89.1305930258629,38.95459581011732,39.8791,-84.193
Taco Bell,IL,Hills,60061,-87.96070621568154,42.23374619747462,,
Taco Bell,IL,Hills,60061,-87.96070621568154,42.23374619747462,,
Taco Bell,IL,Park,60181,-87.9763234233181,41.878193544583056,,
Taco Bell,IL,Washington,61571,-89.41948034159778,40.703280167649524,38.9047,-77.0163
Taco Bell,IL,Waterloo,62298,-90.15224891661516,38.31086918307961,42.4918,-92.3522
Taco Bell,IL,Watseka,60970,-87.73841859094244,40.79337735718161,,
Taco Bell,IL,Wauconda,60084,-88.14089595530179,42.26784439684445,42.2749,-88.1359
Taco Bell,IL,Waukegan,60085,-87.8653243854351,42.354143555643184,42.3698,-87.8716
Taco Bell,IL,Waukegan,60085,-87.8653243854351,42.354143555643184,42.3698,-87.8716
Taco Bell,IL,Chicago,60185,-88.2126331742298,41.8948021205006,41.8375,-87.6866
Taco Bell,IL,Frankfort,62896,-88.91636199929059,37.89103377783369,38.1924,-84.8643
Taco Bell,IL,Westchester,60154,-87.89163869167967,41.84747123212895,25.7471,-80.3523
Taco Bell,IL,Westmont,60559,-87.97481650219629,41.794039942399145,33.9417,-118.3018
Taco Bell,IL,Wheaton,60187,-88.11227369626859,41.87241687432797,41.8561,-88.1085
Taco Bell,IL,Wheeling,60090,-87.92194027556855,42.1294817638123,42.1308,-87.924
Taco Bell,IL,Winnebago,61088,-89.2556891665393,42.268842059454116,,
Taco Bell,IL,Dale,60191,-87.98074490115239,41.96615093486274,,
Taco Bell,IL,River,62095,-90.06925822957733,38.86227558268262,,
Taco Bell,IL,Woodstock,60098,-88.45787784205422,42.325176080797796,34.1026,-84.5091
Taco Bell,IL,Yorkville,60560,-88.42970084226195,41.608020757447484,41.6563,-88.4507
Taco Bell,IL,Zion,60099,-87.86720321387375,42.46027818565495,42.4603,-87.8511
Taco Bell,IN,Anderson,46012,-85.62525772388442,40.149965254995465,40.0891,-85.6892
Taco Bell,IN,Anderson,46013,-85.67829446519463,40.049100467075284,40.0891,-85.6892
Taco Bell,IN,Anderson,46012,-85.62525772388442,40.149965254995465,40.0891,-85.6892
Taco Bell,IN,Anderson,46011,-85.76168011249653,40.12735085203543,40.0891,-85.6892
Taco Bell,IN,Angola,46703,-85.00799381585112,41.65272860385102,41.6433,-85.005
Taco Bell,IN,Angola,46703,-85.00799381585112,41.65272860385102,41.6433,-85.005
Taco Bell,IN,Attica,47918,-87.20376445417932,40.304784057847314,,
Taco Bell,IN,Auburn,46706,-85.0393798297424,41.34276207858919,32.6087,-85.4903
Taco Bell,IN,Aurora,47001,-84.96835818084253,39.066647493979,39.7083,-104.7237
Taco Bell,IN,Avon,46123,-86.39962628286732,39.762900249313994,41.4485,-82.0187
Taco Bell,IN,Avon,46123,-86.39962628286732,39.762900249313994,41.4485,-82.0187
Taco Bell,IN,Bedford,47421,-86.45111002489716,38.862682910835986,32.8464,-97.135
Taco Bell,IN,Bloomington,47404,-86.58966708901904,39.21963497604108,40.4757,-88.9703
Taco Bell,IN,Bloomington,47404,-86.58966708901904,39.21963497604108,40.4757,-88.9703
Taco Bell,IN,Bloomington,47404,-86.58966708901904,39.21963497604108,40.4757,-88.9703
Taco Bell,IN,Bloomington,47401,-86.45153416349112,39.085925796674324,40.4757,-88.9703
Taco Bell,IN,Bloomington,47401,-86.45153416349112,39.085925796674324,40.4757,-88.9703
Taco Bell,IN,Bluffton,46714,-85.17147631080545,40.718435016653615,32.2135,-80.9316
Taco Bell,IN,Boonville,47601,-87.25527371834107,38.05207308073,,
Taco Bell,IN,Brazil,47834,-87.12128015537054,39.52587348245609,,
Taco Bell,IN,Brownsburg,46112,-86.38260249683077,39.86504217375337,39.8337,-86.383
Taco Bell,IN,Camby,46113,-86.30534402769209,39.632819550945435,,
Taco Bell,IN,Carmel,46032,-86.17109790946911,39.96582648943084,39.965,-86.146
Taco Bell,IN,Carmel,46032,-86.17109790946911,39.96582648943084,39.965,-86.146
Taco Bell,IN,Carmel,46032,-86.17109790946911,39.96582648943084,39.965,-86.146
Taco Bell,IN,Lake,46303,-87.47640136551433,41.371271974630545,,
Taco Bell,IN,Charlestown,47111,-85.6277574654656,38.464727863807624,,
Taco Bell,IN,Chesterton,46304,-87.04693111714946,41.614300892925016,41.5997,-87.055
Taco Bell,IN,Chesterton,46304,-87.04693111714946,41.614300892925016,41.5997,-87.055
Taco Bell,IN,Clarksville,47129,-85.76894396459883,38.31386575805276,36.5692,-87.3413
Taco Bell,IN,Clinton,47842,-87.4636141241506,39.67854491920904,38.7499,-76.9063
Taco Bell,IN,Cloverdale,46120,-86.78695523217174,39.5131910933302,38.7962,-123.0152
Taco Bell,IN,City,46725,-85.47491098654878,41.149126041425674,,
Taco Bell,IN,Columbus,47201,-85.99068815573301,39.15770622568252,39.9862,-82.9855
Taco Bell,IN,Columbus,47201,-85.99068815573301,39.15770622568252,39.9862,-82.9855
Taco Bell,IN,Connersville,47331,-85.16413220978556,39.62981402850737,39.6582,-85.141
Taco Bell,IN,Corydon,47112,-86.14431658806865,38.19537699474351,,
Taco Bell,IN,Crawfordsville,47933,-86.89668251314926,40.03866379162103,40.0428,-86.8976
Taco Bell,IN,Crawfordsville,47933,-86.89668251314926,40.03866379162103,40.0428,-86.8976
Taco Bell,IN,Point,46307,-87.32767307715712,41.4025799812422,,
Taco Bell,IN,Point,46307,-87.32767307715712,41.4025799812422,,
Taco Bell,IN,Daleville,47334,-85.52699444779667,40.117674196393594,,
Taco Bell,IN,Danville,46122,-86.54962071552795,39.768615749197615,37.8121,-121.9698
Taco Bell,IN,Decatur,46733,-84.94006148383636,40.8285386417355,39.8557,-88.9342
Taco Bell,IN,Demotte,46310,-87.23182465741452,41.18404130863127,,
Taco Bell,IN,Dyer,46311,-87.50898639246331,41.46528360832011,41.4977,-87.509
Taco Bell,IN,Edinburgh,46124,-85.92745701588836,39.373349564292454,,
Taco Bell,IN,Elkhart,46514,-85.9746562984237,41.72348144768889,41.6916,-85.9627
Taco Bell,IN,Elkhart,46516,-85.94450166234617,41.67569827152001,41.6916,-85.9627
Taco Bell,IN,Elkhart,46517,-85.99699137066192,41.62475830912894,41.6916,-85.9627
Taco Bell,IN,Elkhart,46517,-85.99699137066192,41.62475830912894,41.6916,-85.9627
Taco Bell,IN,Elkhart,46514,-85.9746562984237,41.72348144768889,41.6916,-85.9627
Taco Bell,IN,Elkhart,46516,-85.94450166234617,41.67569827152001,41.6916,-85.9627
Taco Bell,IN,Elwood,46036,-85.83108838613312,40.29519689059129,40.8462,-73.3389
Taco Bell,IN,Evansville,47710,-87.57598512135175,38.02562720428234,37.9881,-87.5341
Taco Bell,IN,Evansville,47712,-87.6604248398606,37.92895442869399,37.9881,-87.5341
Taco Bell,IN,Evansville,47712,-87.6604248398606,37.92895442869399,37.9881,-87.5341
Taco Bell,IN,Evansville,47714,-87.52114817102512,37.95756580194433,37.9881,-87.5341
Taco Bell,IN,Evansville,47711,-87.53594003971897,38.01549791996513,37.9881,-87.5341
Taco Bell,IN,Evansville,47715,-87.48420457441969,37.969989261785535,37.9881,-87.5341
Taco Bell,IN,Ferdinand,47532,-86.86043081786524,38.221192078708775,,
Taco Bell,IN,Fishers,46038,-86.016778848642,39.967400933285994,39.9588,-85.9659
Taco Bell,IN,Fishers,46038,-86.016778848642,39.967400933285994,39.9588,-85.9659
Taco Bell,IN,Fishers,46038,-86.016778848642,39.967400933285994,39.9588,-85.9659
Taco Bell,IN,Fishers,46038,-86.016778848642,39.967400933285994,39.9588,-85.9659
Taco Bell,IN,Knobs,47119,-85.88373356814265,38.36647133471314,,
Taco Bell,IN,Wayne,46818,-85.25014393446533,41.14786612991275,40.9481,-74.2453
Taco Bell,IN,Wayne,46804,-85.24062584197677,41.051224565949255,40.9481,-74.2453
Taco Bell,IN,Wayne,46809,-85.20625492388176,41.00049927781708,40.9481,-74.2453
Taco Bell,IN,Wayne,46815,-85.05730233359863,41.10314698778991,40.9481,-74.2453
Taco Bell,IN,Wayne,46825,-85.1254039537103,41.15298714827244,40.9481,-74.2453
Taco Bell,IN,Wayne,46825,-85.1254039537103,41.15298714827244,40.9481,-74.2453
Taco Bell,IN,Wayne,46802,-85.1631599537778,41.067924301029905,40.9481,-74.2453
Taco Bell,IN,Wayne,46835,-85.04611677918558,41.151944573957095,40.9481,-74.2453
Taco Bell,IN,Wayne,46805,-85.11748593656316,41.09931592124149,40.9481,-74.2453
Taco Bell,IN,Wayne,46804,-85.24062584197677,41.051224565949255,40.9481,-74.2453
Taco Bell,IN,Wayne,46818,-85.25014393446533,41.14786612991275,40.9481,-74.2453
Taco Bell,IN,Frankfort,46041,-86.49184888875008,40.297537270947835,38.1924,-84.8643
Taco Bell,IN,Franklin,46131,-86.04307852417169,39.472134677498396,35.92,-86.8516
Taco Bell,IN,Franklin,46131,-86.04307852417169,39.472134677498396,35.92,-86.8516
Taco Bell,IN,Wayne,46816,-85.03843371788601,41.004593486340525,40.9481,-74.2453
Taco Bell,IN,Gary,46406,-87.40805780398203,41.60298480715882,41.5905,-87.3473
Taco Bell,IN,Gary,46408,-87.3694307898406,41.544625225421775,41.5905,-87.3473
Taco Bell,IN,City,46933,-85.58229214416755,40.479845393132464,,
Taco Bell,IN,Goshen,46526,-85.88344617400824,41.55314518678587,41.5743,-85.8309
Taco Bell,IN,Goshen,46526,-85.88344617400824,41.55314518678587,41.5743,-85.8309
Taco Bell,IN,Granger,46530,-86.12757011509127,41.73994004396182,41.7374,-86.1348
Taco Bell,IN,Greencastle,46135,-86.89227089748249,39.658340701251255,39.6432,-86.8418
Taco Bell,IN,Greendale,47025,-84.8743072513364,39.15645915191174,42.9371,-88.0018
Taco Bell,IN,Greenfield,46140,-85.77068057358473,39.803370955271355,42.9619,-88.0052
Taco Bell,IN,Greenfield,46140,-85.77068057358473,39.803370955271355,42.9619,-88.0052
Taco Bell,IN,Greenfield,46140,-85.77068057358473,39.803370955271355,42.9619,-88.0052
Taco Bell,IN,Greensburg,47240,-85.47993606114375,39.32317063839065,40.3113,-79.5445
Taco Bell,IN,Greenwood,46142,-86.17639807836314,39.62023743203871,39.6019,-86.1073
Taco Bell,IN,Greenwood,46143,-86.11656809196639,39.59509852277085,39.6019,-86.1073
Taco Bell,IN,Greenwood,46142,-86.17639807836314,39.62023743203871,39.6019,-86.1073
Taco Bell,IN,Greenwood,46143,-86.11656809196639,39.59509852277085,39.6019,-86.1073
Taco Bell,IN,Griffith,46319,-87.4222576373297,41.525805411021494,41.5277,-87.4239
Taco Bell,IN,Hammond,46323,-87.45327885081615,41.58970409156329,41.6168,-87.4909
Taco Bell,IN,Hammond,46327,-87.5068742234147,41.638649040716956,41.6168,-87.4909
Taco Bell,IN,Hammond,46320,-87.50476637465766,41.64326347677951,41.6168,-87.4909
Taco Bell,IN,City,47348,-85.3482106478058,40.456702011124044,,
Taco Bell,IN,Haubstadt,47639,-87.57499990583601,38.17980974221194,,
Taco Bell,IN,Hebron,46341,-87.2136467090912,41.3135683103459,,
Taco Bell,IN,Highland,46322,-87.4587951067318,41.54826542664049,34.1113,-117.165
Taco Bell,IN,Hobart,46342,-87.2452074376091,41.518053827411,41.514,-87.2729
Taco Bell,IN,Hobart,46342,-87.2452074376091,41.518053827411,41.514,-87.2729
Taco Bell,IN,Huntington,46750,-85.4962941295505,40.87859748515463,40.8521,-73.3823
Taco Bell,IN,Indianapolis,46237,-86.07571184553818,39.672969352302715,39.7771,-86.1458
Taco Bell,IN,Indianapolis,46240,-86.12372302760483,39.90690046388852,39.7771,-86.1458
Taco Bell,IN,Indianapolis,46227,-86.13146231539618,39.67613612084923,39.7771,-86.1458
Taco Bell,IN,Indianapolis,46221,-86.23781985185077,39.692084266110626,39.7771,-86.1458
Taco Bell,IN,Indianapolis,46204,-86.15695953460218,39.7715586459728,39.7771,-86.1458
Taco Bell,IN,Indianapolis,46268,-86.23334619438864,39.8993348093665,39.7771,-86.1458
Taco Bell,IN,Indianapolis,46227,-86.13146231539618,39.67613612084923,39.7771,-86.1458
Taco Bell,IN,Indianapolis,46226,-86.05160647194685,39.83851490152748,39.7771,-86.1458
Taco Bell,IN,Indianapolis,46254,-86.27207049720586,39.84897290336887,39.7771,-86.1458
Taco Bell,IN,Indianapolis,46259,-85.98715689116761,39.65175064169138,39.7771,-86.1458
Taco Bell,IN,Indianapolis,46219,-86.0443632388193,39.78276748221981,39.7771,-86.1458
Taco Bell,IN,Indianapolis,46227,-86.13146231539618,39.67613612084923,39.7771,-86.1458
Taco Bell,IN,Indianapolis,46254,-86.27207049720586,39.84897290336887,39.7771,-86.1458
Taco Bell,IN,Indianapolis,46219,-86.0443632388193,39.78276748221981,39.7771,-86.1458
Taco Bell,IN,Indianapolis,46250,-86.06810406992669,39.904104149576426,39.7771,-86.1458
Taco Bell,IN,Indianapolis,46201,-86.10919537865448,39.77418113858365,39.7771,-86.1458
Taco Bell,IN,Indianapolis,46239,-86.00031456765917,39.723252181234976,39.7771,-86.1458
Taco Bell,IN,Indianapolis,46278,-86.29788005079654,39.895198885934356,39.7771,-86.1458
Taco Bell,IN,Indianapolis,46239,-86.00031456765917,39.723252181234976,39.7771,-86.1458
Taco Bell,IN,Indianapolis,46254,-86.27207049720586,39.84897290336887,39.7771,-86.1458
Taco Bell,IN,Indianapolis,46208,-86.17238771401058,39.82375444210264,39.7771,-86.1458
Taco Bell,IN,Indianapolis,46268,-86.23334619438864,39.8993348093665,39.7771,-86.1458
Taco Bell,IN,Indianapolis,46237,-86.07571184553818,39.672969352302715,39.7771,-86.1458
Taco Bell,IN,Indianapolis,46220,-86.10818182500913,39.8677528130542,39.7771,-86.1458
Taco Bell,IN,Indianapolis,46226,-86.05160647194685,39.83851490152748,39.7771,-86.1458
Taco Bell,IN,Indianapolis,46202,-86.1633338445798,39.78411819804967,39.7771,-86.1458
Taco Bell,IN,Indianapolis,46203,-86.09694258857729,39.737605752450804,39.7771,-86.1458
Taco Bell,IN,Indianapolis,46236,-85.96848307472095,39.89167135342852,39.7771,-86.1458
Taco Bell,IN,Indianapolis,46256,-86.01179135466555,39.90684931733363,39.7771,-86.1458
Taco Bell,IN,Indianapolis,46222,-86.21475230220051,39.791045173287756,39.7771,-86.1458
Taco Bell,IN,Indianapolis,46241,-86.26607658814287,39.725684538365186,39.7771,-86.1458
Taco Bell,IN,Indianapolis,46219,-86.0443632388193,39.78276748221981,39.7771,-86.1458
Taco Bell,IN,Indianapolis,46214,-86.28960300153518,39.7917981711947,39.7771,-86.1458
Taco Bell,IN,Indianapolis,46218,-86.09971077885326,39.807276915470794,39.7771,-86.1458
Taco Bell,IN,Indianapolis,46225,-86.16315638317687,39.740479969708844,39.7771,-86.1458
Taco Bell,IN,Indianapolis,46229,-85.97792414427671,39.78856812132083,39.7771,-86.1458
Taco Bell,IN,Indianapolis,46217,-86.19394334160302,39.672740799814584,39.7771,-86.1458
Taco Bell,IN,Indianapolis,46234,-86.32566197587369,39.812499637342384,39.7771,-86.1458
Taco Bell,IN,Indianapolis,46237,-86.07571184553818,39.672969352302715,39.7771,-86.1458
Taco Bell,IN,Jasper,47546,-86.93579563125606,38.41950723485874,38.3933,-86.9402
Taco Bell,IN,Jeffersonville,47130,-85.69713707165769,38.33520567123344,38.3376,-85.7026
Taco Bell,IN,Jeffersonville,47130,-85.69713707165769,38.33520567123344,38.3376,-85.7026
Taco Bell,IN,Jeffersonville,47130,-85.69713707165769,38.33520567123344,38.3376,-85.7026
Taco Bell,IN,Kendallville,46755,-85.27405974433697,41.45018773474415,41.4441,-85.2578
Taco Bell,IN,Knox,46534,-86.61666499145707,41.28577178688128,,
Taco Bell,IN,Kokomo,46902,-86.0953971733604,40.437941938595785,40.464,-86.1277
Taco Bell,IN,Kokomo,46901,-86.1566217890765,40.525299658971235,40.464,-86.1277
Taco Bell,IN,Kokomo,46902,-86.0953971733604,40.437941938595785,40.464,-86.1277
Taco Bell,IN,Kokomo,46901,-86.1566217890765,40.525299658971235,40.464,-86.1277
Taco Bell,IN,Porte,46350,-86.72155604146054,41.60735402285254,,
Taco Bell,IN,Porte,46350,-86.72155604146054,41.60735402285254,,
Taco Bell,IN,Lafayette,47905,-86.76596476532083,40.420409284474935,30.2082,-92.0325
Taco Bell,IN,Lafayette,47905,-86.76596476532083,40.420409284474935,30.2082,-92.0325
Taco Bell,IN,Lawrence,46226,-86.05160647194685,39.83851490152748,38.9597,-95.2642
Taco Bell,IN,Lebanon,46052,-86.45986339901631,40.044811439001066,40.3412,-76.4228
Taco Bell,IN,Lebanon,46052,-86.45986339901631,40.044811439001066,40.3412,-76.4228
Taco Bell,IN,Ligonier,46767,-85.57956989703678,41.46845596999964,,
Taco Bell,IN,Linton,47441,-87.16591466845301,39.04328967862498,,
Taco Bell,IN,Logansport,46947,-86.3764463987326,40.760069183013876,40.7472,-86.352
Taco Bell,IN,Loogootee,47553,-86.91011237454502,38.652587360999654,,
Taco Bell,IN,Lowell,46356,-87.41416979543433,41.25998856169733,42.6389,-71.3217
Taco Bell,IN,Madison,47250,-85.35154550277545,38.81842674777291,43.0822,-89.393
Taco Bell,IN,Marion,46952,-85.63287972215979,40.599111114024296,42.0451,-91.585
Taco Bell,IN,Marion,46953,-85.64261694048709,40.51861513209606,42.0451,-91.585
Taco Bell,IN,Martinsville,46151,-86.43050250538292,39.44798188847001,36.6826,-79.8636
Taco Bell,IN,Merrillville,46410,-87.33361399566513,41.481202329384324,41.4728,-87.3196
Taco Bell,IN,Merrillville,46410,-87.33361399566513,41.481202329384324,41.4728,-87.3196
Taco Bell,IN,City,46360,-86.86941768206434,41.688373992547575,,
Taco Bell,IN,Middlebury,46540,-85.69842233646061,41.67665991501099,44.0043,-73.1218
Taco Bell,IN,Mishawaka,46544,-86.1389182959944,41.61691903598352,41.6742,-86.1666
Taco Bell,IN,Mishawaka,46545,-86.14641791948556,41.692985239871355,41.6742,-86.1666
Taco Bell,IN,Mishawaka,46545,-86.14641791948556,41.692985239871355,41.6742,-86.1666
Taco Bell,IN,Mishawaka,46544,-86.1389182959944,41.61691903598352,41.6742,-86.1666
Taco Bell,IN,Monticello,47960,-86.74992241990591,40.780496103845664,45.2991,-93.7996
Taco Bell,IN,Mooresville,46158,-86.3748974972652,39.5822407762447,35.5847,-80.8266
Taco Bell,IN,Vernon,47620,-87.9061637402629,37.93265146148959,41.1973,-74.4857
Taco Bell,IN,Muncie,47304,-85.46054339522196,40.233102354425746,40.1989,-85.395
Taco Bell,IN,Muncie,47304,-85.46054339522196,40.233102354425746,40.1989,-85.395
Taco Bell,IN,Muncie,47302,-85.37671165320171,40.12997888565437,40.1989,-85.395
Taco Bell,IN,Muncie,47304,-85.46054339522196,40.233102354425746,40.1989,-85.395
Taco Bell,IN,Muncie,47303,-85.37801531988586,40.27158686899712,40.1989,-85.395
Taco Bell,IN,Muncie,47303,-85.37801531988586,40.27158686899712,40.1989,-85.395
Taco Bell,IN,Muncie,47304,-85.46054339522196,40.233102354425746,40.1989,-85.395
Taco Bell,IN,Munster,46321,-87.50403914720638,41.54690499224061,41.5468,-87.504
Taco Bell,IN,Nappanee,46550,-86.00018142405176,41.44618290370949,,
Taco Bell,IN,Albany,47150,-85.84659549430836,38.2883521267784,42.6664,-73.7987
Taco Bell,IN,Albany,47150,-85.84659549430836,38.2883521267784,42.6664,-73.7987
Taco Bell,IN,Albany,47150,-85.84659549430836,38.2883521267784,42.6664,-73.7987
Taco Bell,IN,Castle,47362,-85.36903761612194,39.93023743366509,,
Taco Bell,IN,Haven,46774,-84.96970183350662,41.091931277830696,,
Taco Bell,IN,Lisbon,47366,,,44.0265,-70.09
Taco Bell,IN,Palestine,46163,-85.90342264178678,39.72866537883644,31.7544,-95.6471
Taco Bell,IN,Whiteland,46184,-86.07228745893099,39.5611021804949,,
Taco Bell,IN,Newburgh,47630,-87.35559205500674,37.95546296315032,41.5531,-74.0599
Taco Bell,IN,Noblesville,46060,-85.93087989749695,40.06598907424916,40.0355,-86.0042
Taco Bell,IN,Noblesville,46060,-85.93087989749695,40.06598907424916,40.0355,-86.0042
Taco Bell,IN,Vernon,47265,-85.62757376747813,39.01233848701921,41.1973,-74.4857
Taco Bell,IN,Dame,46556,-86.25132131365145,41.706562243955574,,
Taco Bell,IN,Pendleton,46064,-85.74743614497748,39.983459665108775,45.6757,-118.8201
Taco Bell,IN,Peru,46970,-86.06305665096929,40.760155955063944,40.7593,-86.0756
Taco Bell,IN,Plainfield,46168,-86.3918659564999,39.689286490458386,40.6154,-74.4157
Taco Bell,IN,Plainfield,46168,-86.3918659564999,39.689286490458386,40.6154,-74.4157
Taco Bell,IN,Plainfield,46168,-86.3918659564999,39.689286490458386,40.6154,-74.4157
Taco Bell,IN,Plymouth,46563,-86.32673908619775,41.356307000103946,45.0225,-93.4617
Taco Bell,IN,Portage,46368,-87.18093935370395,41.59099616792722,42.2,-85.5906
Taco Bell,IN,Portage,46368,-87.18093935370395,41.59099616792722,42.2,-85.5906
Taco Bell,IN,Portland,47371,-84.95994184770392,40.41854894162891,45.5371,-122.65
Taco Bell,IN,Princeton,47670,-87.57536251790735,38.34527394299429,25.5396,-80.3971
Taco Bell,IN,Remington,47977,-87.15610576264159,40.75494863279155,,
Taco Bell,IN,Rensselaer,47978,-87.11548797808918,40.98122371094597,42.6465,-73.7328
Taco Bell,IN,Richmond,47374,-84.88913987454973,39.83161792867377,37.5295,-77.4756
Taco Bell,IN,Richmond,47374,-84.88913987454973,39.83161792867377,37.5295,-77.4756
Taco Bell,IN,Richmond,47374,-84.88913987454973,39.83161792867377,37.5295,-77.4756
Taco Bell,IN,Rochester,46975,-86.25093356647429,41.07179855242804,43.168,-77.6162
Taco Bell,IN,Roseland,46637,-86.24158715185465,41.733919324573364,,
Taco Bell,IN,Rushville,46173,-85.4290093909416,39.602746412676915,,
Taco Bell,IN,John,46373,-87.46882656623366,41.44749893929547,,
Taco Bell,IN,Salem,47167,-86.09582433754407,38.61184025207558,44.9233,-123.0244
Taco Bell,IN,Scottsburg,47170,-85.84357345074697,38.684940013987294,,
Taco Bell,IN,Sellersburg,47172,-85.76863437026037,38.39885220877954,38.4028,-85.7706
Taco Bell,IN,Seymour,47274,-85.93089410748284,38.965808823401744,38.9476,-85.8911
Taco Bell,IN,Seymour,47274,-85.93089410748284,38.965808823401744,38.9476,-85.8911
Taco Bell,IN,Shelbyville,46176,-85.77396101575842,39.527516548866814,35.4987,-86.4517
Taco Bell,IN,Shelbyville,46176,-85.77396101575842,39.527516548866814,35.4987,-86.4517
Taco Bell,IN,Bend,46628,-86.33633114085232,41.72139595871703,44.0563,-121.3095
Taco Bell,IN,Bend,46619,-86.35094339974547,41.660081534326125,44.0563,-121.3095
Taco Bell,IN,Bend,46628,-86.33633114085232,41.72139595871703,44.0563,-121.3095
Taco Bell,IN,Bend,46614,-86.27870591885012,41.60335684728169,44.0563,-121.3095
Taco Bell,IN,Bend,46601,-86.25316321349818,41.67014857441254,44.0563,-121.3095
Taco Bell,IN,Speedway,46224,-86.25629525168875,39.79546406754448,39.7937,-86.2481
Taco Bell,IN,Spencer,47460,-86.7902279772642,39.28380272297966,42.2471,-71.9919
Taco Bell,IN,Syracuse,46567,-85.73108809501628,41.41348640327667,43.0407,-76.1437
Taco Bell,IN,City,47586,-86.69934731979447,38.037042359115226,,
Taco Bell,IN,Haute,47802,-87.40747701228709,39.35110281287801,,
Taco Bell,IN,Haute,47803,-87.30753544554949,39.464499783110384,,
Taco Bell,IN,Haute,47803,-87.30753544554949,39.464499783110384,,
Taco Bell,IN,Haute,47805,-87.32664337771124,39.547058200001665,,
Taco Bell,IN,Haute,47808,,,,
Taco Bell,IN,Tipton,46072,-86.06735380878578,40.286092390300695,,
Taco Bell,IN,Trafalgar,46181,-86.16264767268844,39.3805968597904,,
Taco Bell,IN,Valparaiso,46383,-87.00336735178706,41.45912751962666,41.4783,-87.0506
Taco Bell,IN,Valparaiso,46383,-87.00336735178706,41.45912751962666,41.4783,-87.0506
Taco Bell,IN,Versailles,47042,-85.25928914821756,39.01111254857564,38.0486,-84.7258
Taco Bell,IN,Vincennes,47591,-87.50412671863975,38.628234314188994,38.6759,-87.5102
Taco Bell,IN,Vincennes,47591,-87.50412671863975,38.628234314188994,38.6759,-87.5102
Taco Bell,IN,Wabash,46992,-85.82907665586292,40.786044337375635,40.8034,-85.8301
Taco Bell,IN,Warsaw,46582,-85.85464444213964,41.28414654724618,41.2448,-85.8465
Taco Bell,IN,Warsaw,46580,-85.87109807353292,41.20773148772109,41.2448,-85.8465
Taco Bell,IN,Washington,47501,-87.17242942064074,38.66244142638221,38.9047,-77.0163
Taco Bell,IN,Springs,47469,-86.61278956624021,38.6177607743198,41.0212,-72.1584
Taco Bell,IN,Lafayette,47906,-86.98646603330157,40.48691743419702,30.2082,-92.0325
Taco Bell,IN,Lafayette,47906,-86.98646603330157,40.48691743419702,30.2082,-92.0325
Taco Bell,IN,Lafayette,47906,-86.98646603330157,40.48691743419702,30.2082,-92.0325
Taco Bell,IN,Westfield,46074,-86.17578196124872,40.03627407381999,40.0341,-86.1529
Taco Bell,IN,Westville,46391,-86.91496417338571,41.54540337753065,,
Taco Bell,IN,Whitestown,46075,-86.3349135760878,40.0252481290564,43.135,-75.3404
Taco Bell,IN,Whitestown,46075,-86.3349135760878,40.0252481290564,43.135,-75.3404
Taco Bell,IN,Winchester,47394,-84.98724102261089,40.16898140796925,39.1735,-78.1746
Taco Bell,IN,Winfield,46307,-87.32767307715712,41.4025799812422,37.274,-96.95
Taco Bell,KS,Andover,67002,-97.10766910414144,37.69503485406229,42.6466,-71.1651
Taco Bell,KS,City,67005,-96.99161695275293,37.0651065051154,,
Taco Bell,KS,Atchison,66002,-95.13884146397636,39.54015156059591,39.5625,-95.1367
Taco Bell,KS,Augusta,67010,-96.97277694427552,37.662444697492646,33.3645,-82.0708
Taco Bell,KS,Basehor,66007,-94.94118060418344,39.15517260705245,,
Taco Bell,KS,Springs,66012,-94.92267030458785,39.06718629520494,41.0212,-72.1584
Taco Bell,KS,Coffeyville,67337,-95.60147804765191,37.055263231893306,37.0519,-95.618
Taco Bell,KS,Soto,66018,-94.96777519751855,38.96627098827645,,
Taco Bell,KS,Derby,67037,-97.21977173862359,37.56440275458374,37.5571,-97.2551
Taco Bell,KS,Derby,67037,-97.21977173862359,37.56440275458374,37.5571,-97.2551
Taco Bell,KS,City,67801,-100.05501716669208,37.7252675960553,,
Taco Bell,KS,Dorado,67042,-96.79872960135373,37.84883171101377,,
Taco Bell,KS,Emporia,66801,-96.21802492680392,38.412975684088885,38.4028,-96.1932
Taco Bell,KS,Emporia,66801,-96.21802492680392,38.412975684088885,38.4028,-96.1932
Taco Bell,KS,Scott,66701,-94.76153061560477,37.82352067889847,40.3875,-80.0791
Taco Bell,KS,City,67846,-100.76700953897276,38.03487964349879,,
Taco Bell,KS,Gardner,66030,-94.94123579306473,38.81498466090915,38.8122,-94.9275
Taco Bell,KS,Gardner,66030,-94.94123579306473,38.81498466090915,38.8122,-94.9275
Taco Bell,KS,Goddard,67052,-97.57574384574868,37.658167561744776,,
Taco Bell,KS,Bend,67530,-98.79362379426034,38.35286031921886,44.0563,-121.3095
Taco Bell,KS,Hays,67601,-99.34832241333619,38.87757921505295,38.8821,-99.3221
Taco Bell,KS,Holton,66436,-95.69882267139329,39.466843861699715,,
Taco Bell,KS,Hutchinson,67501,-97.92972874219669,37.98302727563703,38.0671,-97.9081
Taco Bell,KS,Hutchinson,67502,-97.9291219326323,38.12717125841989,38.0671,-97.9081
Taco Bell,KS,Independence,67301,-95.75340825271672,37.20890061103123,39.0871,-94.3501
Taco Bell,KS,Iola,66749,-95.40778933222612,37.937566620339986,,
Taco Bell,KS,City,66441,-96.80309259323897,38.985102264199305,,
Taco Bell,KS,City,66441,-96.80309259323897,38.985102264199305,,
Taco Bell,KS,City,66112,-94.77359268083205,39.11452302224657,,
Taco Bell,KS,City,66105,-94.63843903936468,39.08690860538988,,
Taco Bell,KS,City,66106,-94.70298493683809,39.06662378840257,,
Taco Bell,KS,City,66103,-94.62632661343622,39.061227883589005,,
Taco Bell,KS,City,66102,-94.68951609095232,39.112989827165634,,
Taco Bell,KS,City,66109,-94.82806397786456,39.163523083390345,,
Taco Bell,KS,Larned,67550,-99.12235315285112,38.18485049996325,,
Taco Bell,KS,Lawrence,66049,-95.34464616455367,38.98238356511553,38.9597,-95.2642
Taco Bell,KS,Lawrence,66046,-95.21354142238577,38.90777906293819,38.9597,-95.2642
Taco Bell,KS,Lawrence,66044,-95.20855411347902,39.02892551716442,38.9597,-95.2642
Taco Bell,KS,Leavenworth,66048,-94.99412638184725,39.282878562334034,39.3239,-94.924
Taco Bell,KS,Leavenworth,66048,-94.99412638184725,39.282878562334034,39.3239,-94.924
Taco Bell,KS,Lenexa,66215,-94.7429606338183,38.956967305281374,38.9609,-94.8018
Taco Bell,KS,Lenexa,66219,-94.77629128696283,38.952218599929644,38.9609,-94.8018
Taco Bell,KS,Lenexa,66215,-94.7429606338183,38.956967305281374,38.9609,-94.8018
Taco Bell,KS,Liberal,67901,-100.90783087822612,37.10184852016009,37.0466,-100.9295
Taco Bell,KS,Maize,67101,-97.46344567049171,37.78502636683308,,
Taco Bell,KS,Manhattan,66502,-96.53127212535885,39.1512481028955,40.7834,-73.9662
Taco Bell,KS,Manhattan,66502,-96.53127212535885,39.1512481028955,40.7834,-73.9662
Taco Bell,KS,McPherson,67460,-97.69809998690427,38.383619837188874,38.3714,-97.6605
Taco Bell,KS,Merriam,66203,-94.70548987258746,39.02153170635834,39.0186,-94.6933
Taco Bell,KS,Mission,66202,-94.66914155598378,39.023927797536,26.2039,-98.3256
Taco Bell,KS,Mulvane,67110,-97.22603954891844,37.468490777352706,,
Taco Bell,KS,Newton,67114,-97.2887480976421,38.07348927259665,42.3316,-71.2085
Taco Bell,KS,Olathe,66062,-94.77798065696702,38.834543443474814,38.8833,-94.82
Taco Bell,KS,Olathe,66062,-94.77798065696702,38.834543443474814,38.8833,-94.82
Taco Bell,KS,Olathe,66061,-94.87958078351183,38.89665539703037,38.8833,-94.82
Taco Bell,KS,Olathe,66062,-94.77798065696702,38.834543443474814,38.8833,-94.82
Taco Bell,KS,Olathe,66061,-94.87958078351183,38.89665539703037,38.8833,-94.82
Taco Bell,KS,Olathe,66061,-94.87958078351183,38.89665539703037,38.8833,-94.82
Taco Bell,KS,Ottawa,66067,-95.275678520414,38.62061158079526,41.3555,-88.8261
Taco Bell,KS,Park,66212,-94.68146537339346,38.95634842279936,,
Taco Bell,KS,Park,66223,-94.66820497173258,38.862817946825366,,
Taco Bell,KS,Park,66223,-94.66820497173258,38.862817946825366,,
Taco Bell,KS,Park,66210,-94.70494501747476,38.923701255651046,,
Taco Bell,KS,Park,66204,-94.67710558666029,38.992847909853424,,
Taco Bell,KS,Park,66213,-94.70539418666829,38.8991888879795,,
Taco Bell,KS,Park,66223,-94.66820497173258,38.862817946825366,,
Taco Bell,KS,Paola,66071,-94.86454241384006,38.57328117244358,,
Taco Bell,KS,City,67219,-97.31743341923516,37.77182078249308,,
Taco Bell,KS,Parsons,67357,-95.26182087044212,37.34613545789123,37.3405,-95.2958
Taco Bell,KS,Pittsburg,66762,-94.71047714312849,37.39511085781691,38.0182,-121.8965
Taco Bell,KS,Pratt,67124,-98.77251693302232,37.633600233122095,,
Taco Bell,KS,Park,66205,-94.63075793558328,39.03122362217446,,
Taco Bell,KS,Salina,67401,-97.64580184647626,38.83402682385248,38.8136,-97.6143
Taco Bell,KS,Salina,67401,-97.64580184647626,38.83402682385248,38.8136,-97.6143
Taco Bell,KS,Salina,67401,-97.64580184647626,38.83402682385248,38.8136,-97.6143
Taco Bell,KS,Mission,66216,-94.74115427735606,39.013848260274486,26.2039,-98.3256
Taco Bell,KS,Tecumseh,66542,-95.54464771557105,39.01295011842631,42.0066,-83.945
Taco Bell,KS,Topeka,66608,-95.66444872002604,39.080335275106485,39.0346,-95.6955
Taco Bell,KS,Topeka,66604,-95.72661627019842,39.038882868139844,39.0346,-95.6955
Taco Bell,KS,Topeka,66605,-95.63352038374279,39.011714834828815,39.0346,-95.6955
Taco Bell,KS,Wellington,67152,-97.41438069572736,37.26012159466425,26.6461,-80.2699
Taco Bell,KS,Wichita,67217,-97.36277210025175,37.6154869624473,37.6895,-97.3443
Taco Bell,KS,Wichita,67213,-97.36500314004498,37.66725938437936,37.6895,-97.3443
Taco Bell,KS,Wichita,67226,-97.21528328212511,37.77329860989691,37.6895,-97.3443
Taco Bell,KS,Wichita,67204,-97.36350494437133,37.772469338590206,37.6895,-97.3443
Taco Bell,KS,Wichita,67203,-97.36493955674906,37.70405261294625,37.6895,-97.3443
Taco Bell,KS,Wichita,67207,-97.22772336992807,37.66640727669243,37.6895,-97.3443
Taco Bell,KS,Wichita,67208,-97.27927118698139,37.704487495972025,37.6895,-97.3443
Taco Bell,KS,Wichita,67216,-97.31390629813438,37.60862010885232,37.6895,-97.3443
Taco Bell,KS,Wichita,67226,-97.21528328212511,37.77329860989691,37.6895,-97.3443
Taco Bell,KS,Wichita,67217,-97.36277210025175,37.6154869624473,37.6895,-97.3443
Taco Bell,KS,Wichita,67207,-97.22772336992807,37.66640727669243,37.6895,-97.3443
Taco Bell,KS,Wichita,67212,-97.43638168678862,37.702013199154266,37.6895,-97.3443
Taco Bell,KS,Wichita,67205,-97.42252969651136,37.749909354283055,37.6895,-97.3443
Taco Bell,KS,Wichita,67218,-97.28041744636663,37.66851221533006,37.6895,-97.3443
Taco Bell,KY,Alexandria,41001,-84.40264183466695,38.91489724150273,38.8185,-77.0861
Taco Bell,KY,Ashland,41101,-82.64607937643535,38.47222318471415,37.6942,-122.1159
Taco Bell,KY,Ashland,41101,-82.64607937643535,38.47222318471415,37.6942,-122.1159
Taco Bell,KY,Ashland,41102,-82.72503674074851,38.421077897723194,37.6942,-122.1159
Taco Bell,KY,Barbourville,40906,-83.88646695812766,36.88210493935371,,
Taco Bell,KY,Bardstown,40004,-85.46495868121409,37.8045067590425,37.8175,-85.455
Taco Bell,KY,Bardstown,40004,-85.46495868121409,37.8045067590425,37.8175,-85.455
Taco Bell,KY,Dam,42320,-86.87089933188909,37.352426409709345,,
Taco Bell,KY,Bellevue,41073,-84.47945651957197,39.10214058688684,47.5951,-122.1535
Taco Bell,KY,Berea,40403,-84.27118985579797,37.5694405384077,41.3696,-81.8641
Taco Bell,KY,Green,42104,-86.45125336992169,36.87837679869545,40.9483,-81.4757
Taco Bell,KY,Green,42101,-86.47617927508604,37.06377473250131,40.9483,-81.4757
Taco Bell,KY,Green,42101,-86.47617927508604,37.06377473250131,40.9483,-81.4757
Taco Bell,KY,Green,42101,-86.47617927508604,37.06377473250131,40.9483,-81.4757
Taco Bell,KY,Brandenburg,40108,-86.16628903194538,37.97261221832784,,
Taco Bell,KY,Campbellsville,42718,-85.37358696641407,37.38735046045516,37.3445,-85.3511
Taco Bell,KY,Carrollton,41008,-85.16788124476307,38.663549672561665,32.989,-96.8999
Taco Bell,KY,City,42127,-85.92893443644196,37.12130214166308,,
Taco Bell,KY,City,42330,-87.12000964478982,37.320632404557514,,
Taco Bell,KY,Spring,41076,-84.4359376362181,39.01778198237268,30.0613,-95.383
Taco Bell,KY,Columbia,42728,-85.28858781508501,37.11090276743517,34.0378,-80.9036
Taco Bell,KY,Corbin,40701,-84.16357074494132,36.91956680383645,,
Taco Bell,KY,Corbin,40701,-84.16357074494132,36.91956680383645,,
Taco Bell,KY,Covington,41011,-84.52951068468113,39.06806987238311,39.0334,-84.5166
Taco Bell,KY,Springs,41017,-84.56147175830766,39.02886226560813,41.0212,-72.1584
Taco Bell,KY,Crestwood,40014,-85.43099122739865,38.34186494508938,38.5569,-90.3783
Taco Bell,KY,Cynthiana,41031,-84.2868356561911,38.4160743523976,,
Taco Bell,KY,Danville,40422,-84.80072549540796,37.6378670536034,37.8121,-121.9698
Taco Bell,KY,Ridge,41035,-84.65958834901689,38.70513589996187,40.9068,-72.8816
Taco Bell,KY,Edgewood,41017,-84.56147175830766,39.02886226560813,39.419,-76.2964
Taco Bell,KY,Elizabethtown,42701,-85.83580193085939,37.70497141998884,37.7031,-85.8773
Taco Bell,KY,Elizabethtown,42701,-85.83580193085939,37.70497141998884,37.7031,-85.8773
Taco Bell,KY,Elizabethtown,42701,-85.83580193085939,37.70497141998884,37.7031,-85.8773
Taco Bell,KY,Elizabethtown,42701,-85.83580193085939,37.70497141998884,37.7031,-85.8773
Taco Bell,KY,Flemingsburg,41041,-83.72604408835358,38.40896333415226,,
Taco Bell,KY,Florence,41042,-84.65283554908886,39.00116214058493,34.178,-79.7898
Taco Bell,KY,Florence,41042,-84.65283554908886,39.00116214058493,34.178,-79.7898
Taco Bell,KY,Florence,41042,-84.65283554908886,39.00116214058493,34.178,-79.7898
Taco Bell,KY,Florence,41042,-84.65283554908886,39.00116214058493,34.178,-79.7898
Taco Bell,KY,Knox,40121,-85.94139423408073,37.929322063798594,,
Taco Bell,KY,Wright,41017,-84.56147175830766,39.02886226560813,30.4445,-86.6419
Taco Bell,KY,Frankfort,40601,-84.88086241456301,38.23396013107786,38.1924,-84.8643
Taco Bell,KY,Frankfort,40601,-84.88086241456301,38.23396013107786,38.1924,-84.8643
Taco Bell,KY,Franklin,42134,-86.56604871013455,36.7244465296976,35.92,-86.8516
Taco Bell,KY,Georgetown,40324,-84.55323918761991,38.24674833480226,30.666,-97.6966
Taco Bell,KY,Georgetown,40324,-84.55323918761991,38.24674833480226,30.666,-97.6966
Taco Bell,KY,Glasgow,42141,-85.91659840547325,36.94754653361572,39.6015,-75.7473
Taco Bell,KY,Grayson,41143,-82.97237466162592,38.33255507556446,,
Taco Bell,KY,Hardinsburg,40143,-86.50880992589735,37.78115576668441,,
Taco Bell,KY,Harlan,40831,-83.34985968249302,36.75957563685329,,
Taco Bell,KY,Harrodsburg,40330,-84.89167909472155,37.789615976956476,37.7654,-84.8474
Taco Bell,KY,Hazard,41701,-83.19122557937563,37.29826919590307,,
Taco Bell,KY,Hazard,41701,-83.19122557937563,37.29826919590307,,
Taco Bell,KY,Hebron,41048,-84.70714551407991,39.09500221850798,,
Taco Bell,KY,Henderson,42420,-87.51679980850506,37.803449138125444,36.0133,-115.0381
Taco Bell,KY,Henderson,42420,-87.51679980850506,37.803449138125444,36.0133,-115.0381
Taco Bell,KY,Hodgenville,42748,-85.70854664415698,37.57100266119146,,
Taco Bell,KY,Hopkinsville,42240,-87.46233580795318,36.878852556654856,36.8381,-87.4775
Taco Bell,KY,Hopkinsville,42240,-87.46233580795318,36.878852556654856,36.8381,-87.4775
Taco Bell,KY,Independence,41051,-84.54503383973565,38.93400453053567,39.0871,-94.3501
Taco Bell,KY,Inez,41224,-82.53914159009699,37.82733845632542,,
Taco Bell,KY,Jackson,41339,-83.29612855742856,37.53587022795758,32.3157,-90.2125
Taco Bell,KY,Jeffersontown,40299,-85.51677659741225,38.16263024001094,38.2049,-85.5701
Taco Bell,KY,Grange,40031,-85.39478361375946,38.42770323015237,,
Taco Bell,KY,Lawrenceburg,40342,-84.98494990385737,38.003219880200184,38.0332,-84.9031
Taco Bell,KY,Lebanon,40033,-85.23807427765922,37.558478603148345,40.3412,-76.4228
Taco Bell,KY,Leitchfield,42754,-86.31462165692523,37.47600064242823,,
Taco Bell,KY,Lexington,40517,-84.48834924064546,37.98385740031506,38.0423,-84.4587
Taco Bell,KY,Lexington,40505,-84.45688998692025,38.05995101661305,38.0423,-84.4587
Taco Bell,KY,Lexington,40509,-84.3761908418284,37.99784378323095,38.0423,-84.4587
Taco Bell,KY,Lexington,40504,-84.54163223018814,38.04174062300995,38.0423,-84.4587
Taco Bell,KY,Lexington,40503,-84.53423911674172,38.00468950211237,38.0423,-84.4587
Taco Bell,KY,Lexington,40503,-84.53423911674172,38.00468950211237,38.0423,-84.4587
Taco Bell,KY,Lexington,40507,-84.49635343805926,38.04695560797783,38.0423,-84.4587
Taco Bell,KY,Lexington,40511,-84.4780484185117,38.13369271281866,38.0423,-84.4587
Taco Bell,KY,Lexington,40505,-84.45688998692025,38.05995101661305,38.0423,-84.4587
Taco Bell,KY,Liberty,42539,-84.95385973543422,37.30378613854924,39.2394,-94.4191
Taco Bell,KY,London,40741,-84.12616129122117,37.137533436064174,39.8935,-83.4375
Taco Bell,KY,London,40741,-84.12616129122117,37.137533436064174,39.8935,-83.4375
Taco Bell,KY,Louisa,41230,-82.66635511156187,38.06402848794024,,
Taco Bell,KY,Louisville,40207,-85.65722437549738,38.26530372661012,38.1663,-85.6485
Taco Bell,KY,Louisville,40213,-85.71945912126311,38.17580645880159,38.1663,-85.6485
Taco Bell,KY,Louisville,40245,-85.45220824912525,38.264734560884484,38.1663,-85.6485
Taco Bell,KY,Louisville,40258,-85.87764700588393,38.14688862557308,38.1663,-85.6485
Taco Bell,KY,Louisville,40214,-85.78251616648113,38.15188518516835,38.1663,-85.6485
Taco Bell,KY,Louisville,40218,-85.65403550409225,38.18904828614544,38.1663,-85.6485
Taco Bell,KY,Louisville,40299,-85.51677659741225,38.16263024001094,38.1663,-85.6485
Taco Bell,KY,Louisville,40208,-85.76555040681309,38.21855855957482,38.1663,-85.6485
Taco Bell,KY,Louisville,40202,-85.75347274019676,38.25711190973964,38.1663,-85.6485
Taco Bell,KY,Louisville,40213,-85.71945912126311,38.17580645880159,38.1663,-85.6485
Taco Bell,KY,Louisville,40214,-85.78251616648113,38.15188518516835,38.1663,-85.6485
Taco Bell,KY,Louisville,40216,-85.83979805900977,38.1876808214773,38.1663,-85.6485
Taco Bell,KY,Louisville,40206,-85.70486527508106,38.260385387575845,38.1663,-85.6485
Taco Bell,KY,Louisville,40216,-85.83979805900977,38.1876808214773,38.1663,-85.6485
Taco Bell,KY,Louisville,40220,-85.61724840532204,38.21551287445418,38.1663,-85.6485
Taco Bell,KY,Louisville,40241,-85.57580978100142,38.30162920289219,38.1663,-85.6485
Taco Bell,KY,Louisville,40222,-85.62037829564905,38.27130999589775,38.1663,-85.6485
Taco Bell,KY,Louisville,40229,-85.65483054030082,38.0891148531856,38.1663,-85.6485
Taco Bell,KY,Louisville,40202,-85.75347274019676,38.25711190973964,38.1663,-85.6485
Taco Bell,KY,Louisville,40228,-85.62828939105276,38.13554602119013,38.1663,-85.6485
Taco Bell,KY,Louisville,40219,-85.68701384239267,38.138889671308334,38.1663,-85.6485
Taco Bell,KY,Louisville,40204,-85.7209034258126,38.23914950851164,38.1663,-85.6485
Taco Bell,KY,Louisville,40203,-85.76500746627603,38.247484241798475,38.1663,-85.6485
Taco Bell,KY,Louisville,40291,-85.57807022762711,38.129088065723494,38.1663,-85.6485
Taco Bell,KY,Louisville,40291,-85.57807022762711,38.129088065723494,38.1663,-85.6485
Taco Bell,KY,Louisville,40213,-85.71945912126311,38.17580645880159,38.1663,-85.6485
Taco Bell,KY,Louisville,40211,-85.82398048681074,38.23441274712648,38.1663,-85.6485
Taco Bell,KY,Louisville,40272,-85.85241904618115,38.08446312429581,38.1663,-85.6485
Taco Bell,KY,Louisville,40258,-85.87764700588393,38.14688862557308,38.1663,-85.6485
Taco Bell,KY,Louisville,40214,-85.78251616648113,38.15188518516835,38.1663,-85.6485
Taco Bell,KY,Louisville,40299,-85.51677659741225,38.16263024001094,38.1663,-85.6485
Taco Bell,KY,Madisonville,42431,-87.47832719514933,37.32921004085511,37.3409,-87.5034
Taco Bell,KY,Manchester,40962,-83.74062783119724,37.145869580102975,42.9848,-71.4447
Taco Bell,KY,Mayfield,42066,-88.63942983540153,36.732832080145215,36.7371,-88.6447
Taco Bell,KY,Maysville,41056,-83.77865641633237,38.60004339398182,38.6455,-83.7911
Taco Bell,KY,Middlesboro,40965,-83.71669080433746,36.634351267362945,,
Taco Bell,KY,Middletown,40243,-85.53423239909382,38.23924425697153,39.5033,-84.3659
Taco Bell,KY,Monticello,42633,-84.83043545895443,36.79283828609586,45.2991,-93.7996
Taco Bell,KY,Morehead,40351,-83.41637199710574,38.20547781430598,,
Taco Bell,KY,Morganfield,42437,-87.9365575280759,37.663933372419386,,
Taco Bell,KY,Sterling,40353,-83.94762511226423,38.06564668769398,39.0052,-77.405
Taco Bell,KY,Vernon,40456,-84.32144340720683,37.348637793468136,41.1973,-74.4857
Taco Bell,KY,Washington,40047,-85.55477052881568,38.03973210107721,38.9047,-77.0163
Taco Bell,KY,Munfordville,42765,-85.92164095265773,37.313966074658595,,
Taco Bell,KY,Murray,42071,-88.28389118358207,36.62033654629501,40.6498,-111.8874
Taco Bell,KY,Newport,41071,-84.4828094316526,39.073890802831826,41.4801,-71.3203
Taco Bell,KY,Nicholasville,40356,-84.56447744696659,37.87300627544782,37.8906,-84.5668
Taco Bell,KY,Nicholasville,40356,-84.56447744696659,37.87300627544782,37.8906,-84.5668
Taco Bell,KY,Grove,42262,-87.44872458871207,36.681601582904285,,
Taco Bell,KY,Owensboro,42301,-87.2461069665292,37.740374545079796,37.7575,-87.1172
Taco Bell,KY,Owensboro,42303,-87.04895604084571,37.76157229752194,37.7575,-87.1172
Taco Bell,KY,Owensboro,42301,-87.2461069665292,37.740374545079796,37.7575,-87.1172
Taco Bell,KY,Owingsville,40360,-83.7673889841902,38.15446908320394,,
Taco Bell,KY,Paducah,42001,-88.7108698027726,37.03770372031704,37.0711,-88.644
Taco Bell,KY,Paducah,42003,-88.58566867939638,37.01048969119599,37.0711,-88.644
Taco Bell,KY,Paducah,42003,-88.58566867939638,37.01048969119599,37.0711,-88.644
Taco Bell,KY,Paintsville,41240,-82.79755626691484,37.82386910518041,,
Taco Bell,KY,Paris,40361,-84.2272827392327,38.205942914687895,33.6688,-95.546
Taco Bell,KY,Pikeville,41501,-82.51727168512443,37.516126627694284,,
Taco Bell,KY,Pikeville,41501,-82.51727168512443,37.516126627694284,,
Taco Bell,KY,Prestonsburg,41653,-82.76359341651992,37.661043280309386,,
Taco Bell,KY,Princeton,42445,-87.85472194717954,37.13021580955337,25.5396,-80.3971
Taco Bell,KY,Radcliff,40160,-85.93918160199873,37.81276149753557,37.8204,-85.9365
Taco Bell,KY,Radcliff,40160,-85.93918160199873,37.81276149753557,37.8204,-85.9365
Taco Bell,KY,Richmond,40475,-84.31370914469392,37.76659570600202,37.5295,-77.4756
Taco Bell,KY,Richmond,40475,-84.31370914469392,37.76659570600202,37.5295,-77.4756
Taco Bell,KY,Springs,42642,-85.03748133106943,37.05510167825444,41.0212,-72.1584
Taco Bell,KY,Russellville,42276,-86.88076950040107,36.857099651054405,35.2762,-93.1383
Taco Bell,KY,Salyersville,41465,-83.08565248780943,37.72847725869132,,
Taco Bell,KY,Scottsville,42164,-86.18473960610966,36.77560762139161,,
Taco Bell,KY,Shelbyville,40065,-85.2068500477865,38.21651856571995,35.4987,-86.4517
Taco Bell,KY,Shelbyville,40065,-85.2068500477865,38.21651856571995,35.4987,-86.4517
Taco Bell,KY,Shepherdsville,40165,-85.67570691071484,37.971615718929854,37.9813,-85.7007
Taco Bell,KY,Shepherdsville,40165,-85.67570691071484,37.971615718929854,37.9813,-85.7007
Taco Bell,KY,Grove,42171,-86.16596810007707,37.03473289391327,,
Taco Bell,KY,Somerset,42501,-84.44980134678654,37.061745717648236,40.5083,-74.501
Taco Bell,KY,Somerset,42503,-84.52477673602633,37.156626190566485,40.5083,-74.501
Taco Bell,KY,Williamson,41503,-82.28746678776163,37.664345831035774,,
Taco Bell,KY,Springfield,40069,-85.21601789452053,37.716027304938734,42.1155,-72.5395
Taco Bell,KY,Stanford,40484,-84.66965051596564,37.51614394313644,37.4252,-122.1674
Taco Bell,KY,Mill,41015,-84.48442957917571,38.97807579272243,,
Taco Bell,KY,Taylorsville,40071,-85.3691194978066,38.043749887950874,40.6569,-111.9493
Taco Bell,KY,Tompkinsville,42167,-85.67366295305033,36.724142620384974,,
Taco Bell,KY,Versailles,40383,-84.7398748052819,38.01263181626375,38.0486,-84.7258
Taco Bell,KY,Walton,41094,-84.62523433551597,38.883978172980115,,
Taco Bell,KY,Walton,41094,-84.62523433551597,38.883978172980115,,
Taco Bell,KY,Whitesburg,41858,-82.85273812323628,37.13537792738048,,
Taco Bell,KY,City,42653,-84.45740030379406,36.77787424953379,,
Taco Bell,KY,Williamsburg,40769,-84.17017579773243,36.71207313179033,37.2693,-76.7076
Taco Bell,KY,Winchester,40391,-84.14517405735876,37.96943710525835,39.1735,-78.1746
Taco Bell,LA,Abbeville,70510,-92.1996549755217,29.898116444707895,29.9751,-92.1265
Taco Bell,LA,Alexandria,71303,-92.54370619302482,31.27807596698717,38.8185,-77.0861
Taco Bell,LA,Alexandria,71301,-92.46876373621086,31.274272786355567,38.8185,-77.0861
Taco Bell,LA,Amite,70422,-90.48249013833919,30.735334028912877,,
Taco Bell,LA,Baker,70714,-91.12768600627585,30.586471449856678,30.5832,-91.1582
Taco Bell,LA,Bastrop,71220,-91.91139735172095,32.864874063298195,30.1113,-97.3176
Taco Bell,LA,Rouge,70809,-91.07110200980635,30.39381219828108,,
Taco Bell,LA,Rouge,70818,-91.04987771793955,30.542530628464114,,
Taco Bell,LA,Rouge,70814,-91.06800064253497,30.485171405326764,,
Taco Bell,LA,Rouge,70817,-90.98090972478272,30.376038590278846,,
Taco Bell,LA,Rouge,70816,-91.02136664508492,30.428975482000336,,
Taco Bell,LA,Rouge,70808,-91.14252143410307,30.405645166398763,,
Taco Bell,LA,Rouge,70808,-91.14252143410307,30.405645166398763,,
Taco Bell,LA,Rouge,70806,-91.12475274578514,30.448757769147782,,
Taco Bell,LA,Rouge,70808,-91.14252143410307,30.405645166398763,,
Taco Bell,LA,Rouge,70816,-91.02136664508492,30.428975482000336,,
Taco Bell,LA,Rouge,70810,-91.0830938280576,30.345402673042642,,
Taco Bell,LA,Rouge,70805,-91.15936280812436,30.488497080116204,,
Taco Bell,LA,Rouge,70815,-91.06626212038896,30.455462614956364,,
Taco Bell,LA,Chasse,70037,-90.00820794746059,29.748245248802387,,
Taco Bell,LA,Bogalusa,70427,-89.91087271986706,30.746048035705908,30.7812,-89.8633
Taco Bell,LA,City,71111,-93.70305369508604,32.581569510416145,,
Taco Bell,LA,City,71112,-93.63610041916603,32.44249438494925,,
Taco Bell,LA,City,71112,-93.63610041916603,32.44249438494925,,
Taco Bell,LA,City,71111,-93.70305369508604,32.581569510416145,,
Taco Bell,LA,City,71112,-93.63610041916603,32.44249438494925,,
Taco Bell,LA,City,71111,-93.70305369508604,32.581569510416145,,
Taco Bell,LA,Boutte,70039,-90.38906331304138,29.881507264880987,,
Taco Bell,LA,Bridge,70517,-91.82956811364559,30.294839641316926,,
Taco Bell,LA,Broussard,70518,-91.92882436912969,30.133396843684753,30.1396,-91.954
Taco Bell,LA,Carencro,70520,-92.03579179925553,30.332024985636036,30.3126,-92.0388
Taco Bell,LA,Chalmette,70043,-89.96275241426198,29.948030476365254,29.9438,-89.966
Taco Bell,LA,Covington,70433,-90.13838303926823,30.463282605527667,39.0334,-84.5166
Taco Bell,LA,Covington,70433,-90.13838303926823,30.463282605527667,39.0334,-84.5166
Taco Bell,LA,Covington,70434,,,39.0334,-84.5166
Taco Bell,LA,Crowley,70526,-92.37983736325853,30.210198464089967,32.5781,-97.3585
Taco Bell,LA,Springs,70726,-90.89895706003298,30.427994328390554,41.0212,-72.1584
Taco Bell,LA,Springs,70726,-90.89895706003298,30.427994328390554,41.0212,-72.1584
Taco Bell,LA,Springs,70726,-90.89895706003298,30.427994328390554,41.0212,-72.1584
Taco Bell,LA,Deridder,70634,-93.2397010398695,30.793902568635442,,
Taco Bell,LA,Donaldsonville,70346,-91.0275757456499,30.12206878437839,,
Taco Bell,LA,Eunice,70535,-92.42639712019557,30.478209797148658,30.4904,-92.4191
Taco Bell,LA,Franklinton,70438,-90.10812095264089,30.84674989059164,,
Taco Bell,LA,Gonzales,70737,-90.92221683216655,30.22513616423012,30.2132,-90.9234
Taco Bell,LA,Gonzales,70737,-90.92221683216655,30.22513616423012,30.2132,-90.9234
Taco Bell,LA,Gray,70359,-90.776516967758,29.694019134773548,,
Taco Bell,LA,Gretna,70053,-90.05336715525854,29.91443558041611,29.9101,-90.0515
Taco Bell,LA,Hammond,70401,-90.45679283271818,30.528276552409036,41.6168,-87.4909
Taco Bell,LA,Hammond,70403,-90.48387779369375,30.48002188338198,41.6168,-87.4909
Taco Bell,LA,Hammond,70401,-90.45679283271818,30.528276552409036,41.6168,-87.4909
Taco Bell,LA,Harvey,70058,-90.06707474696576,29.870528021064263,29.8876,-90.0666
Taco Bell,LA,Houma,70360,-90.81028956227956,29.588189287365157,29.58,-90.7059
Taco Bell,LA,Houma,70360,-90.81028956227956,29.588189287365157,29.58,-90.7059
Taco Bell,LA,Houma,70363,-90.70664672774859,29.516733392957587,29.58,-90.7059
Taco Bell,LA,Jefferson,70121,-90.16240285647876,29.961845252721165,41.0003,-74.5531
Taco Bell,LA,Jennings,70546,-92.6677551674704,30.26520350896229,38.7231,-90.2644
Taco Bell,LA,Kenner,70065,-90.25405477457821,30.027656952828117,30.0109,-90.2549
Taco Bell,LA,Kenner,70065,-90.25405477457821,30.027656952828117,30.0109,-90.2549
Taco Bell,LA,Place,70068,-90.43473239642205,30.134549730113356,,
Taco Bell,LA,Lafayette,70503,-92.0605821167006,30.17282178105733,30.2082,-92.0325
Taco Bell,LA,Lafayette,70501,-91.99046008539166,30.239729427249454,30.2082,-92.0325
Taco Bell,LA,Lafayette,70506,-92.08131439857479,30.195489309156667,30.2082,-92.0325
Taco Bell,LA,Lafayette,70508,-92.0286041434268,30.15553047151339,30.2082,-92.0325
Taco Bell,LA,Lafayette,70508,-92.0286041434268,30.15553047151339,30.2082,-92.0325
Taco Bell,LA,Lafayette,70503,-92.0605821167006,30.17282178105733,30.2082,-92.0325
Taco Bell,LA,Charles,70601,-93.2157492367003,30.226268964562557,,
Taco Bell,LA,Charles,70605,-93.27366336165956,30.13065122783445,,
Taco Bell,LA,Charles,70607,-93.20413772421682,30.042338131505215,,
Taco Bell,LA,Charles,70601,-93.2157492367003,30.226268964562557,,
Taco Bell,LA,Larose,70373,-90.34238942442158,29.597118273713427,,
Taco Bell,LA,Leesville,71446,-93.18765882085286,31.167298747155414,,
Taco Bell,LA,Leesville,71446,-93.18765882085286,31.167298747155414,,
Taco Bell,LA,Livingston,70754,-90.74287937104212,30.40397654769204,40.7855,-74.3291
Taco Bell,LA,Mandeville,70448,-90.03943642671406,30.362787560426053,30.3751,-90.0904
Taco Bell,LA,Marksville,71351,-91.96283499932849,31.177385742147326,,
Taco Bell,LA,Marrero,70072,-90.11040700382044,29.835985324307686,29.8871,-90.1126
Taco Bell,LA,Meraux,70075,-89.92127675488962,29.932963045112054,,
Taco Bell,LA,Metairie,70003,-90.21397473433147,29.998616612426048,29.9977,-90.178
Taco Bell,LA,Metairie,70003,-90.21397473433147,29.998616612426048,29.9977,-90.178
Taco Bell,LA,Metairie,70006,-90.19171625629828,30.014027820055656,29.9977,-90.178
Taco Bell,LA,Metairie,70002,-90.16220463793648,30.010532855636555,29.9977,-90.178
Taco Bell,LA,Metairie,70005,-90.13393197912046,29.999704428702646,29.9977,-90.178
Taco Bell,LA,Metairie,70001,-90.16723649977908,29.983721646429828,29.9977,-90.178
Taco Bell,LA,Minden,71055,-93.29809729357467,32.67251246546912,32.6187,-93.2762
Taco Bell,LA,Monroe,71203,-92.01769626332451,32.58280373722886,32.5185,-92.0774
Taco Bell,LA,Monroe,71202,-92.05624842836433,32.395923551330704,32.5185,-92.0774
Taco Bell,LA,City,70380,-91.11642763362795,29.72171844165988,,
Taco Bell,LA,City,70380,-91.11642763362795,29.72171844165988,,
Taco Bell,LA,Bluff,70611,-93.20157538544314,30.345968821367908,,
Taco Bell,LA,Natchitoches,71457,-93.09296085455183,31.746357276478896,31.7315,-93.0975
Taco Bell,LA,Iberia,70560,-91.87021309960835,29.920119810842767,,
Taco Bell,LA,Orleans,70126,-90.02117315641807,30.018484571458913,,
Taco Bell,LA,Orleans,70131,-89.96116387274812,29.908152509275762,,
Taco Bell,LA,Orleans,70115,-90.10194830653872,29.923913420588537,,
Taco Bell,LA,Orleans,70122,-90.06285569514077,30.01314391894807,,
Taco Bell,LA,Orleans,70128,-89.95513447007983,30.051066446925358,,
Taco Bell,LA,Roads,70760,-91.4555296090813,30.70661755706647,,
Taco Bell,LA,Opelousas,70570,-92.10484188080041,30.532738728759213,30.5252,-92.0816
Taco Bell,LA,River,70452,-89.78737571968578,30.43009083819012,,
Taco Bell,LA,Pineville,71360,-92.35297914690364,31.320379897544992,31.3414,-92.4096
Taco Bell,LA,Pineville,71360,-92.35297914690364,31.320379897544992,31.3414,-92.4096
Taco Bell,LA,Plaquemine,70764,-91.28830811498969,30.226151811679465,,
Taco Bell,LA,Ponchatoula,70454,-90.3726346712828,30.400964785104904,,
Taco Bell,LA,Allen,70767,-91.32296557591776,30.474099010337024,33.1088,-96.6735
Taco Bell,LA,Allen,70767,-91.32296557591776,30.474099010337024,33.1088,-96.6735
Taco Bell,LA,Barre,70577,-91.93386218078085,30.551202919080847,,
Taco Bell,LA,Prairieville,70769,-90.94047852415743,30.30732922303693,30.3151,-90.9571
Taco Bell,LA,Raceland,70394,-90.61105021953706,29.69451066870641,29.7282,-90.6362
Taco Bell,LA,Rayne,70578,-92.26140505745656,30.22932605071223,,
Taco Bell,LA,Ruston,71270,-92.63935300038492,32.494581185516886,32.5328,-92.6363
Taco Bell,LA,Ruston,71270,-92.63935300038492,32.494581185516886,32.5328,-92.6363
Taco Bell,LA,Scott,70583,-92.1220356260481,30.259650376139234,40.3875,-80.0791
Taco Bell,LA,Shreveport,71118,-93.80533355664396,32.392709762730526,32.4653,-93.7955
Taco Bell,LA,Shreveport,71129,-93.92384441291318,32.38799440508443,32.4653,-93.7955
Taco Bell,LA,Shreveport,71105,-93.70964315284621,32.45669980646182,32.4653,-93.7955
Taco Bell,LA,Shreveport,71107,-93.85876300456007,32.59664308234108,32.4653,-93.7955
Taco Bell,LA,Shreveport,71107,-93.85876300456007,32.59664308234108,32.4653,-93.7955
Taco Bell,LA,Shreveport,71105,-93.70964315284621,32.45669980646182,32.4653,-93.7955
Taco Bell,LA,Shreveport,71104,-93.73253413495519,32.48492958090906,32.4653,-93.7955
Taco Bell,LA,Shreveport,71106,-93.73635158241652,32.385716388026275,32.4653,-93.7955
Taco Bell,LA,Slidell,70461,-89.71581549860926,30.235527831400418,30.2887,-89.7828
Taco Bell,LA,Slidell,70458,-89.79440213233157,30.258670490438192,30.2887,-89.7828
Taco Bell,LA,Slidell,70460,-89.8377738787558,30.295712394124596,30.2887,-89.7828
Taco Bell,LA,Springhill,71075,-93.49925585122062,32.99338038894011,,
Taco Bell,LA,Rose,70087,-90.31485834417825,29.977402633168033,,
Taco Bell,LA,Sulphur,70663,-93.37945480795334,30.289693734899828,30.2286,-93.3566
Taco Bell,LA,Sulphur,70663,-93.37945480795334,30.289693734899828,30.2286,-93.3566
Taco Bell,LA,Terrytown,70056,-90.03029450724955,29.888651149934777,29.9014,-90.0279
Taco Bell,LA,Thibodaux,70301,-90.74084549300619,29.814111705459222,29.7949,-90.8146
Taco Bell,LA,Walker,70785,-90.81816267342501,30.55891411138877,42.9853,-85.7446
Taco Bell,LA,Monroe,71291,-92.18198181407381,32.569997293355634,32.5185,-92.0774
Taco Bell,LA,Monroe,71291,-92.18198181407381,32.569997293355634,32.5185,-92.0774
Taco Bell,LA,Westwego,70094,-90.2080661819934,29.913486137775056,,
Taco Bell,LA,Youngsville,70592,-92.01235687927293,30.08062766264924,30.0963,-91.9968
Taco Bell,LA,Zachary,70791,-91.15563830064038,30.652179106753138,30.6643,-91.1634
Taco Bell,MA,Allston,02134,-71.12941443762948,42.357873339995734,,
Taco Bell,MA,Athol,01331,-72.18294029186998,42.567289927602594,42.5841,-72.2177
Taco Bell,MA,Attleboro,02703,-71.29489533089726,41.93110493907413,41.9311,-71.295
Taco Bell,MA,Attleboro,02703,-71.29489533089726,41.93110493907413,41.9311,-71.295
Taco Bell,MA,Auburn,01501,-71.84534550132642,42.19721070417099,32.6087,-85.4903
Taco Bell,MA,Ayer,01432,-71.57140358806004,42.56467357151934,,
Taco Bell,MA,Boston,02110,-71.05178693110827,42.3581372334941,42.3188,-71.0852
Taco Bell,MA,Boston,02127,-71.037510855173,42.33475690960764,42.3188,-71.0852
Taco Bell,MA,Boston,02215,-71.10303726935534,42.34771409823849,42.3188,-71.0852
Taco Bell,MA,Boston,02128,-71.01659226196182,42.372752555007175,42.3188,-71.0852
Taco Bell,MA,Bridgewater,02324,-70.97487313696108,41.97282846003054,40.5934,-74.6076
Taco Bell,MA,Brockton,02301,-71.04224091123649,42.07791167011435,42.0821,-71.0242
Taco Bell,MA,Brockton,02301,-71.04224091123649,42.07791167011435,42.0821,-71.0242
Taco Bell,MA,Brookline,02446,-71.12163779149552,42.343520063993076,42.3243,-71.1408
Taco Bell,MA,Brookline,02446,-71.12163779149552,42.343520063993076,42.3243,-71.1408
Taco Bell,MA,Chicopee,01020,-72.5653205293939,42.17634337434603,42.1764,-72.5719
Taco Bell,MA,Danvers,01923,-70.94927631986994,42.57399809856658,42.574,-70.9494
Taco Bell,MA,Walpole,02032,-71.21550976964102,42.15489776607209,42.1464,-71.2555
Taco Bell,MA,Wareham,02538,-70.6491774107292,41.77702927831502,41.7662,-70.6999
Taco Bell,MA,Everett,02149,-71.05446785403778,42.406412761097315,47.9525,-122.1669
Taco Bell,MA,Fairhaven,02719,-70.8693582763373,41.63428837087078,41.6394,-70.8732
Taco Bell,MA,River,02721,-71.14768292392219,41.674712093304414,,
Taco Bell,MA,River,02721,-71.14768292392219,41.674712093304414,,
Taco Bell,MA,Fitchburg,01420,-71.81662502857249,42.5857895670987,42.5912,-71.8156
Taco Bell,MA,Framingham,01701,-71.43817793384983,42.321733264170774,42.3085,-71.4368
Taco Bell,MA,Franklin,02038,-71.4112806529326,42.08621356022175,35.92,-86.8516
Taco Bell,MA,Gardner,01440,-71.98649596065363,42.58738514843337,38.8122,-94.9275
Taco Bell,MA,Hadley,01035,-72.56921732927742,42.35564515553036,,
Taco Bell,MA,Haverhill,01830,-71.05309781622924,42.79598397511693,42.7838,-71.0871
Taco Bell,MA,Haverhill,01830,-71.05309781622924,42.79598397511693,42.7838,-71.0871
Taco Bell,MA,Holyoke,01040,-72.64107425966668,42.21256798090533,42.2125,-72.6411
Taco Bell,MA,Hudson,01749,-71.54647114973604,42.388676870627194,42.7639,-71.4072
Taco Bell,MA,Hyannis,02601,-70.29672102639084,41.66005734536885,,
Taco Bell,MA,Lawrence,01843,-71.160966337526,42.689807694190485,38.9597,-95.2642
Taco Bell,MA,Leominster,01453,-71.76138084002105,42.518642955310554,42.5209,-71.7717
Taco Bell,MA,Lowell,01851,-71.33564451602815,42.62811286035528,42.6389,-71.3217
Taco Bell,MA,Ludlow,01056,-72.45805211454616,42.192107355039234,42.1921,-72.458
Taco Bell,MA,Lynn,01904,-70.97267181295406,42.49148162579103,42.4781,-70.9664
Taco Bell,MA,Marlborough,01752,-71.54682533671931,42.34939756343851,42.3494,-71.5468
Taco Bell,MA,Methuen,01844,-71.18885924187262,42.73401670498824,,
Taco Bell,MA,Natick,01760,-71.34980567446955,42.284345928023754,42.2847,-71.3497
Taco Bell,MA,Bedford,02746,-70.9416676301078,41.66145607612719,32.8464,-97.135
Taco Bell,MA,Bedford,02740,-70.93809360071069,41.637714226532246,32.8464,-97.135
Taco Bell,MA,Dartmouth,02747,-71.01627675208805,41.66781965383035,41.6138,-70.9973
Taco Bell,MA,Northampton,01060,-72.63127794615176,42.322262621273154,40.2104,-75.0014
Taco Bell,MA,Norwell,02061,-70.81774582854952,42.1607572338405,42.1608,-70.8177
Taco Bell,MA,Norwood,02062,-71.19488667166947,42.18603922367142,42.1861,-71.1948
Taco Bell,MA,Pembroke,02359,-70.80142726767184,42.06549639258142,42.0655,-70.8014
Taco Bell,MA,Pittsfield,01201,-73.27645541779273,42.449935649630994,42.4517,-73.2605
Taco Bell,MA,Plymouth,02360,-70.63044217094671,41.88353234062167,45.0225,-93.4617
Taco Bell,MA,Quincy,02170,-71.01600455175914,42.26650468796378,42.2506,-71.0187
Taco Bell,MA,Raynham,02767,-71.05112938409023,41.937098772260974,41.9312,-71.0437
Taco Bell,MA,Raynham,02767,-71.05112938409023,41.937098772260974,41.9312,-71.0437
Taco Bell,MA,Revere,02151,-71.00173879663325,42.41799282573616,42.4189,-71.004
Taco Bell,MA,Salem,01970,-70.88062954656422,42.51846822411306,44.9233,-123.0244
Taco Bell,MA,Saugus,01906,-71.01441535740274,42.468008110243886,42.4681,-71.0145
Taco Bell,MA,Saugus,01906,-71.01441535740274,42.468008110243886,42.4681,-71.0145
Taco Bell,MA,Seekonk,02771,-71.31743612962966,41.837777829979906,41.8379,-71.3174
Taco Bell,MA,Shrewsbury,01545,-71.71553911212345,42.28422784866567,42.2842,-71.7154
Taco Bell,MA,Springfield,01104,-72.56683806761136,42.13402233956771,42.1155,-72.5395
Taco Bell,MA,Springfield,01108,-72.559861952505,42.08053660264627,42.1155,-72.5395
Taco Bell,MA,Springfield,01119,-72.51124914459483,42.124552162796356,42.1155,-72.5395
Taco Bell,MA,Springfield,01104,-72.56683806761136,42.13402233956771,42.1155,-72.5395
Taco Bell,MA,Springfield,01109,-72.54882750676983,42.11839796572019,42.1155,-72.5395
Taco Bell,MA,Stoughton,02072,-71.10190810472581,42.11922066545834,42.1192,-71.1019
Taco Bell,MA,Swansea,02777,-71.21203113546574,41.75705803259759,41.7571,-71.212
Taco Bell,MA,Taunton,02780,-71.11956709000611,41.907530433070434,41.9036,-71.0943
Taco Bell,MA,Ware,01082,-72.2777678166714,42.29479644574269,42.2806,-72.2843
Taco Bell,MA,Webster,01570,-71.84848428333531,42.05206404105687,43.2294,-77.4454
Taco Bell,MA,Roxbury,02132,-71.1614871085213,42.28022296190759,40.8822,-74.6523
Taco Bell,MA,Springfield,01089,-72.65024960684046,42.12534218254085,42.1155,-72.5395
Taco Bell,MA,Springfield,01089,-72.65024960684046,42.12534218254085,42.1155,-72.5395
Taco Bell,MA,Westborough,01581,-71.6140059640025,42.26815520531276,42.2681,-71.614
Taco Bell,MA,Westfield,01085,-72.76958618365039,42.153712135534334,40.0341,-86.1529
Taco Bell,MA,Woburn,01801,-71.15423926647749,42.48693926798169,42.4869,-71.1543
Taco Bell,MA,Worcester,01605,-71.78746381403367,42.28943993301367,42.2705,-71.8079
Taco Bell,MA,Worcester,01604,-71.76774409463238,42.251444508407225,42.2705,-71.8079
Taco Bell,MA,Worcester,01610,-71.80958838690725,42.246714543759644,42.2705,-71.8079
Taco Bell,MD,Aberdeen,21001,-76.2019676295968,39.50824466319632,45.4649,-98.4686
Taco Bell,MD,Abingdon,21009,-76.29240064600158,39.469928131236934,,
Taco Bell,MD,Afb,20762,-76.87483413979447,38.80729922339407,,
Taco Bell,MD,Annapolis,21401,-76.55011627376656,38.989811105923536,38.9706,-76.5047
Taco Bell,MD,Baltimore,21244,-76.7803299507557,39.33305502332696,39.3051,-76.6144
Taco Bell,MD,Baltimore,21236,-76.48621543238792,39.38835226707771,39.3051,-76.6144
Taco Bell,MD,Baltimore,21207,-76.72037342423806,39.32429594601139,39.3051,-76.6144
Taco Bell,MD,Baltimore,21224,-76.54231540115013,39.27497173016085,39.3051,-76.6144
Taco Bell,MD,Baltimore,21224,-76.54231540115013,39.27497173016085,39.3051,-76.6144
Taco Bell,MD,Baltimore,21234,-76.53390766539134,39.39347146701689,39.3051,-76.6144
Taco Bell,MD,Baltimore,21230,-76.62089414405507,39.266040807610885,39.3051,-76.6144
Taco Bell,MD,Baltimore,21215,-76.68370413881722,39.34556590019556,39.3051,-76.6144
Taco Bell,MD,Baltimore,21237,-76.49523211880691,39.33914665539987,39.3051,-76.6144
Taco Bell,MD,Air,21014,-76.35168432281016,39.53661825219203,,
Taco Bell,MD,Air,21015,-76.29605743662272,39.5468704606909,,
Taco Bell,MD,Beltsville,20705,-76.90128641019942,39.04799915367959,39.0394,-76.9211
Taco Bell,MD,Beltsville,20705,-76.90128641019942,39.04799915367959,39.0394,-76.9211
Taco Bell,MD,Bowie,20716,-76.71503734671936,38.927248797697104,38.9549,-76.7406
Taco Bell,MD,Bowie,20715,-76.74009375509989,38.988294580627276,38.9549,-76.7406
Taco Bell,MD,Brandywine,20613,-76.80880500530063,38.67247314652164,38.6963,-76.8846
Taco Bell,MD,Brooklyn,21225,-76.61525772932286,39.22588902397288,40.6501,-73.9496
Taco Bell,MD,Burtonsville,20866,-76.93351923630263,39.10943396015825,39.1166,-76.9356
Taco Bell,MD,California,20619,-76.52631128515713,38.29130409588043,38.2969,-76.4949
Taco Bell,MD,Cambridge,21613,-76.08341260603622,38.502206544492495,42.3759,-71.1185
Taco Bell,MD,Heights,20743,-76.89345118219416,38.88392622539195,,
Taco Bell,MD,Catonsville,21228,-76.74745160854762,39.27267785781478,39.2646,-76.7424
Taco Bell,MD,Centreville,21617,-76.04236218397935,39.04951133961788,38.839,-77.4389
Taco Bell,MD,Hall,20622,-76.84488000842457,38.45393404116665,,
Taco Bell,MD,Chester,21619,-76.2759678895348,38.94341745394616,39.8456,-75.3718
Taco Bell,MD,Clinton,20735,-76.90584246595502,38.750146567946224,38.7499,-76.9063
Taco Bell,MD,Cockeysville,21030,-76.66769858492388,39.491912106693476,39.4804,-76.6294
Taco Bell,MD,Park,20740,-76.93096497228333,39.00271304671964,,
Taco Bell,MD,Park,20742,-76.94569547064994,38.98961902411412,,
Taco Bell,MD,Manor,20722,-76.94944188950097,38.93508167193868,39.9848,-76.4216
Taco Bell,MD,Columbia,21045,-76.82744265149877,39.20616649383658,34.0378,-80.9036
Taco Bell,MD,Cumberland,21502,-78.75495827084059,39.64406484427601,41.9703,-71.4198
Taco Bell,MD,Denton,21629,-75.8279616502401,38.862717032400056,33.2175,-97.1418
Taco Bell,MD,Dundalk,21222,-76.49345670732795,39.265478222370966,39.2704,-76.4942
Taco Bell,MD,Dunkirk,20754,-76.65282506099105,38.73661209721977,42.4801,-79.3324
Taco Bell,MD,Easton,21601,-76.08672393456874,38.79301157001582,40.6858,-75.2209
Taco Bell,MD,Edgewater,21037,-76.5423638110119,38.9149426752332,28.9594,-80.9406
Taco Bell,MD,Edgewood,21040,-76.2940199782446,39.433307531634085,39.419,-76.2964
Taco Bell,MD,Eldersburg,21784,-76.97362032481836,39.40106118270803,39.4041,-76.9528
Taco Bell,MD,Elkridge,21075,-76.75182516489066,39.203510566591525,39.1941,-76.7428
Taco Bell,MD,Elkton,21921,-75.85886353183946,39.626347069628835,39.6066,-75.8209
Taco Bell,MD,Elkton,21921,-75.85886353183946,39.626347069628835,39.6066,-75.8209
Taco Bell,MD,Essex,21221,-76.43545999453791,39.29064490888538,39.3021,-76.4449
Taco Bell,MD,Forestville,20747,-76.88378040867072,38.85442074292049,39.0711,-84.3389
Taco Bell,MD,Washington,20744,-76.98402659367336,38.75403525115064,38.9047,-77.0163
Taco Bell,MD,Frederick,21701,-77.33495855001023,39.44605105476222,39.4337,-77.4141
Taco Bell,MD,Frederick,21703,-77.4696100897677,39.36776904631794,39.4337,-77.4141
Taco Bell,MD,Frederick,21701,-77.33495855001023,39.44605105476222,39.4337,-77.4141
Taco Bell,MD,Frederick,21703,-77.4696100897677,39.36776904631794,39.4337,-77.4141
Taco Bell,MD,Frederick,21703,-77.4696100897677,39.36776904631794,39.4337,-77.4141
Taco Bell,MD,Gaithersburg,20879,-77.175916327209,39.169193583954296,39.1346,-77.2131
Taco Bell,MD,Gambrills,21054,-76.67327047202357,39.021776890404716,,
Taco Bell,MD,Germantown,20874,-77.2975055665304,39.12974315843537,39.1755,-77.2643
Taco Bell,MD,Germantown,20876,-77.23295673122347,39.207896095799356,39.1755,-77.2643
Taco Bell,MD,Burnie,21061,-76.62973548779362,39.16176857756843,,
Taco Bell,MD,Hagerstown,21740,-77.74247635964589,39.63402902320873,39.6401,-77.7217
Taco Bell,MD,Hagerstown,21740,-77.74247635964589,39.63402902320873,39.6401,-77.7217
Taco Bell,MD,Hagerstown,21742,-77.65640408258717,39.66978591804501,39.6401,-77.7217
Taco Bell,MD,Hagerstown,21740,-77.74247635964589,39.63402902320873,39.6401,-77.7217
Taco Bell,MD,Hampstead,21074,-76.84363371969347,39.617384846437666,34.3627,-77.7318
Taco Bell,MD,Hanover,21076,-76.72165012818775,39.16684998559572,39.8118,-76.9836
Taco Bell,MD,Jessup,20794,-76.7889839104037,39.15011835646978,39.1488,-76.7772
Taco Bell,MD,Plata,20646,-77.00017483168462,38.52261936596957,,
Taco Bell,MD,Hills,20784,-76.89043663886295,38.95103144387639,,
Taco Bell,MD,Lanham,20706,-76.85097397619573,38.96559620084006,38.962,-76.8421
Taco Bell,MD,Largo,20774,-76.77387762350745,38.87527253533872,27.9088,-82.7712
Taco Bell,MD,Lavale,21502,-78.75495827084059,39.64406484427601,,
Taco Bell,MD,Leonardtown,20650,-76.63435446457723,38.269112288631455,,
Taco Bell,MD,Park,20653,-76.43259126151548,38.2322068487657,,
Taco Bell,MD,Heights,21090,-76.66807536072274,39.20924379644565,,
Taco Bell,MD,River,21220,-76.39320938294907,39.34545476016834,,
Taco Bell,MD,Millersville,21108,-76.62207894215707,39.08954063476231,40.0047,-76.3522
Taco Bell,MD,Airy,21771,-77.15688850767691,39.39351277409124,,
Taco Bell,MD,Oakland,21550,-79.39090037478903,39.38903056038851,37.7904,-122.2166
Taco Bell,MD,Mills,21117,-76.77713121398658,39.42711773805741,,
Taco Bell,MD,Hill,20745,-76.99417603920445,38.806481522604884,,
Taco Bell,MD,Parkville,21234,-76.53390766539134,39.39347146701689,39.3832,-76.5519
Taco Bell,MD,Pasadena,21122,-76.49502363706766,39.12058898402325,29.6575,-95.1498
Taco Bell,MD,City,21851,-75.54301245659067,38.0793579583569,,
Taco Bell,MD,Frederick,20678,-76.60142428641487,38.52224919006545,39.4337,-77.4141
Taco Bell,MD,Rockville,20852,-77.12457871804331,39.05149275450402,39.0834,-77.1553
Taco Bell,MD,Rockville,20850,-77.1809383955306,39.091292062149925,39.0834,-77.1553
Taco Bell,MD,Salisbury,21801,-75.64146816240812,38.38052278644851,38.3756,-75.5865
Taco Bell,MD,Salisbury,21804,-75.53321353444602,38.312745324421066,38.3756,-75.5865
Taco Bell,MD,Park,21146,-76.55667510143124,39.07757222039665,,
Taco Bell,MD,Spring,20906,-77.05664263999336,39.08673367912092,30.0613,-95.383
Taco Bell,MD,Spring,20912,-77.00119008784407,38.98212095139712,30.0613,-95.383
Taco Bell,MD,Spring,20910,-77.03629378240873,39.002263808828374,30.0613,-95.383
Taco Bell,MD,Solomons,20688,-76.46512384956469,38.32926800385997,,
Taco Bell,MD,Park,20912,-77.00119008784407,38.98212095139712,,
Taco Bell,MD,Hills,20748,-76.9406060447832,38.81689861416644,,
Taco Bell,MD,Thurmont,21788,-77.41900571734332,39.593369906542264,,
Taco Bell,MD,Towson,21286,-76.57441171051552,39.415037166089625,39.3944,-76.619
Taco Bell,MD,Marlboro,20772,-76.7662464706046,38.77980614215624,40.3427,-74.2567
Taco Bell,MD,Waldorf,20602,-76.89423023866684,38.58395814508948,38.6085,-76.9194
Taco Bell,MD,Waldorf,20601,-76.8508382053596,38.61369758494119,38.6085,-76.9194
Taco Bell,MD,Westminster,21157,-76.98081834025527,39.54932612815828,39.8837,-105.0624
Taco Bell,MD,Wheaton,20902,-77.04216258646395,39.04375490058945,41.8561,-88.1085
Taco Bell,MD,Wheaton,20902,-77.04216258646395,39.04375490058945,41.8561,-88.1085
Taco Bell,ME,Auburn,04210,-70.24925258363511,44.08506107790297,32.6087,-85.4903
Taco Bell,ME,Augusta,04330,-69.73741469727207,44.36395573689387,33.3645,-82.0708
Taco Bell,ME,Augusta,04330,-69.73741469727207,44.36395573689387,33.3645,-82.0708
Taco Bell,ME,Bangor,04401,-68.84473305579668,44.84922806788442,44.8323,-68.7906
Taco Bell,ME,Bangor,04401,-68.84473305579668,44.84922806788442,44.8323,-68.7906
Taco Bell,ME,Biddeford,04005,-70.4883378600709,43.49350418124779,43.4673,-70.4511
Taco Bell,ME,Brewer,04412,-68.73515930938088,44.78355924749168,44.7835,-68.7352
Taco Bell,ME,Brunswick,04011,-69.97790156665921,43.89725313552253,31.1449,-81.4746
Taco Bell,ME,Ellsworth,04605,-68.41512970810736,44.66459275022954,44.5847,-68.4875
Taco Bell,ME,Farmington,04938,-70.10329666639487,44.65891725014356,36.7555,-108.1823
Taco Bell,ME,Lewiston,04240,-70.16808160117513,44.09145816917745,44.0915,-70.1681
Taco Bell,ME,Newport,04953,-69.23292673019898,44.86034440027096,41.4801,-71.3203
Taco Bell,ME,Portland,04103,-70.29090290190929,43.693824510250664,45.5371,-122.65
Taco Bell,ME,Isle,04769,-67.98735025547757,46.686719983696264,,
Taco Bell,ME,Saco,04072,-70.45771213030065,43.535652922119965,43.539,-70.4624
Taco Bell,ME,Sanford,04073,-70.74235361793127,43.41332925699172,28.7891,-81.2757
Taco Bell,ME,Scarborough,04074,-70.36447805537287,43.58772402820766,43.5911,-70.3682
Taco Bell,ME,Skowhegan,04976,-69.6695315006138,44.79877312025159,44.7554,-69.6657
Taco Bell,ME,Waterville,04901,-69.5704468144195,44.5544717255953,44.5441,-69.6624
Taco Bell,ME,Waterville,04901,-69.5704468144195,44.5544717255953,44.5441,-69.6624
Taco Bell,ME,Westbrook,04092,-70.3539008234694,43.695334285059836,43.6954,-70.3539
Taco Bell,ME,Windham,04062,-70.40447421532467,43.79746368916695,43.7981,-70.4056
Taco Bell,MI,Adrian,49221,-84.06360494109857,41.90300398468665,41.8994,-84.0447
Taco Bell,MI,Adrian,49221,-84.06360494109857,41.90300398468665,41.8994,-84.0447
Taco Bell,MI,Albion,49224,-84.75178137676637,42.281069219161736,,
Taco Bell,MI,Algonac,48001,-82.58664655386256,42.636663981672065,,
Taco Bell,MI,Allegan,49010,-85.87431759496506,42.53464610572755,,
Taco Bell,MI,Park,48101,-83.21059572274784,42.25982279963823,,
Taco Bell,MI,Allendale,49401,-85.94145901712214,42.976195383920874,42.9845,-85.9499
Taco Bell,MI,Alma,48801,-84.6797087212299,43.37767532369315,43.3799,-84.6556
Taco Bell,MI,Alpena,49707,-83.48094915336374,45.09074279117152,45.074,-83.4402
Taco Bell,MI,Arbor,48108,-83.73181397854196,42.222150772144325,,
Taco Bell,MI,Arbor,48103,-83.84323687582082,42.25992717418172,,
Taco Bell,MI,Arbor,48105,-83.70704547852893,42.331699363522034,,
Taco Bell,MI,Hills,48326,-83.25334517726178,42.67578981437147,,
Taco Bell,MI,Hills,48326,-83.25334517726178,42.67578981437147,,
Taco Bell,MI,Hills,48326,-83.25334517726178,42.67578981437147,,
Taco Bell,MI,Axe,48413,-82.99474470411826,43.80193484887487,,
Taco Bell,MI,Creek,49015,-85.22610020518692,42.2712683972779,,
Taco Bell,MI,Creek,49015,-85.22610020518692,42.2712683972779,,
Taco Bell,MI,Creek,49017,-85.21204621702805,42.39987450896815,,
Taco Bell,MI,Creek,49015,-85.22610020518692,42.2712683972779,,
Taco Bell,MI,Creek,49037,-85.24825191918524,42.33245963422496,,
Taco Bell,MI,City,48706,-83.9515866504837,43.60079940433573,,
Taco Bell,MI,City,48706,-83.9515866504837,43.60079940433573,,
Taco Bell,MI,City,48708,-83.84505902398148,43.5618905633461,,
Taco Bell,MI,City,48706,-83.9515866504837,43.60079940433573,,
Taco Bell,MI,City,48706,-83.9515866504837,43.60079940433573,,
Taco Bell,MI,Belleville,48111,-83.48675095629807,42.17902735885219,38.5164,-89.99
Taco Bell,MI,Belleville,48111,-83.48675095629807,42.17902735885219,38.5164,-89.99
Taco Bell,MI,Harbor,49022,-86.36740409237372,42.11455806348393,,
Taco Bell,MI,Berkley,48072,-83.1858594049042,42.49790221449185,42.4986,-83.1853
Taco Bell,MI,Hills,48025,-83.26746673565046,42.52032764725789,,
Taco Bell,MI,Rapids,49307,-85.48912781606388,43.69891628084289,,
Taco Bell,MI,Run,48415,-83.80096819964605,43.27113155321501,,
Taco Bell,MI,Bridgeport,48722,-83.84179437533842,43.348302390045056,41.1918,-73.1954
Taco Bell,MI,Brighton,48116,-83.78195773924408,42.505129028271206,39.9716,-104.7963
Taco Bell,MI,Brooklyn,49230,-84.22068692891699,42.09469225318901,40.6501,-73.9496
Taco Bell,MI,Brownstown,48183,-83.21929900645857,42.135903793562484,,
Taco Bell,MI,Brownstown,48174,-83.35399225596122,42.20855537332389,,
Taco Bell,MI,Township,48183,-83.21929900645857,42.135903793562484,,
Taco Bell,MI,Buchanan,49107,-86.41373092766518,41.84567943485349,,
Taco Bell,MI,Burton,48509,-83.60538786788811,43.02611905444618,42.9974,-83.6175
Taco Bell,MI,Burton,48509,-83.60538786788811,43.02611905444618,42.9974,-83.6175
Taco Bell,MI,Center,49315,-85.73626801175155,42.80013365117956,40.6483,-80.2977
Taco Bell,MI,Cadillac,49601,-85.50745930331817,44.24975340944908,44.2493,-85.4164
Taco Bell,MI,Caledonia,49316,-85.55402818648646,42.79679794842128,42.7986,-87.8762
Taco Bell,MI,Canton,48188,-83.48590357118606,42.285640798566234,40.8078,-81.3676
Taco Bell,MI,Canton,48187,-83.4878206074241,42.329203692877456,40.8078,-81.3676
Taco Bell,MI,Caro,48723,-83.38699581947415,43.485588650337284,,
Taco Bell,MI,City,48726,-83.16912771841848,43.607676725317944,,
Taco Bell,MI,Springs,49319,-85.52636930255396,43.227147259351014,41.0212,-72.1584
Taco Bell,MI,Charlotte,48813,-84.84538220998121,42.58014591554388,35.2083,-80.8303
Taco Bell,MI,Chelsea,48118,-84.03881203593129,42.31259540499032,42.3959,-71.0325
Taco Bell,MI,Chesaning,48616,-84.11172413311526,43.192885235755256,,
Taco Bell,MI,Chesterfield,48047,-82.77526452206814,42.672987038535,38.6589,-90.5803
Taco Bell,MI,Clare,48617,-84.7158116165022,43.84683465168411,,
Taco Bell,MI,Clarkston,48346,-83.42306191584514,42.72156199242087,33.8117,-84.2403
Taco Bell,MI,Clarkston,48348,-83.40126143933279,42.766955259942314,33.8117,-84.2403
Taco Bell,MI,Clawson,48017,-83.15036028295877,42.53669343845085,42.5367,-83.1504
Taco Bell,MI,Clawson,48017,-83.15036028295877,42.53669343845085,42.5367,-83.1504
Taco Bell,MI,Township,48035,-82.90947237130608,42.556146798402246,,
Taco Bell,MI,Township,48036,-82.89996324454374,42.59212041895543,,
Taco Bell,MI,Township,48038,-82.9415479539151,42.60549089136244,,
Taco Bell,MI,Township,48038,-82.9415479539151,42.60549089136244,,
Taco Bell,MI,Clio,48420,-83.71415397840511,43.17958853698522,,
Taco Bell,MI,Coldwater,49036,-85.02321208388386,41.902853239607374,41.9465,-84.9989
Taco Bell,MI,Coopersville,49404,-85.9506803813331,43.065835811772594,,
Taco Bell,MI,Corunna,48817,-84.03860656748164,43.01789614453218,,
Taco Bell,MI,Croswell,48422,-82.65059148449387,43.262638866960316,,
Taco Bell,MI,Davison,48423,-83.51348389982435,43.03978470522181,,
Taco Bell,MI,Davison,48423,-83.51348389982435,43.03978470522181,,
Taco Bell,MI,Dearborn,48124,-83.24750872121538,42.29831619717726,42.3127,-83.213
Taco Bell,MI,Dearborn,48126,-83.18336113002248,42.32559594454768,42.3127,-83.213
Taco Bell,MI,Dearborn,48126,-83.18336113002248,42.32559594454768,42.3127,-83.213
Taco Bell,MI,Heights,48125,-83.26534574935839,42.277921825941775,,
Taco Bell,MI,Heights,48127,-83.282904948842,42.33662815812546,,
Taco Bell,MI,Detroit,48238,-83.14135350876482,42.39628553130941,42.3834,-83.1024
Taco Bell,MI,Detroit,48235,-83.19480293557477,42.42705888004404,42.3834,-83.1024
Taco Bell,MI,Detroit,48202,-83.07771982881708,42.37478763464452,42.3834,-83.1024
Taco Bell,MI,Dewitt,48820,-84.59289187324676,42.86303037210563,,
Taco Bell,MI,Dowagiac,49047,-86.12196251028215,42.00405343996013,,
Taco Bell,MI,Dundee,48131,-83.67240425376207,41.96575312749621,,
Taco Bell,MI,Durand,48429,-84.0036929673506,42.90680049524719,,
Taco Bell,MI,Lansing,48823,-84.4538134594199,42.76197264451893,42.7142,-84.5601
Taco Bell,MI,Lansing,48823,-84.4538134594199,42.76197264451893,42.7142,-84.5601
Taco Bell,MI,Lansing,48823,-84.4538134594199,42.76197264451893,42.7142,-84.5601
Taco Bell,MI,Eastpointe,48021,-82.94605129346296,42.46562521486899,42.4657,-82.9461
Taco Bell,MI,Edwardsburg,49112,-86.03361536746901,41.797620588112544,,
Taco Bell,MI,Escanaba,49829,-87.15280160288427,45.76090534014406,45.7477,-87.09
Taco Bell,MI,Essexville,48732,-83.78089729606965,43.612352800188766,,
Taco Bell,MI,Hills,48334,-83.34944279453737,42.50671838674809,,
Taco Bell,MI,Hills,48335,-83.40199297516249,42.46285190847335,,
Taco Bell,MI,Ferndale,48220,-83.13518364441603,42.45806107685455,42.4592,-83.1313
Taco Bell,MI,Ferndale,48220,-83.13518364441603,42.45806107685455,42.4592,-83.1313
Taco Bell,MI,Rock,48134,-83.2934235525088,42.10716870352305,,
Taco Bell,MI,Flint,48504,-83.74982703365832,43.05729097497592,43.0236,-83.6921
Taco Bell,MI,Flint,48532,-83.79089129567622,43.012401001904145,43.0236,-83.6921
Taco Bell,MI,Flint,48507,-83.71548388988342,42.96543308733208,43.0236,-83.6921
Taco Bell,MI,Flint,48503,-83.68847107015544,43.011833422314645,43.0236,-83.6921
Taco Bell,MI,Flint,48507,-83.71548388988342,42.96543308733208,43.0236,-83.6921
Taco Bell,MI,Flint,48507,-83.71548388988342,42.96543308733208,43.0236,-83.6921
Taco Bell,MI,Flushing,48433,-83.86622504392221,43.075746873722,,
Taco Bell,MI,Gratiot,48059,-82.49417713855345,43.08656566885613,,
Taco Bell,MI,Fowlerville,48836,-84.07464555366107,42.67079287081833,,
Taco Bell,MI,Frankenmuth,48734,-83.74435701850972,43.35439088151119,,
Taco Bell,MI,Fraser,48026,-82.9496418564574,42.53879409521068,42.5388,-82.9496
Taco Bell,MI,Freeland,48623,-84.13561862041206,43.51984659146491,,
Taco Bell,MI,Fremont,49412,-85.94815649938272,43.46858713303653,37.5265,-121.9843
Taco Bell,MI,Fruitport,49415,-86.11801883504823,43.15109783055401,,
Taco Bell,MI,City,48135,-83.341212956661,42.32438395982286,,
Taco Bell,MI,Gaylord,49735,-84.6710123995671,44.99530220714902,,
Taco Bell,MI,Gladwin,48624,-84.46662541381178,44.062064772689624,,
Taco Bell,MI,Blanc,48439,-83.62913268425892,42.91680370693347,,
Taco Bell,MI,Blanc,48439,-83.62913268425892,42.91680370693347,,
Taco Bell,MI,Blanc,48507,-83.71548388988342,42.96543308733208,,
Taco Bell,MI,Haven,49417,-86.15474085165,43.01563701022388,,
Taco Bell,MI,Ledge,48837,-84.76842299096536,42.74646541936342,,
Taco Bell,MI,Rapids,49508,-85.62529980520304,42.87346844024896,,
Taco Bell,MI,Rapids,49504,-85.70939135738007,42.98037834694958,,
Taco Bell,MI,Rapids,49525,-85.59169394110877,43.021148157118695,,
Taco Bell,MI,Rapids,49525,-85.59169394110877,43.021148157118695,,
Taco Bell,MI,Rapids,49544,-85.74192881799972,43.04594608902278,,
Taco Bell,MI,Rapids,49512,-85.5467531702083,42.88140732982215,,
Taco Bell,MI,Rapids,49503,-85.65923485467974,42.96256985019304,,
Taco Bell,MI,Rapids,49546,-85.53744004108808,42.927604933874825,,
Taco Bell,MI,Grandville,49418,-85.77136374806678,42.87800056716065,42.9004,-85.7564
Taco Bell,MI,Grayling,49738,-84.60640573301421,44.693733376119624,,
Taco Bell,MI,Greenville,48838,-85.2574768348582,43.183911425625205,34.8354,-82.3646
Taco Bell,MI,Pointe,48236,-82.89364458276897,42.425704831157105,,
Taco Bell,MI,Woods,48225,-82.92949321154154,42.43900747511588,,
Taco Bell,MI,Harrison,48625,-84.8313509839245,44.05396166109971,41.0236,-73.7193
Taco Bell,MI,Hartland,48353,-83.71679009994709,42.64763252976402,43.1029,-88.3396
Taco Bell,MI,Hastings,49058,-85.29208981363671,42.63188197804149,40.5961,-98.39
Taco Bell,MI,Park,48030,-83.09768524111294,42.461920812654704,,
Taco Bell,MI,Hemlock,48626,-84.22536925710561,43.422139412772076,,
Taco Bell,MI,Hillsdale,49242,-84.6163558878757,41.88333219247782,41.0074,-74.044
Taco Bell,MI,Holland,49424,-86.13286783374082,42.842330980221995,42.7677,-86.0984
Taco Bell,MI,Holland,49423,-86.08940845345384,42.74046469631401,42.7677,-86.0984
Taco Bell,MI,Holland,49424,-86.13286783374082,42.842330980221995,42.7677,-86.0984
Taco Bell,MI,Holland,49423,-86.08940845345384,42.74046469631401,42.7677,-86.0984
Taco Bell,MI,Holly,48442,-83.60350027091224,42.79163908035921,,
Taco Bell,MI,Holt,48842,-84.53875674851136,42.633829220614814,42.6416,-84.5308
Taco Bell,MI,Houghton,49931,-88.60376068723743,47.13045800148291,,
Taco Bell,MI,Lake,48629,-84.77666572628048,44.31165360709107,,
Taco Bell,MI,Howell,48843,-83.92632316785387,42.56902805911585,40.1819,-74.1976
Taco Bell,MI,Howell,48843,-83.92632316785387,42.56902805911585,40.1819,-74.1976
Taco Bell,MI,City,48444,-83.05512598243288,43.06498059334427,,
Taco Bell,MI,Ionia,48846,-85.05754152744146,42.98705212615616,42.9773,-85.0727
Taco Bell,MI,Mountain,49801,-87.9822192116972,45.96724566565435,,
Taco Bell,MI,Ishpeming,49849,-87.75310506456417,46.43131858006605,,
Taco Bell,MI,Ithaca,48847,-84.57472392248032,43.27110142263364,42.4442,-76.5032
Taco Bell,MI,Jackson,49202,-84.4103454211915,42.26859075113419,32.3157,-90.2125
Taco Bell,MI,Jackson,49202,-84.4103454211915,42.26859075113419,32.3157,-90.2125
Taco Bell,MI,Jackson,49202,-84.4103454211915,42.26859075113419,32.3157,-90.2125
Taco Bell,MI,Jenison,49428,-85.83770623913212,42.92004407515869,42.9063,-85.8269
Taco Bell,MI,Kalamazoo,49048,-85.49846658632362,42.272842963531495,42.2749,-85.5882
Taco Bell,MI,Kalamazoo,49002,-85.5609160986199,42.197366961621434,42.2749,-85.5882
Taco Bell,MI,Kalamazoo,49009,-85.69404016459747,42.30762900341766,42.2749,-85.5882
Taco Bell,MI,Kalamazoo,49009,-85.69404016459747,42.30762900341766,42.2749,-85.5882
Taco Bell,MI,Kalamazoo,49008,-85.61509887213302,42.26287674230772,42.2749,-85.5882
Taco Bell,MI,Kalamazoo,49001,-85.5624424991366,42.26474941779173,42.2749,-85.5882
Taco Bell,MI,Kalkaska,49646,-85.05847763023947,44.72793277467527,,
Taco Bell,MI,Kimball,48074,-82.56204281053834,42.94827255314314,,
Taco Bell,MI,Orion,48359,-83.27886056170433,42.722028434335144,,
Taco Bell,MI,Orion,48362,-83.2697047366053,42.78227437382367,,
Taco Bell,MI,Lambertville,48144,-83.6283513450305,41.75325249750233,41.7484,-83.6244
Taco Bell,MI,Lansing,48910,-84.5229981037361,42.69851739755171,42.7142,-84.5601
Taco Bell,MI,Lansing,48906,-84.58762795117977,42.78454474941643,42.7142,-84.5601
Taco Bell,MI,Lansing,48912,-84.52353586286833,42.74020039014112,42.7142,-84.5601
Taco Bell,MI,Lansing,48910,-84.5229981037361,42.69851739755171,42.7142,-84.5601
Taco Bell,MI,Lansing,48911,-84.57083649458582,42.67444688725987,42.7142,-84.5601
Taco Bell,MI,Lapeer,48446,-83.33762751402357,43.05352816175158,43.0447,-83.3253
Taco Bell,MI,Lenox,48048,-82.79775850206278,42.74247386307,43.1113,-75.7582
Taco Bell,MI,Park,48146,-83.18106859967968,42.243313577827195,,
Taco Bell,MI,Park,48146,-83.18106859967968,42.243313577827195,,
Taco Bell,MI,Linden,48451,-83.81945263930392,42.8027036065283,40.6251,-74.2383
Taco Bell,MI,Livonia,48150,-83.37257894557335,42.36844324039239,42.3972,-83.3733
Taco Bell,MI,Livonia,48154,-83.37290201868669,42.39712449913239,42.3972,-83.3733
Taco Bell,MI,Livonia,48152,-83.37457731674562,42.42585398086138,42.3972,-83.3733
Taco Bell,MI,Lowell,49331,-85.35214909765814,42.951444382191646,42.6389,-71.3217
Taco Bell,MI,Ludington,49431,-86.40565246257785,43.98240622384006,,
Taco Bell,MI,Macomb,48042,-82.90861062821563,42.68676561764032,40.4709,-90.6807
Taco Bell,MI,Macomb,48044,-82.92952905324073,42.649891952489156,40.4709,-90.6807
Taco Bell,MI,Macomb,48042,-82.90861062821563,42.68676561764032,40.4709,-90.6807
Taco Bell,MI,Macomb,48042,-82.90861062821563,42.68676561764032,40.4709,-90.6807
Taco Bell,MI,Heights,48071,-83.10337199149713,42.50726537695906,,
Taco Bell,MI,Heights,48071,-83.10337199149713,42.50726537695906,,
Taco Bell,MI,Manistee,49660,-86.21027581758509,44.22669766495473,,
Taco Bell,MI,Marlette,48453,-83.03191689175247,43.34412006910339,,
Taco Bell,MI,Marquette,49855,-87.45466100527172,46.57871608520483,46.544,-87.4082
Taco Bell,MI,Marshall,49068,-84.940828208866,42.276807620728164,32.537,-94.3515
Taco Bell,MI,Marysville,48040,-82.48020141959059,42.909856181885765,48.0809,-122.1561
Taco Bell,MI,Mason,48854,-84.45164460715577,42.58202129093125,39.3571,-84.3023
Taco Bell,MI,Menominee,49858,-87.57823913002858,45.21985354516014,,
Taco Bell,MI,Metamora,48455,-83.2892003109159,42.93886874767816,,
Taco Bell,MI,Midland,48640,-84.335758144447,43.5856338594677,32.0243,-102.1147
Taco Bell,MI,Midland,48640,-84.335758144447,43.5856338594677,32.0243,-102.1147
Taco Bell,MI,Midland,48642,-84.22942369375156,43.70613288549402,32.0243,-102.1147
Taco Bell,MI,Milan,48160,-83.6788943140257,42.08087585422736,,
Taco Bell,MI,Milford,48381,-83.59421014608374,42.56167943002792,42.1565,-71.5188
Taco Bell,MI,Monroe,48162,-83.43563956593283,41.960303137103594,32.5185,-92.0774
Taco Bell,MI,Monroe,48161,-83.47191572937547,41.90803645722393,32.5185,-92.0774
Taco Bell,MI,Monroe,48161,-83.47191572937547,41.90803645722393,32.5185,-92.0774
Taco Bell,MI,Monroe,48162,-83.43563956593283,41.960303137103594,32.5185,-92.0774
Taco Bell,MI,Monroe,48162,-83.43563956593283,41.960303137103594,32.5185,-92.0774
Taco Bell,MI,Montrose,48457,-83.89565177427298,43.1894294005424,38.4689,-107.859
Taco Bell,MI,Clemens,48043,-82.88216753378838,42.59782710469122,,
Taco Bell,MI,Morris,48458,-83.68219117260662,43.12224617630463,40.7959,-74.4945
Taco Bell,MI,Pleasant,48858,-84.79617665348134,43.61518829266538,,
Taco Bell,MI,Pleasant,48858,-84.79617665348134,43.61518829266538,,
Taco Bell,MI,Muskegon,49441,-86.28624679711223,43.18293127277168,43.2281,-86.2562
Taco Bell,MI,Muskegon,49445,-86.28427894465244,43.295412969079635,43.2281,-86.2562
Taco Bell,MI,Muskegon,49444,-86.19888287890056,43.17906035704333,43.2281,-86.2562
Taco Bell,MI,Muskegon,49442,-86.12890799626254,43.24205304272273,43.2281,-86.2562
Taco Bell,MI,Baltimore,48047,-82.77526452206814,42.672987038535,39.3051,-76.6144
Taco Bell,MI,Hudson,48165,-83.61761426082359,42.501344869311914,42.7639,-71.4072
Taco Bell,MI,Newaygo,49337,-85.71359434428908,43.43534124978195,,
Taco Bell,MI,Niles,49120,-86.23078291414494,41.83237016767136,42.0278,-87.8099
Taco Bell,MI,Novi,48375,-83.4633147589187,42.464832670504855,42.4786,-83.4893
Taco Bell,MI,Novi,48377,-83.47272603256499,42.50647281679265,42.4786,-83.4893
Taco Bell,MI,Novi,48377,-83.47272603256499,42.50647281679265,42.4786,-83.4893
Taco Bell,MI,Park,48237,-83.18236527222273,42.46496940525416,,
Taco Bell,MI,Okemos,48864,-84.40675513216588,42.701315944608965,42.7057,-84.4135
Taco Bell,MI,Okemos,48864,-84.40675513216588,42.701315944608965,42.7057,-84.4135
Taco Bell,MI,Oscoda,48750,-83.45009798036122,44.44261047222331,,
Taco Bell,MI,Otisville,48463,-83.5230210992256,43.165860748279236,,
Taco Bell,MI,Owosso,48867,-84.18862315878748,43.003117172645744,42.9955,-84.176
Taco Bell,MI,Oxford,48371,-83.29085616263636,42.841222638789574,34.3627,-89.5336
Taco Bell,MI,Paw,49079,-85.90804927625787,42.24057256883112,,
Taco Bell,MI,Perry,48872,-84.21802261114405,42.80070650240462,32.472,-83.7283
Taco Bell,MI,Petoskey,49770,-84.89500260786278,45.34624033043576,,
Taco Bell,MI,Pinckney,48169,-83.94898646904916,42.462781823986326,,
Taco Bell,MI,Plainwell,49080,-85.57503486994224,42.461038481529634,,
Taco Bell,MI,Plymouth,48170,-83.5315917993034,42.36762610186295,45.0225,-93.4617
Taco Bell,MI,Plymouth,48170,-83.5315917993034,42.36762610186295,45.0225,-93.4617
Taco Bell,MI,Plymouth,48170,-83.5315917993034,42.36762610186295,45.0225,-93.4617
Taco Bell,MI,Pontiac,48341,-83.29631295584068,42.62780271736214,42.6493,-83.2878
Taco Bell,MI,Pontiac,48340,-83.29099013415701,42.6708446073548,42.6493,-83.2878
Taco Bell,MI,Huron,48060,-82.4600782893099,42.98186219707717,44.3623,-98.2094
Taco Bell,MI,Portage,49002,-85.5609160986199,42.197366961621434,42.2,-85.5906
Taco Bell,MI,Portland,48875,-84.92966107043105,42.85931210306537,45.5371,-122.65
Taco Bell,MI,Redford,48240,-83.30130042832144,42.42446136033609,,
Taco Bell,MI,Redford,48239,-83.2846692559048,42.375904516740476,,
Taco Bell,MI,City,49677,-85.54822222990792,43.89681999642716,,
Taco Bell,MI,Richmond,48062,-82.7998938396589,42.848981404275996,37.5295,-77.4756
Taco Bell,MI,Riverview,48192,-83.16157467353096,42.208390344786366,27.8227,-82.3023
Taco Bell,MI,Hills,48306,-83.14910881175949,42.723221675010365,,
Taco Bell,MI,Hills,48309,-83.18367141561818,42.65865337539411,,
Taco Bell,MI,Hills,48307,-83.12324171621715,42.65955212288986,,
Taco Bell,MI,Rockford,49341,-85.49192872508583,43.12431600894335,42.2596,-89.064
Taco Bell,MI,Romulus,48174,-83.35399225596122,42.20855537332389,42.2237,-83.366
Taco Bell,MI,Roseville,48066,-82.9369985713624,42.507327105959725,38.7703,-121.3196
Taco Bell,MI,Roseville,48066,-82.9369985713624,42.507327105959725,38.7703,-121.3196
Taco Bell,MI,Roseville,48066,-82.9369985713624,42.507327105959725,38.7703,-121.3196
Taco Bell,MI,Roseville,48066,-82.9369985713624,42.507327105959725,38.7703,-121.3196
Taco Bell,MI,Oak,48067,-83.137944790084,42.4904615450662,,
Taco Bell,MI,Saginaw,48609,-84.08797878476204,43.38740692658484,43.4199,-83.9501
Taco Bell,MI,Saginaw,48603,-84.02965609471332,43.463127358718594,43.4199,-83.9501
Taco Bell,MI,Saginaw,48601,-83.89374068718658,43.40417111553047,43.4199,-83.9501
Taco Bell,MI,Saginaw,48604,-83.96251902606794,43.494412207005865,43.4199,-83.9501
Taco Bell,MI,Saginaw,48602,-83.974680778618,43.419702561154054,43.4199,-83.9501
Taco Bell,MI,Saginaw,48603,-84.02965609471332,43.463127358718594,43.4199,-83.9501
Taco Bell,MI,Clair,48079,-82.54736172801127,42.85774196357345,,
Taco Bell,MI,Shores,48080,-82.89671694912433,42.46469128532578,,
Taco Bell,MI,Shores,48081,-82.89343689734767,42.494462527499415,,
Taco Bell,MI,Ignace,49781,-84.79776048461032,45.9431921216566,,
Taco Bell,MI,Johns,48879,-84.57906387304709,43.0042880418101,,
Taco Bell,MI,Joseph,49085,-86.4632338518167,42.05313224862422,,
Taco Bell,MI,Saline,48176,-83.8153316830967,42.15132637398062,42.174,-83.778
Taco Bell,MI,Sandusky,48471,-82.85227637888774,43.418131161600556,41.4468,-82.7024
Taco Bell,MI,Marie,49783,-84.28542815135566,46.41508896300658,,
Taco Bell,MI,Sawyer,49125,-86.57970412334107,41.88908745972999,,
Taco Bell,MI,Sebewaing,48759,-83.39469126284375,43.7292816974958,,
Taco Bell,MI,Township,48317,-83.0531856261012,42.64677814402661,,
Taco Bell,MI,Township,48316,-83.05684169343284,42.69064344702616,,
Taco Bell,MI,Haven,49090,-86.21789266592089,42.407875991735715,,
Taco Bell,MI,Lyon,48178,-83.66354116202606,42.444669274916635,,
Taco Bell,MI,Southfield,48033,-83.2886706327237,42.46455346111383,42.4765,-83.2605
Taco Bell,MI,Southfield,48034,-83.29109231607482,42.49692588565542,42.4765,-83.2605
Taco Bell,MI,Southgate,48195,-83.20585740885947,42.20469538027466,42.2047,-83.2057
Taco Bell,MI,Southgate,48195,-83.20585740885947,42.20469538027466,42.2047,-83.2057
Taco Bell,MI,Southgate,48195,-83.20585740885947,42.20469538027466,42.2047,-83.2057
Taco Bell,MI,Arbor,49283,-84.55077403688762,42.206949023501295,,
Taco Bell,MI,Standish,48658,-83.9340486610973,43.98022965107458,43.7811,-70.5684
Taco Bell,MI,Heights,48312,-83.00944685322018,42.55846139130225,,
Taco Bell,MI,Heights,48310,-83.06782054403591,42.56435535458938,,
Taco Bell,MI,Sturgis,49091,-85.4460568352871,41.82440250742099,41.7991,-85.4184
Taco Bell,MI,Creek,48473,-83.82618838584789,42.93989162991474,,
Taco Bell,MI,Lake,48320,-83.33805904139814,42.612598435900445,,
Taco Bell,MI,City,48763,-83.60971273334714,44.250849684508495,,
Taco Bell,MI,Taylor,48180,-83.26881084504633,42.22605184464054,42.226,-83.2688
Taco Bell,MI,Taylor,48180,-83.26881084504633,42.22605184464054,42.226,-83.2688
Taco Bell,MI,Taylor,48180,-83.26881084504633,42.22605184464054,42.226,-83.2688
Taco Bell,MI,Taylor,48180,-83.26881084504633,42.22605184464054,42.226,-83.2688
Taco Bell,MI,Taylor,48180,-83.26881084504633,42.22605184464054,42.226,-83.2688
Taco Bell,MI,Tecumseh,49286,-83.93603190427639,42.01360659838195,42.0066,-83.945
Taco Bell,MI,Rivers,49093,-85.64975807564892,41.972566885953896,,
Taco Bell,MI,City,49684,-85.69997271164041,44.765676695479634,,
Taco Bell,MI,City,49686,-85.50863972123192,44.7577256180092,,
Taco Bell,MI,City,49684,-85.69997271164041,44.765676695479634,,
Taco Bell,MI,City,49686,-85.50863972123192,44.7577256180092,,
Taco Bell,MI,Trenton,48183,-83.21929900645857,42.135903793562484,40.2237,-74.7641
Taco Bell,MI,Troy,48083,-83.11685612898086,42.55701923264208,42.5817,-83.1457
Taco Bell,MI,Troy,48085,-83.11982878202699,42.60060918488828,42.5817,-83.1457
Taco Bell,MI,Utica,48315,-82.99631922441375,42.67289041443719,43.0962,-75.2261
Taco Bell,MI,Utica,48315,-82.99631922441375,42.67289041443719,43.0962,-75.2261
Taco Bell,MI,Utica,48317,-83.0531856261012,42.64677814402661,43.0962,-75.2261
Taco Bell,MI,Vassar,48768,-83.57789951049112,43.371354815386965,,
Taco Bell,MI,Walker,49534,-85.78827640012479,42.970902744145704,42.9853,-85.7446
Taco Bell,MI,Lake,48390,-83.47640263338312,42.55140904638069,,
Taco Bell,MI,Warren,48089,-82.9954275246126,42.47019404745631,42.4934,-83.027
Taco Bell,MI,Warren,48091,-83.05799590991496,42.468165145077805,42.4934,-83.027
Taco Bell,MI,Warren,48089,-82.9954275246126,42.47019404745631,42.4934,-83.027
Taco Bell,MI,Warren,48093,-83.01484497229967,42.51416605108424,42.4934,-83.027
Taco Bell,MI,Washington,48095,-83.03861056102821,42.77980902403908,38.9047,-77.0163
Taco Bell,MI,Waterford,48328,-83.35627575838214,42.64377456699833,39.7415,-74.8207
Taco Bell,MI,Waterford,48329,-83.38886740407781,42.68839336785991,39.7415,-74.8207
Taco Bell,MI,Waterford,48327,-83.41417638163857,42.64423443666003,39.7415,-74.8207
Taco Bell,MI,Watervliet,49098,-86.24275354263503,42.16874410325097,42.7243,-73.7068
Taco Bell,MI,Wayland,49348,-85.61466854495951,42.68574503842494,42.3586,-71.3594
Taco Bell,MI,Wayne,48184,-83.3940832847432,42.27417340708577,40.9481,-74.2453
Taco Bell,MI,Branch,48661,-84.24082607216087,44.328839521423,,
Taco Bell,MI,Westland,48185,-83.38456855664032,42.33578513618692,42.3192,-83.3805
Taco Bell,MI,Westland,48186,-83.37461088572475,42.29480837213897,42.3192,-83.3805
Taco Bell,MI,Westland,48185,-83.38456855664032,42.33578513618692,42.3192,-83.3805
Taco Bell,MI,Westland,48185,-83.38456855664032,42.33578513618692,42.3192,-83.3805
Taco Bell,MI,Lake,48386,-83.4752701887227,42.65785751378108,,
Taco Bell,MI,Lake,48386,-83.4752701887227,42.65785751378108,,
Taco Bell,MI,Lake,48383,-83.53218979272268,42.65796827841988,,
Taco Bell,MI,Whitehall,49461,-86.32588712291566,43.38180524480137,40.6571,-75.5046
Taco Bell,MI,Wixom,48393,-83.54508093021124,42.521113064881234,42.5243,-83.5346
Taco Bell,MI,Woodhaven,48183,-83.21929900645857,42.135903793562484,42.132,-83.2374
Taco Bell,MI,Wyoming,49548,-85.6627867955732,42.86965678891931,42.8908,-85.7066
Taco Bell,MI,Wyoming,49548,-85.6627867955732,42.86965678891931,42.8908,-85.7066
Taco Bell,MI,Wyoming,49509,-85.69294831790347,42.89749928726104,42.8908,-85.7066
Taco Bell,MI,Wyoming,49509,-85.69294831790347,42.89749928726104,42.8908,-85.7066
Taco Bell,MI,Wyoming,49509,-85.69294831790347,42.89749928726104,42.8908,-85.7066
Taco Bell,MI,Ypsilanti,48198,-83.5883668190162,42.27548634377263,42.244,-83.6208
Taco Bell,MI,Ypsilanti,48197,-83.62884031338854,42.19714687555242,42.244,-83.6208
Taco Bell,MI,Ypsilanti,48197,-83.62884031338854,42.19714687555242,42.244,-83.6208
Taco Bell,MI,Zeeland,49464,-85.98616532510465,42.847138340696404,,
Taco Bell,MN,Lea,56007,-93.32526316998698,43.66036670930542,,
Taco Bell,MN,Albertville,55301,-93.6586508408877,45.247834139171594,34.2633,-86.2108
Taco Bell,MN,Alexandria,56308,-95.3866992706251,45.879029057148045,38.8185,-77.0861
Taco Bell,MN,Andover,55303,-93.4230408535968,45.288593379297716,42.6466,-71.1651
Taco Bell,MN,Anoka,55303,-93.4230408535968,45.288593379297716,45.2099,-93.3893
Taco Bell,MN,Valley,55124,-93.20074822921026,44.74557171273634,32.8088,-85.181
Taco Bell,MN,Baxter,56425,-94.28218284957458,46.34283885146364,46.3426,-94.2793
Taco Bell,MN,Bemidji,56601,-94.85692921837055,47.51241332613197,47.4828,-94.8797
Taco Bell,MN,Blaine,55449,-93.19458964787158,45.17277953029437,45.1696,-93.2077
Taco Bell,MN,Blaine,55434,-93.25045225293691,45.168086260737944,45.1696,-93.2077
Taco Bell,MN,Blaine,55434,-93.25045225293691,45.168086260737944,45.1696,-93.2077
Taco Bell,MN,Blaine,55434,-93.25045225293691,45.168086260737944,45.1696,-93.2077
Taco Bell,MN,Bloomington,55420,-93.27781412286684,44.83584527578871,40.4757,-88.9703
Taco Bell,MN,Center,55429,-93.3413811300807,45.0645261964905,40.6483,-80.2977
Taco Bell,MN,Park,55445,-93.37971739046213,45.123260727275635,,
Taco Bell,MN,Park,55443,-93.33714210292707,45.119489721342774,,
Taco Bell,MN,Park,55443,-93.33714210292707,45.119489721342774,,
Taco Bell,MN,Buffalo,55313,-93.85145789094993,45.17378917318845,42.9018,-78.8487
Taco Bell,MN,Burnsville,55337,-93.27502487261012,44.77671190066597,44.7648,-93.2793
Taco Bell,MN,Cambridge,55008,-93.27004048773553,45.57271590448376,42.3759,-71.1185
Taco Bell,MN,Cloquet,55720,-92.54075329687522,46.75459210793403,46.7221,-92.4923
Taco Bell,MN,Rapids,55448,-93.30206419324873,45.19071931669951,,
Taco Bell,MN,Rapids,55448,-93.30206419324873,45.19071931669951,,
Taco Bell,MN,Grove,55016,-92.93460147508064,44.81770226248819,,
Taco Bell,MN,Crystal,55428,-93.38122161725767,45.063209216718654,45.0377,-93.3599
Taco Bell,MN,Duluth,55811,-92.22246764247743,46.84224200545185,46.7756,-92.1393
Taco Bell,MN,Duluth,55807,-92.168496022686,46.73522795186954,46.7756,-92.1393
Taco Bell,MN,Duluth,55812,-92.07109051853165,46.80831265027779,46.7756,-92.1393
Taco Bell,MN,Eagan,55122,-93.19768320059471,44.80468010998391,44.817,-93.1638
Taco Bell,MN,Eagan,55123,-93.13752594903478,44.80465891746885,44.817,-93.1638
Taco Bell,MN,Eagan,55121,-93.15428106930688,44.8470635300886,44.817,-93.1638
Taco Bell,MN,Prairie,55344,-93.43080983876871,44.86425896213081,,
Taco Bell,MN,Edina,55435,-93.3346871184934,44.87350658357457,44.8914,-93.3602
Taco Bell,MN,River,55330,-93.56787691347907,45.33432899484762,,
Taco Bell,MN,Fairmont,56031,-94.467367960226,43.62215799311705,39.4768,-80.1491
Taco Bell,MN,Faribault,55021,-93.27717308219705,44.29979235446672,44.2996,-93.2789
Taco Bell,MN,Falls,56537,-96.09042330400663,46.276039385241425,40.1686,-74.7915
Taco Bell,MN,Lake,55025,-93.02272466466484,45.26258290190185,,
Taco Bell,MN,Fridley,55432,-93.25471165883388,45.09696961943564,45.0841,-93.2595
Taco Bell,MN,Valley,55426,-93.38087481642616,44.955289438909695,32.8088,-85.181
Taco Bell,MN,Rapids,55744,-93.5115225258639,47.23483748576393,,
Taco Bell,MN,Hastings,55033,-92.86375614025044,44.71291855720609,40.5961,-98.39
Taco Bell,MN,Hinckley,55037,-92.77545484221123,46.01300398548425,,
Taco Bell,MN,Hopkins,55343,-93.41634783627202,44.914322368892385,44.9259,-93.4056
Taco Bell,MN,Hutchinson,55350,-94.39389503034019,44.895362079441576,38.0671,-97.9081
Taco Bell,MN,Jordan,55352,-93.5876489004431,44.65500137587252,,
Taco Bell,MN,Lakeville,55044,-93.27978564085514,44.64092420547455,44.6774,-93.252
Taco Bell,MN,Lakeville,55044,-93.27978564085514,44.64092420547455,44.6774,-93.252
Taco Bell,MN,Lakeville,55044,-93.27978564085514,44.64092420547455,44.6774,-93.252
Taco Bell,MN,Falls,56345,-94.37483647876809,45.98882751721777,40.1686,-74.7915
Taco Bell,MN,Mankato,56001,-93.9770115504535,44.13203317993924,44.1715,-93.9772
Taco Bell,MN,Mankato,56001,-93.9770115504535,44.13203317993924,44.1715,-93.9772
Taco Bell,MN,Mankato,56001,-93.9770115504535,44.13203317993924,44.1715,-93.9772
Taco Bell,MN,Grove,55311,-93.4947890516733,45.104859933632206,,
Taco Bell,MN,Grove,55369,-93.44631722659445,45.12647771192375,,
Taco Bell,MN,Maplewood,55109,-93.0261016704334,45.014625010111075,44.9842,-93.0247
Taco Bell,MN,Marshall,56258,-95.76041883154,44.443912684215576,32.537,-94.3515
Taco Bell,MN,Minneapolis,55411,-93.29838069231371,44.999278742877074,44.9635,-93.2678
Taco Bell,MN,Minneapolis,55408,-93.29206361304092,44.93993049625319,44.9635,-93.2678
Taco Bell,MN,Minneapolis,55413,-93.24176620224698,44.99893241165826,44.9635,-93.2678
Taco Bell,MN,Minneapolis,55421,-93.25313937026436,45.05090179172007,44.9635,-93.2678
Taco Bell,MN,Minnetonka,55345,-93.4837783526657,44.91526081969026,44.9322,-93.4598
Taco Bell,MN,Minnetonka,55305,-93.43228099789067,44.95473099014318,44.9322,-93.4598
Taco Bell,MN,Monticello,55362,-93.83155647741853,45.300476656616674,45.2991,-93.7996
Taco Bell,MN,Moorhead,56560,-96.73562121835751,46.84233438466507,46.8673,-96.7461
Taco Bell,MN,Branch,55056,-92.95268022983299,45.5087265282418,,
Taco Bell,MN,Northfield,55057,-93.17614220061864,44.471291387143204,44.455,-93.1698
Taco Bell,MN,Heights,55082,-92.84041454552766,45.07278261664142,,
Taco Bell,MN,Oakdale,55128,-92.96393309009387,44.98798700320296,44.9876,-92.9641
Taco Bell,MN,Owatonna,55060,-93.22291032262754,44.059011825179965,44.0912,-93.2312
Taco Bell,MN,Plymouth,55442,-93.42690926406893,45.04855141196703,45.0225,-93.4617
Taco Bell,MN,Plymouth,55447,-93.48917410539501,45.001118249262014,45.0225,-93.4617
Taco Bell,MN,Wing,55066,-92.54501819487123,44.51827159277559,,
Taco Bell,MN,Richfield,55423,-93.28210403831693,44.87624551090674,44.8763,-93.2829
Taco Bell,MN,Rochester,55906,-92.4053004533396,44.10732439399825,43.168,-77.6162
Taco Bell,MN,Rochester,55901,-92.50688558955552,44.0697516626599,43.168,-77.6162
Taco Bell,MN,Rochester,55904,-92.40058706419114,43.95991432302498,43.168,-77.6162
Taco Bell,MN,Rogers,55374,-93.57960307198947,45.176440342660634,36.317,-94.1531
Taco Bell,MN,Roseville,55113,-93.15555558845624,45.01302400222368,38.7703,-121.3196
Taco Bell,MN,Cloud,56301,-94.24233576494804,45.488126443055684,,
Taco Bell,MN,Cloud,56304,-94.05285612694493,45.525359425465986,,
Taco Bell,MN,Paul,55104,-93.1621999335906,44.95447226775102,,
Taco Bell,MN,Paul,55126,-93.13253704213932,45.0848089917145,,
Taco Bell,MN,Paul,55112,-93.18894335789362,45.076589939274484,,
Taco Bell,MN,Paul,55119,-93.00939121115776,44.93792625027703,,
Taco Bell,MN,Paul,55117,-93.09689020110554,44.999365061265046,,
Taco Bell,MN,Paul,55118,-93.10343450431856,44.896526045337986,,
Taco Bell,MN,Paul,55106,-93.0482819288451,44.96349837743229,,
Taco Bell,MN,Centre,56378,-94.98829354356606,45.722759711285676,,
Taco Bell,MN,Savage,55378,-93.36306726342914,44.75739550063439,44.7545,-93.3632
Taco Bell,MN,Shakopee,55379,-93.51620471289529,44.754189878710456,44.7745,-93.4772
Taco Bell,MN,Stewartville,55976,-92.48742685988965,43.864303244689395,,
Taco Bell,MN,Virginia,55792,-92.48720313283509,47.60053755337541,,
Taco Bell,MN,Waconia,55387,-93.77568108585999,44.85670990686551,44.8422,-93.7896
Taco Bell,MN,Park,56387,-94.23968655466527,45.532885686291806,,
Taco Bell,MN,Lake,55110,-93.00624858343816,45.09025419955315,,
Taco Bell,MN,Willmar,56201,-95.0419258572738,45.101565742685054,45.1216,-95.0569
Taco Bell,MN,Winona,55987,-91.63468132012395,43.98521226183662,44.0505,-91.6684
Taco Bell,MN,Woodbury,55125,-92.94394626484065,44.91988561053077,44.9057,-92.923
Taco Bell,MO,Arnold,63010,-90.39323975410723,38.42950005186847,39.0437,-76.4974
Taco Bell,MO,Arnold,63010,-90.39323975410723,38.42950005186847,39.0437,-76.4974
Taco Bell,MO,Ashland,65010,-92.2403318537697,38.79163472964664,37.6942,-122.1159
Taco Bell,MO,Aurora,65605,-93.69188806785304,36.88352447488332,39.7083,-104.7237
Taco Bell,MO,Ava,65608,-92.68159249494937,36.895057297904955,,
Taco Bell,MO,Ballwin,63011,-90.55920004103545,38.60366371411936,38.595,-90.55
Taco Bell,MO,Ballwin,63011,-90.55920004103545,38.60366371411936,38.595,-90.55
Taco Bell,MO,Belton,64012,-94.54983502038561,38.78693026774414,38.8192,-94.5335
Taco Bell,MO,Bethany,64424,-94.0359636509095,40.26241912446444,45.5614,-122.837
Taco Bell,MO,Springs,64014,-94.25504775912029,39.00710253178742,41.0212,-72.1584
Taco Bell,MO,Springs,64014,-94.25504775912029,39.00710253178742,41.0212,-72.1584
Taco Bell,MO,Springs,64015,-94.30632659086149,39.01409575030308,41.0212,-72.1584
Taco Bell,MO,Bolivar,65613,-93.39414027915187,37.63524078823387,37.6059,-93.4175
Taco Bell,MO,Boonville,65233,-92.7291135627533,38.914294450217895,,
Taco Bell,MO,Green,63334,-91.18780639538774,39.30167341375884,40.9483,-81.4757
Taco Bell,MO,Branson,65616,-93.2480901801579,36.669010988510024,36.6509,-93.2636
Taco Bell,MO,Branson,65616,-93.2480901801579,36.669010988510024,36.6509,-93.2636
Taco Bell,MO,West,65737,-93.36016990697317,36.71276213423556,,
Taco Bell,MO,Bridgeton,63044,-90.42896482377598,38.76983489026148,39.4286,-75.2281
Taco Bell,MO,Buffalo,65622,-93.10313469570282,37.63218112763178,42.9018,-78.8487
Taco Bell,MO,Butler,64730,-94.29647616449618,38.257566085533796,40.8616,-79.8962
Taco Bell,MO,Mill,63051,-90.58003690277553,38.399540635548746,,
Taco Bell,MO,Camdenton,65020,-92.77975454288593,38.004390577352666,,
Taco Bell,MO,Cameron,64429,-94.22786470028304,39.73475531152765,39.7444,-94.2329
Taco Bell,MO,Girardeau,63701,-89.57680311824964,37.33783979718274,,
Taco Bell,MO,Girardeau,63703,-89.53997404506143,37.273811957140836,,
Taco Bell,MO,Carthage,64836,-94.2878650485632,37.18742110744335,37.1503,-94.3225
Taco Bell,MO,Cassville,65625,-93.8146869745952,36.67458502731203,,
Taco Bell,MO,Chesterfield,63005,-90.64722036173212,38.64425988399211,38.6589,-90.5803
Taco Bell,MO,Chillicothe,64601,-93.57649659577916,39.806929269232285,39.3393,-82.9939
Taco Bell,MO,Clinton,64735,-93.74306329378865,38.367450399375294,38.7499,-76.9063
Taco Bell,MO,Columbia,65201,-92.2435681638343,38.89820727873838,34.0378,-80.9036
Taco Bell,MO,Columbia,65203,-92.39700014141279,38.88519607691491,34.0378,-80.9036
Taco Bell,MO,Columbia,65202,-92.29817990409208,39.02052162624555,34.0378,-80.9036
Taco Bell,MO,Columbia,65203,-92.39700014141279,38.88519607691491,34.0378,-80.9036
Taco Bell,MO,Columbia,65203,-92.39700014141279,38.88519607691491,34.0378,-80.9036
Taco Bell,MO,Columbia,65201,-92.2435681638343,38.89820727873838,34.0378,-80.9036
Taco Bell,MO,Columbia,65202,-92.29817990409208,39.02052162624555,34.0378,-80.9036
Taco Bell,MO,Crestwood,63126,-90.37860657284433,38.54963290735184,38.5569,-90.3783
Taco Bell,MO,Cuba,65453,-91.42884965042805,38.096126040946416,,
Taco Bell,MO,Soto,63020,-90.56197787589831,38.106780937243016,,
Taco Bell,MO,Desloge,63601,-90.5470555032495,37.82415330831652,,
Taco Bell,MO,Dexter,63841,-89.98702981936302,36.77336792817243,,
Taco Bell,MO,Ellisville,63011,-90.55920004103545,38.60366371411936,38.5897,-90.5884
Taco Bell,MO,Eureka,63025,-90.61933893274741,38.49051072057743,40.7943,-124.1564
Taco Bell,MO,Springs,64024,-94.22797773479333,39.3237033601471,41.0212,-72.1584
Taco Bell,MO,Farmington,63640,-90.36957878632587,37.751059902953465,36.7555,-108.1823
Taco Bell,MO,Farmington,63640,-90.36957878632587,37.751059902953465,36.7555,-108.1823
Taco Bell,MO,Faucett,64448,-94.81896626235024,39.59988024209327,,
Taco Bell,MO,Fenton,63026,-90.4603046667297,38.5027977863357,42.7994,-83.7144
Taco Bell,MO,Festus,63028,-90.39566330617197,38.146393787359294,38.2194,-90.4097
Taco Bell,MO,Florissant,63033,-90.27718812226897,38.79560315995288,38.7996,-90.3269
Taco Bell,MO,Florissant,63033,-90.27718812226897,38.79560315995288,38.7996,-90.3269
Taco Bell,MO,Florissant,63033,-90.27718812226897,38.79560315995288,38.7996,-90.3269
Taco Bell,MO,Foristell,63348,-90.94270556118639,38.793018318356445,,
Taco Bell,MO,Fulton,65251,-91.9783843900999,38.84708814115098,38.8551,-91.951
Taco Bell,MO,Gladstone,64118,-94.5747730505863,39.21301183169804,39.2134,-94.5592
Taco Bell,MO,Valley,64029,-94.21513001926785,39.00577587537328,32.8088,-85.181
Taco Bell,MO,Grandview,64030,-94.52269036450043,38.880152495934176,38.8802,-94.5227
Taco Bell,MO,Park,63123,-90.32757063255855,38.54891231868163,,
Taco Bell,MO,Hannibal,63401,-91.4565252340534,39.692327341009786,39.7098,-91.3939
Taco Bell,MO,Harrisonville,64701,-94.33350533625881,38.61853320556271,38.653,-94.3467
Taco Bell,MO,Hazelwood,63042,-90.3862131691427,38.785755872423174,38.7931,-90.3899
Taco Bell,MO,Hazelwood,63042,-90.3862131691427,38.785755872423174,38.7931,-90.3899
Taco Bell,MO,Higginsville,64037,-93.73279098939399,39.05743471937608,,
Taco Bell,MO,Ridge,63049,-90.53101031193539,38.479385829273795,40.9068,-72.8816
Taco Bell,MO,Hillsboro,63050,-90.57781809616942,38.25974383552217,45.5273,-122.936
Taco Bell,MO,Hollister,65672,-93.2158107246015,36.56635769537404,36.8555,-121.3986
Taco Bell,MO,Summit,65043,-92.10536074278367,38.62481862475775,40.7154,-74.3647
Taco Bell,MO,Houston,65483,-91.9508825438337,37.30186498819222,29.786,-95.3885
Taco Bell,MO,Independence,64055,-94.3985621171439,39.05066740905162,39.0871,-94.3501
Taco Bell,MO,Independence,64055,-94.3985621171439,39.05066740905162,39.0871,-94.3501
Taco Bell,MO,Independence,64057,-94.32400822078591,39.06924161633119,39.0871,-94.3501
Taco Bell,MO,Independence,64056,-94.31638508600417,39.110510796816186,39.0871,-94.3501
Taco Bell,MO,Independence,64055,-94.3985621171439,39.05066740905162,39.0871,-94.3501
Taco Bell,MO,Independence,64052,-94.45023717128169,39.07341684923217,39.0871,-94.3501
Taco Bell,MO,Independence,64055,-94.3985621171439,39.05066740905162,39.0871,-94.3501
Taco Bell,MO,Jackson,63755,-89.63963337019091,37.442489110305644,32.3157,-90.2125
Taco Bell,MO,Jane,64856,-94.26665409289456,36.56461581373998,,
Taco Bell,MO,City,65109,-92.27872565011394,38.573287634019344,,
Taco Bell,MO,City,65101,-92.14999514892348,38.491667880894305,,
Taco Bell,MO,City,65109,-92.27872565011394,38.573287634019344,,
Taco Bell,MO,Joplin,64804,-94.50993563731743,37.0209006218757,37.0757,-94.5018
Taco Bell,MO,Joplin,64801,-94.49632032784912,37.11012807226491,37.0757,-94.5018
Taco Bell,MO,Joplin,64801,-94.49632032784912,37.11012807226491,37.0757,-94.5018
Taco Bell,MO,Joplin,64804,-94.50993563731743,37.0209006218757,37.0757,-94.5018
Taco Bell,MO,City,64155,-94.57679659930807,39.276977680559284,,
Taco Bell,MO,City,64158,-94.4831511830482,39.235322854864755,,
Taco Bell,MO,City,64114,-94.59721594804228,38.95778161325721,,
Taco Bell,MO,City,64117,-94.52291607201825,39.16522647898284,,
Taco Bell,MO,City,64132,-94.541603686914,38.98674084953998,,
Taco Bell,MO,City,64154,-94.63085724104602,39.27838152443813,,
Taco Bell,MO,City,64151,-94.6311613983035,39.21483278154388,,
Taco Bell,MO,City,64125,-94.49385563496358,39.10580496181875,,
Taco Bell,MO,City,64137,-94.5427047400813,38.93522561480368,,
Taco Bell,MO,City,64155,-94.57679659930807,39.276977680559284,,
Taco Bell,MO,City,64133,-94.45643654011742,39.01386190193242,,
Taco Bell,MO,City,64119,-94.51936947537948,39.209384460176054,,
Taco Bell,MO,City,64114,-94.59721594804228,38.95778161325721,,
Taco Bell,MO,City,64145,-94.59309963052667,38.87547130391705,,
Taco Bell,MO,City,64110,-94.5728371132378,39.034452468044655,,
Taco Bell,MO,City,64111,-94.59387897247538,39.05758073418499,,
Taco Bell,MO,City,64130,-94.54077105398108,39.03369900678348,,
Taco Bell,MO,City,64127,-94.5385366655368,39.08913810355708,,
Taco Bell,MO,City,64137,-94.5427047400813,38.93522561480368,,
Taco Bell,MO,City,64111,-94.59387897247538,39.05758073418499,,
Taco Bell,MO,City,64128,-94.53458498781377,39.06555836776206,,
Taco Bell,MO,Kearney,64060,-94.36463551292479,39.36857230463342,40.7011,-99.0833
Taco Bell,MO,Kennett,63857,-90.04713359026353,36.22458808983369,36.2403,-90.0481
Taco Bell,MO,City,65262,-91.9441192756733,38.95338144206629,,
Taco Bell,MO,Kirksville,63501,-92.59035051098888,40.167273816025336,40.1986,-92.5752
Taco Bell,MO,Kirkwood,63122,-90.42016729802393,38.579203615001134,38.5788,-90.4203
Taco Bell,MO,Louis,63367,-90.79559441957227,38.77780904165207,,
Taco Bell,MO,Lamar,64759,-94.26301727323758,37.524952000352194,,
Taco Bell,MO,Lebanon,65536,-92.64575396431493,37.68625017397388,40.3412,-76.4228
Taco Bell,MO,Lebanon,65536,-92.64575396431493,37.68625017397388,40.3412,-76.4228
Taco Bell,MO,Summit,64063,-94.35167571109267,38.91199048616644,40.7154,-74.3647
Taco Bell,MO,Summit,64086,-94.2875557143468,38.90787800279606,40.7154,-74.3647
Taco Bell,MO,Summit,64082,-94.40774833214279,38.86530733467019,40.7154,-74.3647
Taco Bell,MO,Summit,64063,-94.35167571109267,38.91199048616644,40.7154,-74.3647
Taco Bell,MO,Summit,64081,-94.40409738059058,38.90703336024334,40.7154,-74.3647
Taco Bell,MO,Summit,64064,-94.34659103782215,38.97545968972798,40.7154,-74.3647
Taco Bell,MO,Liberty,64068,-94.38877559865821,39.25949804073029,39.2394,-94.4191
Taco Bell,MO,Macon,63552,-92.44737285871567,39.759759841448805,32.8065,-83.6974
Taco Bell,MO,Malden,63863,-89.97949730621035,36.56461803861536,42.4305,-71.0576
Taco Bell,MO,Maplewood,63143,-90.3201689996681,38.61126372750906,44.9842,-93.0247
Taco Bell,MO,Marshall,65340,-93.17882019328886,39.09558924630477,32.537,-94.3515
Taco Bell,MO,Marshfield,65706,-92.89562199535722,37.32360697828948,42.114,-70.7151
Taco Bell,MO,Heights,63043,-90.46208716899413,38.72928976559057,,
Taco Bell,MO,Maryville,64468,-94.88078836976956,40.34389952637729,35.7468,-83.9789
Taco Bell,MO,Matthews,63867,-89.54808781732007,36.73738335281692,35.1195,-80.7101
Taco Bell,MO,Mexico,65265,-91.88458172720459,39.201338096620155,39.1625,-91.8712
Taco Bell,MO,Moberly,65270,-92.40278024820421,39.41515012987109,39.4179,-92.4364
Taco Bell,MO,Vernon,65712,-93.8043411906571,37.107906135624766,41.1973,-74.4857
Taco Bell,MO,Grove,65711,-92.27674629302275,37.17726907403228,,
Taco Bell,MO,View,65548,-91.71493888675901,37.01444368522997,,
Taco Bell,MO,Neosho,64850,-94.39834745051556,36.86086431076838,36.8437,-94.3758
Taco Bell,MO,Nevada,64772,-94.33174236990418,37.829417505088806,,
Taco Bell,MO,Nixa,65714,-93.31842943466566,37.0386121371097,37.0453,-93.2959
Taco Bell,MO,City,64116,-94.57452273486228,39.14880980375613,,
Taco Bell,MO,O'Fallon,63366,-90.72027456984259,38.859438098070896,38.785,-90.7175
Taco Bell,MO,O'Fallon,63368,-90.72959030391395,38.751286407101155,38.785,-90.7175
Taco Bell,MO,O'Fallon,63368,-90.72959030391395,38.751286407101155,38.785,-90.7175
Taco Bell,MO,Grove,64075,-94.14526674308041,39.0002930164353,,
Taco Bell,MO,Olivette,63132,-90.37800846479252,38.67601719339031,38.6724,-90.3786
Taco Bell,MO,Olivette,63132,-90.37800846479252,38.67601719339031,38.6724,-90.3786
Taco Bell,MO,Beach,65065,-92.66883613598716,38.13304078884646,,
Taco Bell,MO,Owensville,65066,-91.48833073792336,38.34962767809043,,
Taco Bell,MO,Ozark,65721,-93.21018755577,36.98011372573156,37.0365,-93.2158
Taco Bell,MO,Ozark,65721,-93.21018755577,36.98011372573156,37.0365,-93.2158
Taco Bell,MO,Pacific,63069,-90.73038447529923,38.48978451522653,,
Taco Bell,MO,Parkville,64152,-94.72057047261714,39.21293386739157,39.3832,-76.5519
Taco Bell,MO,Perryville,63775,-89.8813068077315,37.713962335329086,37.7263,-89.8759
Taco Bell,MO,Pevely,63070,-90.42115288640127,38.283726192395484,,
Taco Bell,MO,City,64079,-94.7959101778564,39.35780318729602,,
Taco Bell,MO,Hill,64080,-94.25449498945682,38.76703821751051,,
Taco Bell,MO,Bluff,63901,-90.46265419340061,36.76634008858432,,
Taco Bell,MO,Bluff,63901,-90.46265419340061,36.76634008858432,,
Taco Bell,MO,Bluff,63901,-90.46265419340061,36.76634008858432,,
Taco Bell,MO,Potosi,63664,-90.9198251133211,37.912458905120374,,
Taco Bell,MO,Raymore,64083,-94.44728427628255,38.799724848233595,38.8029,-94.4583
Taco Bell,MO,Raytown,64133,-94.45643654011742,39.01386190193242,38.9944,-94.4641
Taco Bell,MO,Republic,65738,-93.49911006423854,37.13522619177332,37.1452,-93.4446
Taco Bell,MO,Richmond,64085,-93.94566864666226,39.334508357053494,37.5295,-77.4756
Taco Bell,MO,Rogersville,65742,-93.07883111207795,37.12554350242008,,
Taco Bell,MO,Rolla,65401,-91.76536070491203,37.90465635952843,37.9459,-91.7607
Taco Bell,MO,Rolla,65401,-91.76536070491203,37.90465635952843,37.9459,-91.7607
Taco Bell,MO,Charles,63303,-90.54290505249516,38.740111100937,,
Taco Bell,MO,Charles,63301,-90.46746764368926,38.863337012792904,,
Taco Bell,MO,Clair,63077,-90.98630447324057,38.32709507249787,,
Taco Bell,MO,Joseph,64501,-94.84460755316606,39.765671423646154,,
Taco Bell,MO,Joseph,64503,-94.84372881145896,39.74899340561555,,
Taco Bell,MO,Joseph,64506,-94.80178620851768,39.78980980876483,,
Taco Bell,MO,Joseph,64506,-94.80178620851768,39.78980980876483,,
Taco Bell,MO,Louis,63114,-90.36261642880211,38.70225166619716,,
Taco Bell,MO,Louis,63130,-90.32529534054555,38.66507738987228,,
Taco Bell,MO,Louis,63108,-90.25341807709228,38.64480348898595,,
Taco Bell,MO,Louis,63129,-90.32212238127244,38.456299727464085,,
Taco Bell,MO,Louis,63102,-90.18642884567399,38.6351699681194,,
Taco Bell,MO,Louis,63128,-90.38214101499487,38.492983212233234,,
Taco Bell,MO,Louis,63122,-90.42016729802393,38.579203615001134,,
Taco Bell,MO,Louis,63141,-90.45821481805892,38.6582815780081,,
Taco Bell,MO,Louis,63115,-90.23997285342628,38.68219815515947,,
Taco Bell,MO,Louis,63123,-90.32757063255855,38.54891231868163,,
Taco Bell,MO,Louis,63125,-90.29289034930974,38.51856264924382,,
Taco Bell,MO,Louis,63125,-90.29289034930974,38.51856264924382,,
Taco Bell,MO,Louis,63122,-90.42016729802393,38.579203615001134,,
Taco Bell,MO,Louis,63136,-90.25977395100722,38.74330751372268,,
Taco Bell,MO,Louis,63119,-90.35135358759109,38.58846617174434,,
Taco Bell,MO,Louis,63118,-90.22568715657765,38.59228558482212,,
Taco Bell,MO,Louis,63139,-90.29172350651334,38.610412968870094,,
Taco Bell,MO,Louis,63139,-90.29172350651334,38.610412968870094,,
Taco Bell,MO,Louis,63128,-90.38214101499487,38.492983212233234,,
Taco Bell,MO,Peters,63304,-90.6651388342191,38.70615552662438,40.2739,-80.0803
Taco Bell,MO,Peters,63376,-90.61738017577635,38.79990767986556,40.2739,-80.0803
Taco Bell,MO,Peters,63304,-90.6651388342191,38.70615552662438,40.2739,-80.0803
Taco Bell,MO,Peters,63376,-90.61738017577635,38.79990767986556,40.2739,-80.0803
Taco Bell,MO,Robert,65584,-92.13101503908689,37.8283396098337,,
Taco Bell,MO,Salem,65560,-91.49926877738568,37.596653520437336,44.9233,-123.0244
Taco Bell,MO,Sedalia,65301,-93.22614897663256,38.69848170183883,38.7059,-93.234
Taco Bell,MO,Sedalia,65301,-93.22614897663256,38.69848170183883,38.7059,-93.234
Taco Bell,MO,Seymour,65746,-92.77844530094096,37.147117303189006,38.9476,-85.8911
Taco Bell,MO,Sikeston,63801,-89.60531443988351,36.898064443834855,36.8854,-89.5877
Taco Bell,MO,Smithville,64089,-94.56260729052988,39.39226800341797,39.3919,-94.5747
Taco Bell,MO,Springfield,65807,-93.3255485857194,37.165631747231856,42.1155,-72.5395
Taco Bell,MO,Springfield,65804,-93.25265065970778,37.149260613862616,42.1155,-72.5395
Taco Bell,MO,Springfield,65804,-93.25265065970778,37.149260613862616,42.1155,-72.5395
Taco Bell,MO,Springfield,65807,-93.3255485857194,37.165631747231856,42.1155,-72.5395
Taco Bell,MO,Springfield,65802,-93.35407044815248,37.20909025182751,42.1155,-72.5395
Taco Bell,MO,Springfield,65803,-93.28908496447507,37.28395204145085,42.1155,-72.5395
Taco Bell,MO,Springfield,65807,-93.3255485857194,37.165631747231856,42.1155,-72.5395
Taco Bell,MO,Springfield,65802,-93.35407044815248,37.20909025182751,42.1155,-72.5395
Taco Bell,MO,Springfield,65807,-93.3255485857194,37.165631747231856,42.1155,-72.5395
Taco Bell,MO,Springfield,65804,-93.25265065970778,37.149260613862616,42.1155,-72.5395
Taco Bell,MO,Springfield,65804,-93.25265065970778,37.149260613862616,42.1155,-72.5395
Taco Bell,MO,Springfield,65802,-93.35407044815248,37.20909025182751,42.1155,-72.5395
Taco Bell,MO,Charles,63301,-90.46746764368926,38.863337012792904,,
Taco Bell,MO,Louis,63109,-90.29577063303223,38.58454974460402,,
Taco Bell,MO,Strafford,65757,-93.09746556101172,37.2828278974774,,
Taco Bell,MO,Creek,64054,-94.44010737251111,39.11000995840859,,
Taco Bell,MO,Sullivan,63080,-91.0845991296296,38.20374282944408,43.0923,-75.8794
Taco Bell,MO,Troy,63379,-90.98880449803215,38.99817562494948,42.5817,-83.1457
Taco Bell,MO,Union,63084,-91.01289756964188,38.417833271877505,40.6953,-74.2697
Taco Bell,MO,Park,63088,-90.50311250478379,38.54772402178538,,
Taco Bell,MO,Versailles,65084,-92.85339422834105,38.43573904512144,38.0486,-84.7258
Taco Bell,MO,Warrensburg,64093,-93.73173176135374,38.79477413782307,38.7627,-93.726
Taco Bell,MO,Warrensburg,64093,-93.73173176135374,38.79477413782307,38.7627,-93.726
Taco Bell,MO,Warrenton,63383,-91.19086664615062,38.80635276049917,38.7176,-77.7976
Taco Bell,MO,Warsaw,65355,-93.36823397823358,38.22008573703181,41.2448,-85.8465
Taco Bell,MO,Washington,63090,-91.0484823895873,38.530975932751126,38.9047,-77.0163
Taco Bell,MO,Waynesville,65583,-92.2535959774813,37.8215382551804,35.4854,-82.9996
Taco Bell,MO,City,64870,-94.48112049848856,37.185226486470214,,
Taco Bell,MO,Wentzville,63385,-90.85752040746034,38.79700505240176,38.8153,-90.8669
Taco Bell,MO,Plains,65775,-91.85867342611564,36.70130209939164,41.2657,-75.8131
Taco Bell,MO,Plains,65775,-91.85867342611564,36.70130209939164,41.2657,-75.8131
Taco Bell,MO,Afb,65305,-93.55448418867269,38.72942514685941,,
Taco Bell,MO,Willard,65781,-93.41582159755009,37.34944011581446,,
Taco Bell,MS,Amory,38821,-88.43764279672929,33.97602964295212,,
Taco Bell,MS,Batesville,38606,-89.95592415243723,34.304662511889646,35.7687,-91.6227
Taco Bell,MS,Biloxi,39532,-88.96448852941415,30.493563144349846,30.4426,-88.9514
Taco Bell,MS,Biloxi,39531,-88.96762692337151,30.404052400815715,30.4426,-88.9514
Taco Bell,MS,Booneville,38829,-88.53078999177586,34.6519658179613,34.6643,-88.5684
Taco Bell,MS,Brandon,39042,-89.88861695747971,32.212016928214375,27.9367,-82.3
Taco Bell,MS,Brookhaven,39601,-90.46974847857295,31.565353585208936,40.832,-72.9517
Taco Bell,MS,Byram,39272,-90.25948865231052,32.188820735607564,32.189,-90.2861
Taco Bell,MS,Canton,39046,-89.98540741018562,32.63195205864828,40.8078,-81.3676
Taco Bell,MS,Carthage,39051,-89.50044641865455,32.788261890133384,37.1503,-94.3225
Taco Bell,MS,Clarksdale,38614,-90.60404338632937,34.15577906762211,34.1933,-90.5693
Taco Bell,MS,Cleveland,38732,-90.72753674894965,33.7562332439554,41.4764,-81.6805
Taco Bell,MS,Clinton,39056,-90.34932788557408,32.370967820329085,38.7499,-76.9063
Taco Bell,MS,Collins,39428,-89.57339458975783,31.650480358905185,,
Taco Bell,MS,Columbia,39429,-89.76187248236822,31.24370855399155,34.0378,-80.9036
Taco Bell,MS,Columbus,39702,-88.34477735690122,33.43973409582829,39.9862,-82.9855
Taco Bell,MS,Columbus,39705,-88.4357494641009,33.58605627742148,39.9862,-82.9855
Taco Bell,MS,Corinth,38834,-88.56345532154091,34.91539855068654,33.1434,-97.0682
Taco Bell,MS,D'Iberville,39540,-88.89900653859463,30.441758485959443,30.4709,-88.9011
Taco Bell,MS,Diamondhead,39525,-89.37033637095156,30.38177957248339,30.3791,-89.3707
Taco Bell,MS,Flowood,39232,-90.09160719899121,32.32977220185435,32.3359,-90.0802
Taco Bell,MS,Flowood,39232,-90.09160719899121,32.32977220185435,32.3359,-90.0802
Taco Bell,MS,Forest,39074,-89.47839835864355,32.390964421753246,37.3728,-79.2831
Taco Bell,MS,Fulton,38843,-88.37563663409983,34.26497965438577,38.8551,-91.951
Taco Bell,MS,Greenville,38701,-91.04383269962608,33.30986414389793,34.8354,-82.3646
Taco Bell,MS,Greenwood,38930,-90.14511434331182,33.545409702161216,39.6019,-86.1073
Taco Bell,MS,Grenada,38901,-89.80424029326763,33.7616388576296,33.7816,-89.813
Taco Bell,MS,Gulfport,39503,-89.15360365498739,30.47760680246266,30.4274,-89.0704
Taco Bell,MS,Gulfport,39507,-89.03600942172021,30.39944285529898,30.4274,-89.0704
Taco Bell,MS,Gulfport,39501,-89.10198447959608,30.38292708326801,30.4274,-89.0704
Taco Bell,MS,Gulfport,39503,-89.15360365498739,30.47760680246266,30.4274,-89.0704
Taco Bell,MS,Hattiesburg,39402,-89.41259326368045,31.333696495894912,31.3074,-89.317
Taco Bell,MS,Hattiesburg,39401,-89.26715570712017,31.232622758866704,31.3074,-89.317
Taco Bell,MS,Hazlehurst,39083,-90.47005379583365,31.837910093565615,,
Taco Bell,MS,Hernando,38632,-90.00789103804262,34.80031208556745,34.85,-89.9921
Taco Bell,MS,Springs,38635,-89.48169986752217,34.768038383354124,41.0212,-72.1584
Taco Bell,MS,Lake,38637,-90.05013092832314,34.951500704938205,,
Taco Bell,MS,Lake,38637,-90.05013092832314,34.951500704938205,,
Taco Bell,MS,Indianola,38751,-90.67950510176107,33.44896917689714,41.3629,-93.5652
Taco Bell,MS,Iuka,38852,-88.21464775411403,34.84196452999087,,
Taco Bell,MS,Jackson,39206,-90.1724520729895,32.37239108301639,32.3157,-90.2125
Taco Bell,MS,Jackson,39204,-90.22684650284246,32.26816690276349,32.3157,-90.2125
Taco Bell,MS,Jackson,39212,-90.27306521796667,32.24209472227166,32.3157,-90.2125
Taco Bell,MS,Jackson,39202,-90.17096618808016,32.310232159363416,32.3157,-90.2125
Taco Bell,MS,Kosciusko,39090,-89.5540821398226,33.004229256777776,,
Taco Bell,MS,Laurel,39440,-89.14715166910398,31.693036081029003,39.0949,-76.8622
Taco Bell,MS,Louisville,39339,-89.00836143344989,33.1014537253768,38.1663,-85.6485
Taco Bell,MS,Lucedale,39452,-88.59957872621831,30.878695525650222,,
Taco Bell,MS,Macon,39341,-88.5620777777685,33.100541548607794,32.8065,-83.6974
Taco Bell,MS,Madison,39110,-90.14020634022597,32.50597522876942,43.0822,-89.393
Taco Bell,MS,Magee,39111,-89.71878576023076,31.89315169677972,,
Taco Bell,MS,McComb,39648,-90.38234745391235,31.187293375214697,31.2442,-90.4716
Taco Bell,MS,Meridian,39301,-88.58390027063754,32.26854286039416,43.6116,-116.3977
Taco Bell,MS,Meridian,39307,-88.79620121529732,32.337735778368774,43.6116,-116.3977
Taco Bell,MS,Meridian,39305,-88.71997850908214,32.46661972049174,43.6116,-116.3977
Taco Bell,MS,Point,39563,-88.52326651047254,30.424976757330807,,
Taco Bell,MS,Natchez,39120,-91.35403707313111,31.51025832031336,31.5437,-91.3867
Taco Bell,MS,Albany,38652,-88.99691769493177,34.48347245903298,42.6664,-73.7987
Taco Bell,MS,Newton,39345,-89.1258450277229,32.29454505616133,42.3316,-71.2085
Taco Bell,MS,Springs,39564,-88.75917224012906,30.404344382766713,41.0212,-72.1584
Taco Bell,MS,Springs,39564,-88.75917224012906,30.404344382766713,41.0212,-72.1584
Taco Bell,MS,Branch,38654,-89.82303120985209,34.935219626415744,,
Taco Bell,MS,Branch,38654,-89.82303120985209,34.935219626415744,,
Taco Bell,MS,Oxford,38655,-89.47573506341834,34.33305431246775,34.3627,-89.5336
Taco Bell,MS,Pascagoula,39581,-88.49055966124153,30.357501615881898,30.3666,-88.5506
Taco Bell,MS,Pearl,39208,-90.08963913078965,32.26043210798307,32.273,-90.0918
Taco Bell,MS,Petal,39465,-89.18036494558291,31.344487114078177,31.3477,-89.2359
Taco Bell,MS,Philadelphia,39350,-89.12847086475013,32.79576889418105,40.0077,-75.1339
Taco Bell,MS,Picayune,39466,-89.638807191242,30.540026367347334,30.5322,-89.6724
Taco Bell,MS,Pontotoc,38863,-89.01935176190658,34.219318852270085,,
Taco Bell,MS,Richland,39218,-90.15901313011256,32.22861258691767,46.2824,-119.2939
Taco Bell,MS,Ridgeland,39157,-90.17149992940897,32.42667608482876,32.4236,-90.1481
Taco Bell,MS,Ripley,38663,-88.8896337524586,34.73984614879014,,
Taco Bell,MS,Senatobia,38668,-89.91622935169205,34.601281453881526,,
Taco Bell,MS,Southaven,38671,-89.99949940065976,34.96572880676747,34.9514,-89.9786
Taco Bell,MS,Southaven,38672,-89.94857252544963,34.93786454553455,34.9514,-89.9786
Taco Bell,MS,Southaven,38671,-89.99949940065976,34.96572880676747,34.9514,-89.9786
Taco Bell,MS,Starkville,39759,-88.82644396641852,33.43662887696431,33.4608,-88.8297
Taco Bell,MS,Tupelo,38801,-88.77303371441424,34.22134947378015,34.2692,-88.7318
Taco Bell,MS,Tupelo,38801,-88.77303371441424,34.22134947378015,34.2692,-88.7318
Taco Bell,MS,Tupelo,38801,-88.77303371441424,34.22134947378015,34.2692,-88.7318
Taco Bell,MS,Vicksburg,39180,-90.85586103609083,32.23085126756649,32.3173,-90.8868
Taco Bell,MS,Waveland,39576,-89.3838113380548,30.288888134655025,,
Taco Bell,MS,Waynesboro,39367,-88.66750190786252,31.67902246487943,38.0674,-78.9014
Taco Bell,MS,Point,39773,-88.6852806603495,33.642553849849556,,
Taco Bell,MS,Wiggins,39577,-89.07638500016448,30.90610940849125,,
Taco Bell,MS,Winona,38967,-89.73376259368742,33.45925827470919,44.0505,-91.6684
Taco Bell,MS,City,39194,-90.4874261033918,32.83609417663589,,
Taco Bell,MT,Belgrade,59714,-111.13972592772681,45.97986314064677,45.7789,-111.1736
Taco Bell,MT,Billings,59101,-108.38680442719513,45.61404061246866,45.7891,-108.5526
Taco Bell,MT,Billings,59105,-108.50585612652245,45.882723640578945,45.7891,-108.5526
Taco Bell,MT,Billings,59102,-108.58019880197278,45.77565606245067,45.7891,-108.5526
Taco Bell,MT,Billings,59102,-108.58019880197278,45.77565606245067,45.7891,-108.5526
Taco Bell,MT,Billings,59102,-108.58019880197278,45.77565606245067,45.7891,-108.5526
Taco Bell,MT,Billings,59102,-108.58019880197278,45.77565606245067,45.7891,-108.5526
Taco Bell,MT,Bozeman,59718,-111.12638378360971,45.57814387849762,45.6833,-111.0558
Taco Bell,MT,Bozeman,59718,-111.12638378360971,45.57814387849762,45.6833,-111.0558
Taco Bell,MT,Bozeman,59718,-111.12638378360971,45.57814387849762,45.6833,-111.0558
Taco Bell,MT,Butte,59701,-112.46687059152521,46.034214553936856,45.902,-112.6571
Taco Bell,MT,Butte,59701,-112.46687059152521,46.034214553936856,45.902,-112.6571
Taco Bell,MT,Falls,59405,-111.28922669563693,47.30526318125059,40.1686,-74.7915
Taco Bell,MT,Falls,59404,-111.34708340536329,47.63057260694487,40.1686,-74.7915
Taco Bell,MT,Falls,59405,-111.28922669563693,47.30526318125059,40.1686,-74.7915
Taco Bell,MT,Hamilton,59840,-114.18923871153758,46.185436013084406,40.2046,-74.6765
Taco Bell,MT,Helena,59601,-112.17645331559126,46.539818207010065,46.5965,-112.0202
Taco Bell,MT,Helena,59601,-112.17645331559126,46.539818207010065,46.5965,-112.0202
Taco Bell,MT,Kalispell,59901,-114.38224328947113,48.22816171840961,48.2153,-114.3274
Taco Bell,MT,Kalispell,59901,-114.38224328947113,48.22816171840961,48.2153,-114.3274
Taco Bell,MT,Laurel,59044,-108.74532758283489,45.636054575030094,39.0949,-76.8622
Taco Bell,MT,Livingston,59047,-110.56903150090955,45.54807886323005,40.7855,-74.3291
Taco Bell,MT,Missoula,59802,-113.91984458895058,46.90362317059141,46.8751,-114.0214
Taco Bell,MT,Missoula,59801,-114.01488882131677,46.85630492767748,46.8751,-114.0214
Taco Bell,MT,Missoula,59808,-114.09609890591177,46.98298815869399,46.8751,-114.0214
Taco Bell,MT,Missoula,59808,-114.09609890591177,46.98298815869399,46.8751,-114.0214
Taco Bell,MT,Polson,59860,-114.16688216291617,47.710250287898084,,
Taco Bell,NC,Aberdeen,28315,-79.43682972229783,35.11647346186605,45.4649,-98.4686
Taco Bell,NC,Ahoskie,27910,-76.99314694792945,36.28949013818466,,
Taco Bell,NC,Albemarle,28001,-80.20478389084231,35.33623900004169,35.3594,-80.1915
Taco Bell,NC,Apex,27523,-78.96053501818241,35.77226717936479,35.7237,-78.8743
Taco Bell,NC,Archdale,27263,-79.93796838402325,35.90929463666201,35.9032,-79.9591
Taco Bell,NC,Asheboro,27205,-79.85091595789495,35.639564412036705,35.7158,-79.8127
Taco Bell,NC,Asheboro,27203,-79.78929070692092,35.732223209948806,35.7158,-79.8127
Taco Bell,NC,Asheville,28806,-82.61428800449552,35.57237005674528,35.5707,-82.5537
Taco Bell,NC,Asheville,28806,-82.61428800449552,35.57237005674528,35.5707,-82.5537
Taco Bell,NC,Asheville,28805,-82.48214501072475,35.613594183349186,35.5707,-82.5537
Taco Bell,NC,Asheville,28803,-82.52001873860813,35.52959172197001,35.5707,-82.5537
Taco Bell,NC,Beaufort,28516,-76.55231761569168,34.911880150629884,32.4597,-80.7235
Taco Bell,NC,Belmont,28012,-81.04078788447325,35.21032245442457,37.5154,-122.2953
Taco Bell,NC,Benson,27504,-78.51901794516465,35.39896779567464,,
Taco Bell,NC,Benson,27504,-78.51901794516465,35.39896779567464,,
Taco Bell,NC,Run,27006,-80.43764759906385,35.944528361877985,,
Taco Bell,NC,Mountain,28711,-82.29018677533203,35.59865525236238,,
Taco Bell,NC,Springs,28017,-81.67068205303373,35.24708215253592,41.0212,-72.1584
Taco Bell,NC,Boone,28607,-81.65524278547242,36.2179523561119,36.2111,-81.6669
Taco Bell,NC,Burgaw,28425,-77.89638822091766,34.56275985910835,,
Taco Bell,NC,Burlington,27215,-79.48890031608315,36.03177469299537,36.076,-79.4685
Taco Bell,NC,Burlington,27217,-79.38332654789234,36.192721567339646,36.076,-79.4685
Taco Bell,NC,Burlington,27215,-79.48890031608315,36.03177469299537,36.076,-79.4685
Taco Bell,NC,Burnsville,28714,-82.31144106990817,35.89375676675544,44.7648,-93.2793
Taco Bell,NC,Cameron,28326,-79.16849315512437,35.280325671515804,39.7444,-94.2329
Taco Bell,NC,Lejeune,28547,-77.37344081053698,34.67103610824146,,
Taco Bell,NC,Canton,28716,-82.86109292648204,35.43591062229766,40.8078,-81.3676
Taco Bell,NC,Cary,27511,-78.7843413242096,35.76325329981306,35.7819,-78.8195
Taco Bell,NC,Cary,27511,-78.7843413242096,35.76325329981306,35.7819,-78.8195
Taco Bell,NC,Cary,27513,-78.80267669821828,35.80222785402375,35.7819,-78.8195
Taco Bell,NC,Hill,27516,-79.15140118896333,35.91247685083237,,
Taco Bell,NC,Charlotte,28278,-81.00778624371183,35.12971300532307,35.2083,-80.8303
Taco Bell,NC,Charlotte,28270,-80.76026920893571,35.10981976839292,35.2083,-80.8303
Taco Bell,NC,Charlotte,28208,-80.90991428324875,35.23058241283288,35.2083,-80.8303
Taco Bell,NC,Charlotte,28277,-80.81749045724308,35.05240733075326,35.2083,-80.8303
Taco Bell,NC,Charlotte,28203,-80.85910714281093,35.20818557417645,35.2083,-80.8303
Taco Bell,NC,Charlotte,28213,-80.7332557077942,35.284933900752335,35.2083,-80.8303
Taco Bell,NC,Charlotte,28269,-80.80253815741409,35.337849863055894,35.2083,-80.8303
Taco Bell,NC,Charlotte,28269,-80.80253815741409,35.337849863055894,35.2083,-80.8303
Taco Bell,NC,Charlotte,28205,-80.78792228744048,35.21973458595866,35.2083,-80.8303
Taco Bell,NC,Charlotte,28262,-80.74225018994615,35.32514288002975,35.2083,-80.8303
Taco Bell,NC,Charlotte,28273,-80.94667689787076,35.12684034167579,35.2083,-80.8303
Taco Bell,NC,Charlotte,28216,-80.88750441275498,35.31121428630495,35.2083,-80.8303
Taco Bell,NC,Charlotte,28227,-80.65127408245617,35.18615550707816,35.2083,-80.8303
Taco Bell,NC,Charlotte,28262,-80.74225018994615,35.32514288002975,35.2083,-80.8303
Taco Bell,NC,Charlotte,28208,-80.90991428324875,35.23058241283288,35.2083,-80.8303
Taco Bell,NC,Charlotte,28209,-80.85386170788911,35.1784890902212,35.2083,-80.8303
Taco Bell,NC,Point,28532,-76.89559751303746,34.89508041735069,,
Taco Bell,NC,Cherryville,28021,-81.40974830089081,35.39856271783457,,
Taco Bell,NC,Clayton,27520,-78.47186648116246,35.61425479878991,35.659,-78.4498
Taco Bell,NC,Clayton,27527,-78.3838443684864,35.65775879977462,35.659,-78.4498
Taco Bell,NC,Clemmons,27012,-80.37581996453146,36.00411189123025,36.0319,-80.3861
Taco Bell,NC,Clemmons,27012,-80.37581996453146,36.00411189123025,36.0319,-80.3861
Taco Bell,NC,Clinton,28328,-78.33826850572541,35.00345436325805,38.7499,-76.9063
Taco Bell,NC,Columbus,28722,-82.12473348363234,35.23414862823703,39.9862,-82.9855
Taco Bell,NC,Concord,28027,-80.67521975046971,35.40847789113977,37.9722,-122.0016
Taco Bell,NC,Concord,28027,-80.67521975046971,35.40847789113977,37.9722,-122.0016
Taco Bell,NC,Concord,28027,-80.67521975046971,35.40847789113977,37.9722,-122.0016
Taco Bell,NC,Concord,28027,-80.67521975046971,35.40847789113977,37.9722,-122.0016
Taco Bell,NC,Spg,28612,-81.5400985834455,35.6608454322247,,
Taco Bell,NC,Cornelius,28031,-80.8980970706836,35.471532036804405,35.4724,-80.8813
Taco Bell,NC,Creedmoor,27522,-78.67393054767187,36.106228064342666,,
Taco Bell,NC,Denver,28037,-81.01749183489255,35.507061045894176,39.762,-104.8758
Taco Bell,NC,Denver,28037,-81.01749183489255,35.507061045894176,39.762,-104.8758
Taco Bell,NC,Dunn,28334,-78.56987495963578,35.26847190981069,35.3114,-78.6129
Taco Bell,NC,Durham,27705,-78.98064537170175,36.02694647236471,35.9792,-78.9022
Taco Bell,NC,Durham,27707,-78.95484194043553,35.95474049666079,35.9792,-78.9022
Taco Bell,NC,Durham,27713,-78.92368330662244,35.89496502206558,35.9792,-78.9022
Taco Bell,NC,Durham,27707,-78.95484194043553,35.95474049666079,35.9792,-78.9022
Taco Bell,NC,Durham,27713,-78.92368330662244,35.89496502206558,35.9792,-78.9022
Taco Bell,NC,Durham,27702,,,35.9792,-78.9022
Taco Bell,NC,Eden,27288,-79.7465836062898,36.49907410617117,36.5027,-79.7412
Taco Bell,NC,Edenton,27932,-76.59775004352629,36.09911191452984,,
Taco Bell,NC,City,27909,-76.27093870688273,36.28762926469647,,
Taco Bell,NC,City,27909,-76.27093870688273,36.28762926469647,,
Taco Bell,NC,City,27909,-76.27093870688273,36.28762926469647,,
Taco Bell,NC,Elizabethtown,28337,-78.57073458119346,34.66140972147238,37.7031,-85.8773
Taco Bell,NC,Elkin,28621,-80.83734372822182,36.308070025711416,,
Taco Bell,NC,Fayetteville,28304,-78.9897627619071,35.02598996189183,36.0714,-94.1661
Taco Bell,NC,Fayetteville,28314,-79.02259781684715,35.05815538887506,36.0714,-94.1661
Taco Bell,NC,Fayetteville,28303,-78.96184344151841,35.086045429950296,36.0714,-94.1661
Taco Bell,NC,Fayetteville,28311,-78.88168690318,35.17183675943611,36.0714,-94.1661
Taco Bell,NC,Fayetteville,28306,-78.8955202677554,34.95880235459843,36.0714,-94.1661
Taco Bell,NC,Fayetteville,28303,-78.96184344151841,35.086045429950296,36.0714,-94.1661
Taco Bell,NC,Fayetteville,28312,-78.74072822044045,34.955020480150466,36.0714,-94.1661
Taco Bell,NC,Fayetteville,28314,-79.02259781684715,35.05815538887506,36.0714,-94.1661
Taco Bell,NC,Fayetteville,28301,-78.88358874741068,35.07433895032127,36.0714,-94.1661
Taco Bell,NC,Fayetteville,28306,-78.8955202677554,34.95880235459843,36.0714,-94.1661
Taco Bell,NC,Fayetteville,28306,-78.8955202677554,34.95880235459843,36.0714,-94.1661
Taco Bell,NC,City,28043,-81.86929023680811,35.31196997975802,,
Taco Bell,NC,Bragg,28310,-79.02170082379348,35.1415161686842,,
Taco Bell,NC,Franklin,28734,-83.42108379261754,35.18278919371747,35.92,-86.8516
Taco Bell,NC,Varina,27526,-78.82800364044056,35.54134667320152,,
Taco Bell,NC,Varina,27526,-78.82800364044056,35.54134667320152,,
Taco Bell,NC,Garner,27529,-78.5817214748282,35.652359751668854,35.6936,-78.6181
Taco Bell,NC,Garner,27529,-78.5817214748282,35.652359751668854,35.6936,-78.6181
Taco Bell,NC,Gastonia,28054,-81.15014638291355,35.26273266265214,35.2494,-81.1854
Taco Bell,NC,Gastonia,28054,-81.15014638291355,35.26273266265214,35.2494,-81.1854
Taco Bell,NC,Gastonia,28052,-81.233754643684,35.22382014771539,35.2494,-81.1854
Taco Bell,NC,Gastonia,28052,-81.233754643684,35.22382014771539,35.2494,-81.1854
Taco Bell,NC,Goldsboro,27534,-77.90760335778761,35.37131603618552,35.3778,-77.9717
Taco Bell,NC,Goldsboro,27534,-77.90760335778761,35.37131603618552,35.3778,-77.9717
Taco Bell,NC,Goldsboro,27530,-78.07487873945622,35.368992376708576,35.3778,-77.9717
Taco Bell,NC,Graham,27253,-79.3454475828953,35.961656106778676,47.0322,-122.2827
Taco Bell,NC,Greensboro,27408,-79.814135469947,36.10311147654406,36.0956,-79.8271
Taco Bell,NC,Greensboro,27403,-79.82469154576688,36.06432673162385,36.0956,-79.8271
Taco Bell,NC,Greensboro,27407,-79.87646033957057,36.00982774353478,36.0956,-79.8271
Taco Bell,NC,Greensboro,27407,-79.87646033957057,36.00982774353478,36.0956,-79.8271
Taco Bell,NC,Greensboro,27405,-79.73542347078633,36.11603687679442,36.0956,-79.8271
Taco Bell,NC,Greensboro,27406,-79.76566560760666,35.99910942799367,36.0956,-79.8271
Taco Bell,NC,Greensboro,27455,-79.80765452767821,36.18373941383154,36.0956,-79.8271
Taco Bell,NC,Greensboro,27407,-79.87646033957057,36.00982774353478,36.0956,-79.8271
Taco Bell,NC,Greensboro,27406,-79.76566560760666,35.99910942799367,36.0956,-79.8271
Taco Bell,NC,Greensboro,27410,-79.89430858045694,36.11785418049262,36.0956,-79.8271
Taco Bell,NC,Greensboro,27409,-79.9447317963164,36.09388155889043,36.0956,-79.8271
Taco Bell,NC,Greenville,27858,-77.2978881130491,35.532068937740306,34.8354,-82.3646
Taco Bell,NC,Greenville,27834,-77.38394848897511,35.658574370555726,34.8354,-82.3646
Taco Bell,NC,Greenville,27834,-77.38394848897511,35.658574370555726,34.8354,-82.3646
Taco Bell,NC,Greenville,27858,-77.2978881130491,35.532068937740306,34.8354,-82.3646
Taco Bell,NC,Hampstead,28443,-77.67199853373467,34.43991641106463,34.3627,-77.7318
Taco Bell,NC,Harrisburg,28075,-80.63985153065182,35.30270318805279,40.2752,-76.8843
Taco Bell,NC,Havelock,28532,-76.89559751303746,34.89508041735069,34.9078,-76.8987
Taco Bell,NC,Henderson,27536,-78.40884628305211,36.32667497684947,36.0133,-115.0381
Taco Bell,NC,Hendersonville,28792,-82.36892603280658,35.38981889836909,36.3063,-86.5997
Taco Bell,NC,Hickory,28601,-81.32634116662867,35.77254949719106,35.741,-81.3223
Taco Bell,NC,Hickory,28601,-81.32634116662867,35.77254949719106,35.741,-81.3223
Taco Bell,NC,Hickory,28602,-81.38617648339607,35.67609181672326,35.741,-81.3223
Taco Bell,NC,Point,27263,-79.93796838402325,35.90929463666201,,
Taco Bell,NC,Point,27262,-80.03839700841684,35.96233502927277,,
Taco Bell,NC,Hillsborough,27278,-79.08616976829548,36.086019729236845,40.4985,-74.674
Taco Bell,NC,Ridge,28445,-77.54665142076327,34.510490269405956,40.9068,-72.8816
Taco Bell,NC,Springs,27540,-78.8696535469794,35.61213101256273,41.0212,-72.1584
Taco Bell,NC,Mills,28348,-78.9115008330244,34.92631881166375,,
Taco Bell,NC,Huntersville,28078,-80.86262696278155,35.404908610707245,35.406,-80.8716
Taco Bell,NC,Trail,28079,-80.60313675304572,35.112250142447564,,
Taco Bell,NC,Trail,28079,-80.60313675304572,35.112250142447564,,
Taco Bell,NC,Jacksonville,28540,-77.50564174449113,34.756334102642334,30.3322,-81.6749
Taco Bell,NC,Jacksonville,28546,-77.36102185960888,34.796622578626476,30.3322,-81.6749
Taco Bell,NC,Jacksonville,28540,-77.50564174449113,34.756334102642334,30.3322,-81.6749
Taco Bell,NC,Jacksonville,28546,-77.36102185960888,34.796622578626476,30.3322,-81.6749
Taco Bell,NC,Kannapolis,28083,-80.58059089073731,35.49088740089702,35.4764,-80.6408
Taco Bell,NC,Kannapolis,28083,-80.58059089073731,35.49088740089702,35.4764,-80.6408
Taco Bell,NC,Kenly,27542,-78.14073475413375,35.618244599433794,,
Taco Bell,NC,Kernersville,27284,-80.07738621765209,36.11845879608764,36.1065,-80.0842
Taco Bell,NC,Kernersville,27284,-80.07738621765209,36.11845879608764,36.1065,-80.0842
Taco Bell,NC,King,27021,-80.33867448968124,36.318378557189796,,
Taco Bell,NC,Mountain,28086,-81.37110076498485,35.24305112352669,,
Taco Bell,NC,Kinston,28504,-77.63538443700527,35.22495979229924,35.2747,-77.5939
Taco Bell,NC,Kinston,28501,-77.52187992269265,35.24438634946798,35.2747,-77.5939
Taco Bell,NC,Knightdale,27545,-78.47780021325953,35.7834790368637,35.7911,-78.4966
Taco Bell,NC,Laurinburg,28352,-79.45086544954006,34.76735239215397,34.7602,-79.4773
Taco Bell,NC,Leland,28451,-78.09331189966564,34.23768310145496,34.2042,-78.0279
Taco Bell,NC,Lenoir,28645,-81.54413441932738,35.97737917942602,35.9094,-81.5249
Taco Bell,NC,Lexington,27295,-80.31510420173167,35.86837458313698,38.0423,-84.4587
Taco Bell,NC,Lexington,27295,-80.31510420173167,35.86837458313698,38.0423,-84.4587
Taco Bell,NC,Lexington,27292,-80.20924360415763,35.734511983924264,38.0423,-84.4587
Taco Bell,NC,Lillington,27546,-78.86809835532858,35.38384857060842,,
Taco Bell,NC,Lincolnton,28092,-81.25448457289171,35.48577276544238,35.4748,-81.2386
Taco Bell,NC,Locust,28097,-80.39304242503245,35.29668927102304,,
Taco Bell,NC,Louisburg,27549,-78.23826282017714,36.10363731225568,,
Taco Bell,NC,Lumberton,28358,-78.94112748464875,34.60562742899567,34.6312,-79.0186
Taco Bell,NC,Marion,28752,-82.03696134706344,35.71188526398586,42.0451,-91.585
Taco Bell,NC,Mebane,27302,-79.26436055321082,36.14036744318372,36.0852,-79.2736
Taco Bell,NC,Park,28544,-77.30735233723388,34.721308089071904,,
Taco Bell,NC,Hill,28227,-80.65127408245617,35.18615550707816,,
Taco Bell,NC,Mocksville,27028,-80.57515299724258,35.923460037457836,,
Taco Bell,NC,Monroe,28110,-80.52705053631556,35.06749717170762,32.5185,-92.0774
Taco Bell,NC,Monroe,28110,-80.52705053631556,35.06749717170762,32.5185,-92.0774
Taco Bell,NC,Mooresville,28117,-80.89561274032891,35.57215954820963,35.5847,-80.8266
Taco Bell,NC,Mooresville,28115,-80.77325242257079,35.579537406256954,35.5847,-80.8266
Taco Bell,NC,City,28557,-76.74954880135677,34.73852786690238,,
Taco Bell,NC,Morganton,28655,-81.74412206813446,35.75714275742717,35.7408,-81.7002
Taco Bell,NC,Morganton,28655,-81.74412206813446,35.75714275742717,35.7408,-81.7002
Taco Bell,NC,Morrisville,27560,-78.82708828576082,35.85921895222013,35.8368,-78.8348
Taco Bell,NC,Airy,27030,-80.62896803230672,36.48898644634517,,
Taco Bell,NC,Airy,27030,-80.62896803230672,36.48898644634517,,
Taco Bell,NC,Olive,28365,-78.05660418880557,35.17701184534855,,
Taco Bell,NC,Holly,28120,-81.026161930952,35.33152461314292,,
Taco Bell,NC,Murphy,28906,-84.13322425265632,35.118707482342764,33.0186,-96.6105
Taco Bell,NC,Head,27959,-75.60382688661343,35.886467516168224,,
Taco Bell,NC,Nashville,27856,-77.98267215544013,36.01378516062314,36.1715,-86.7842
Taco Bell,NC,Bern,28560,-76.98416276234002,35.120486098720534,,
Taco Bell,NC,Bern,28560,-76.98416276234002,35.120486098720534,,
Taco Bell,NC,Newton,28658,-81.24087959838182,35.63588588006394,42.3316,-71.2085
Taco Bell,NC,Wilkesboro,28659,-81.07625543905195,36.166045289801986,,
Taco Bell,NC,Oxford,27565,-78.65006171666433,36.36264414925135,34.3627,-89.5336
Taco Bell,NC,Pembroke,28372,-79.17762097664469,34.69687792384675,42.0655,-70.8014
Taco Bell,NC,Pineville,28134,-80.89179091097616,35.08614225351596,31.3414,-92.4096
Taco Bell,NC,Forest,28768,-82.70937373511407,35.30434397609165,37.3728,-79.2831
Taco Bell,NC,Pittsboro,27312,-79.19673892851775,35.75675983231034,,
Taco Bell,NC,Plymouth,27962,-76.73860720403457,35.79074379579671,45.0225,-93.4617
Taco Bell,NC,Raeford,28376,-79.24264982691733,34.99188881351195,,
Taco Bell,NC,Raleigh,27613,-78.7114273906158,35.92530864824702,35.8324,-78.6429
Taco Bell,NC,Raleigh,27615,-78.63611145678999,35.89798161805336,35.8324,-78.6429
Taco Bell,NC,Raleigh,27603,-78.66172560126118,35.6635803447411,35.8324,-78.6429
Taco Bell,NC,Raleigh,27604,-78.55881637053318,35.818659533628214,35.8324,-78.6429
Taco Bell,NC,Raleigh,27606,-78.71764727600656,35.740479316988164,35.8324,-78.6429
Taco Bell,NC,Raleigh,27610,-78.54647168103067,35.746016875373456,35.8324,-78.6429
Taco Bell,NC,Raleigh,27604,-78.55881637053318,35.818659533628214,35.8324,-78.6429
Taco Bell,NC,Raleigh,27616,-78.53807977164064,35.8672941097212,35.8324,-78.6429
Taco Bell,NC,Raleigh,27615,-78.63611145678999,35.89798161805336,35.8324,-78.6429
Taco Bell,NC,Raleigh,27612,-78.71023837941732,35.85333315187995,35.8324,-78.6429
Taco Bell,NC,Randleman,27317,-79.80283302652744,35.83746319712454,,
Taco Bell,NC,Reidsville,27320,-79.65758745696822,36.34246372326037,36.3376,-79.6725
Taco Bell,NC,Richfield,28137,-80.25470495162928,35.5035997932638,44.8763,-93.2829
Taco Bell,NC,Richlands,28574,-77.59489698393051,34.87871007325201,,
Taco Bell,NC,Rapids,27870,-77.72095529421298,36.43001591625294,,
Taco Bell,NC,Rockingham,28379,-79.77992467901251,34.93122080705583,34.9386,-79.7608
Taco Bell,NC,Mount,27801,-77.73609053961121,35.915505969315575,,
Taco Bell,NC,Mount,27804,-77.84674221571196,35.990369159616044,,
Taco Bell,NC,Roxboro,27573,-78.97606112660672,36.39673638405561,,
Taco Bell,NC,Pauls,28384,-78.9573706366873,34.79837119417854,,
Taco Bell,NC,Salisbury,28147,-80.5639168248013,35.679873204997406,38.3756,-75.5865
Taco Bell,NC,Salisbury,28144,-80.46415898742464,35.70621265379973,38.3756,-75.5865
Taco Bell,NC,Salisbury,28147,-80.5639168248013,35.679873204997406,38.3756,-75.5865
Taco Bell,NC,Sanford,27330,-79.18718626924394,35.51635970355176,28.7891,-81.2757
Taco Bell,NC,Shallotte,28470,-78.4064230951607,33.96367301045715,,
Taco Bell,NC,Shelby,28150,-81.57499750890129,35.3482942175439,35.2904,-81.5451
Taco Bell,NC,Shelby,28152,-81.59519593735766,35.243016156331855,35.2904,-81.5451
Taco Bell,NC,Ford,28673,-80.99922660139481,35.60758552282759,,
Taco Bell,NC,City,27344,-79.43187584893873,35.72928824448341,,
Taco Bell,NC,Smithfield,27577,-78.34384262262601,35.4918637857294,41.9014,-71.5308
Taco Bell,NC,Shores,27949,-75.75092564978023,36.127509967290045,,
Taco Bell,NC,Southport,28461,-78.035887239802,33.96537456596921,42.04,-76.8775
Taco Bell,NC,Lake,28390,-78.95465297633038,35.21754848797987,,
Taco Bell,NC,Pine,28777,-82.06861589202674,35.901694559616075,40.6437,-80.0315
Taco Bell,NC,Statesville,28625,-80.88575528431367,35.86508534472014,35.7842,-80.8713
Taco Bell,NC,Statesville,28625,-80.88575528431367,35.86508534472014,35.7842,-80.8713
Taco Bell,NC,Stoneville,27048,-79.91058158699123,36.47574336509394,,
Taco Bell,NC,Swansboro,28584,-77.07278143244075,34.73888012731302,,
Taco Bell,NC,Sylva,28779,-83.21131350180858,35.3552029441446,,
Taco Bell,NC,Tarboro,27886,-77.52246516174274,35.9029804917018,35.9046,-77.5563
Taco Bell,NC,Taylorsville,28681,-81.2220972179054,35.92093560943602,40.6569,-111.9493
Taco Bell,NC,Thomasville,27360,-80.09979005683533,35.85771613953733,35.8813,-80.0807
Taco Bell,NC,Troutman,28166,-80.87567039349474,35.68143868206792,,
Taco Bell,NC,Wadesboro,28170,-80.09670827994711,34.995770338297866,,
Taco Bell,NC,Forest,27587,-78.5528678232926,35.98128382564981,37.3728,-79.2831
Taco Bell,NC,Forest,27587,-78.5528678232926,35.98128382564981,37.3728,-79.2831
Taco Bell,NC,Walkertown,27051,-80.16050275573836,36.18760434016853,,
Taco Bell,NC,Wallace,28466,-77.90116491686442,34.73524553313941,,
Taco Bell,NC,Warsaw,28398,-78.06875347396738,34.99526988963463,41.2448,-85.8465
Taco Bell,NC,Washington,27889,-77.00959896747405,35.585280739298945,38.9047,-77.0163
Taco Bell,NC,Waxhaw,28173,-80.73014481299482,34.916761621959,34.9363,-80.7439
Taco Bell,NC,Waynesville,28786,-82.99230819684972,35.46316164323898,35.4854,-82.9996
Taco Bell,NC,Weaverville,28787,-82.52321539082835,35.725948866104275,,
Taco Bell,NC,Jefferson,28694,-81.47355098247968,36.36256416820604,41.0003,-74.5531
Taco Bell,NC,Whiteville,28472,-78.68916946613975,34.30706158248318,,
Taco Bell,NC,Whitsett,27377,-79.6026047879369,36.03819231391324,,
Taco Bell,NC,Whittier,28789,-83.31736761742528,35.40657058355493,33.9678,-118.0188
Taco Bell,NC,Wilkesboro,28697,-81.16513578665487,36.13611295476197,,
Taco Bell,NC,Williamston,27892,-77.06454511882934,35.817428841482226,,
Taco Bell,NC,Wilmington,28403,-77.87984885034096,34.22185605990152,34.2099,-77.8866
Taco Bell,NC,Wilmington,28412,-77.91944475480295,34.13315787792438,34.2099,-77.8866
Taco Bell,NC,Wilmington,28412,-77.91944475480295,34.13315787792438,34.2099,-77.8866
Taco Bell,NC,Wilmington,28405,-77.86699769893987,34.26513663612752,34.2099,-77.8866
Taco Bell,NC,Wilmington,28405,-77.86699769893987,34.26513663612752,34.2099,-77.8866
Taco Bell,NC,Wilmington,28401,-77.9633104589196,34.27254102159589,34.2099,-77.8866
Taco Bell,NC,Wilmington,28411,-77.7914347070849,34.30223827929549,34.2099,-77.8866
Taco Bell,NC,Wilson,27893,-77.90258941096033,35.69202754584282,35.7311,-77.9284
Taco Bell,NC,Wilson,27893,-77.90258941096033,35.69202754584282,35.7311,-77.9284
Taco Bell,NC,Wilson,27896,-77.9765386413875,35.79143782909936,35.7311,-77.9284
Taco Bell,NC,Wilson,27893,-77.90258941096033,35.69202754584282,35.7311,-77.9284
Taco Bell,NC,Salem,27106,-80.3226068965082,36.1429040122561,44.9233,-123.0244
Taco Bell,NC,Salem,27105,-80.23476669576598,36.16284140847616,44.9233,-123.0244
Taco Bell,NC,Salem,27105,-80.23476669576598,36.16284140847616,44.9233,-123.0244
Taco Bell,NC,Salem,27103,-80.32148257279655,36.057988163682175,44.9233,-123.0244
Taco Bell,NC,Salem,27127,-80.27892088557336,36.01990699089168,44.9233,-123.0244
Taco Bell,NC,Winston-Salem,27127,-80.27892088557336,36.01990699089168,36.1029,-80.261
Taco Bell,NC,Winterville,28590,-77.41630785722849,35.5204968659345,35.5291,-77.4
Taco Bell,NC,Yadkinville,27055,-80.63371592290996,36.11344155789648,,
Taco Bell,NC,Youngsville,27596,-78.44624771471901,36.010147196116385,30.0963,-91.9968
Taco Bell,NC,Zebulon,27597,-78.3002280062187,35.840982614340106,,
Taco Bell,ND,Bismarck,58504,-100.67795705832513,46.72310234244505,46.8143,-100.7694
Taco Bell,ND,Bismarck,58501,-100.70201848674843,46.8187070492672,46.8143,-100.7694
Taco Bell,ND,Bismarck,58504,-100.67795705832513,46.72310234244505,46.8143,-100.7694
Taco Bell,ND,Dickinson,58601,-102.83434089577106,46.91586677151567,46.8918,-102.7925
Taco Bell,ND,Fargo,58103,-96.82210743186823,46.85613501644514,46.8651,-96.8292
Taco Bell,ND,Fargo,58103,-96.82210743186823,46.85613501644514,46.8651,-96.8292
Taco Bell,ND,Fargo,58102,-96.83177822031175,46.92087742838209,46.8651,-96.8292
Taco Bell,ND,Forks,58201,-97.14104579135811,47.87116437787635,40.7358,-75.2211
Taco Bell,ND,Jamestown,58401,-98.76401223219375,46.88251221079255,42.0976,-79.2367
Taco Bell,ND,Minot,58701,-101.3213705285103,48.14258374052372,48.2375,-101.278
Taco Bell,ND,Afb,58705,-101.33391036216857,48.42234158059878,,
Taco Bell,ND,Fargo,58078,-96.93125964934839,46.863071159114426,46.8651,-96.8292
Taco Bell,NE,Bellevue,68123,-95.94315846635931,41.10151558557347,47.5951,-122.1535
Taco Bell,NE,Bellevue,68005,-95.89231437887386,41.142271443803054,47.5951,-122.1535
Taco Bell,NE,Bellevue,68123,-95.94315846635931,41.10151558557347,47.5951,-122.1535
Taco Bell,NE,Blair,68008,-96.16366526356583,41.54778433603097,,
Taco Bell,NE,Columbus,68601,-97.40236088612026,41.45255415077038,39.9862,-82.9855
Taco Bell,NE,Elkhorn,68022,-96.24590956911041,41.27851769969297,42.6713,-88.5377
Taco Bell,NE,Elkhorn,68022,-96.24590956911041,41.27851769969297,42.6713,-88.5377
Taco Bell,NE,Fremont,68025,-96.48934343616119,41.43792438684064,37.5265,-121.9843
Taco Bell,NE,Island,68801,-98.2916647612398,40.9478573121794,,
Taco Bell,NE,Island,68803,-98.41520299518872,40.95488790854965,,
Taco Bell,NE,Gretna,68028,-96.26083792515627,41.10635320454816,29.9101,-90.0515
Taco Bell,NE,Hastings,68901,-98.37278408439805,40.59290600908984,40.5961,-98.39
Taco Bell,NE,Kearney,68847,-99.02565297836377,40.75892213918141,40.7011,-99.0833
Taco Bell,NE,Kearney,68847,-99.02565297836377,40.75892213918141,40.7011,-99.0833
Taco Bell,NE,Vista,68128,-96.06580334977426,41.18135165064634,33.1896,-117.2386
Taco Bell,NE,Lincoln,68528,-96.81946837425743,40.82024680903916,40.8099,-96.6784
Taco Bell,NE,Lincoln,68516,-96.64254879164386,40.73488485261349,40.8099,-96.6784
Taco Bell,NE,Lincoln,68512,-96.70751100704571,40.7388038934451,40.8099,-96.6784
Taco Bell,NE,Lincoln,68510,-96.63603341967715,40.80652539784745,40.8099,-96.6784
Taco Bell,NE,Lincoln,68521,-96.70950786560576,40.86613094468717,40.8099,-96.6784
Taco Bell,NE,Lincoln,68507,-96.61484828645875,40.85888569628255,40.8099,-96.6784
Taco Bell,NE,City,68410,-95.88477339275201,40.63753121501459,,
Taco Bell,NE,Norfolk,68701,-97.44360831006605,42.02136447164963,36.8945,-76.259
Taco Bell,NE,Omaha,68112,-95.95730577098757,41.37423281473684,41.2627,-96.0529
Taco Bell,NE,Omaha,68132,-96.00225330021985,41.264672376606256,41.2627,-96.0529
Taco Bell,NE,Omaha,68134,-96.05065233751104,41.29855886662499,41.2627,-96.0529
Taco Bell,NE,Omaha,68137,-96.1188805104893,41.20586773204664,41.2627,-96.0529
Taco Bell,NE,Omaha,68134,-96.05065233751104,41.29855886662499,41.2627,-96.0529
Taco Bell,NE,Omaha,68117,-96.00037686178305,41.20755295924716,41.2627,-96.0529
Taco Bell,NE,Omaha,68107,-95.95206192974018,41.20846933674005,41.2627,-96.0529
Taco Bell,NE,Omaha,68131,-95.96447170946803,41.264565242612484,41.2627,-96.0529
Taco Bell,NE,Omaha,68164,-96.10957132251549,41.2990346572595,41.2627,-96.0529
Taco Bell,NE,Omaha,68124,-96.05159880492077,41.235298721854804,41.2627,-96.0529
Taco Bell,NE,Omaha,68130,-96.19588658778267,41.23422947280171,41.2627,-96.0529
Taco Bell,NE,Omaha,68116,-96.1677755631232,41.29933977219237,41.2627,-96.0529
Taco Bell,NE,Omaha,68135,-96.19553317821132,41.20568458777954,41.2627,-96.0529
Taco Bell,NE,Omaha,68116,-96.1677755631232,41.29933977219237,41.2627,-96.0529
Taco Bell,NE,Omaha,68144,-96.11925631533528,41.234827678471696,41.2627,-96.0529
Taco Bell,NE,Omaha,68137,-96.1188805104893,41.20586773204664,41.2627,-96.0529
Taco Bell,NE,Omaha,68144,-96.11925631533528,41.234827678471696,41.2627,-96.0529
Taco Bell,NE,Omaha,68127,-96.05070155629271,41.20545486867506,41.2627,-96.0529
Taco Bell,NE,Papillion,68046,-96.0594746286814,41.12491736164666,41.1511,-96.0665
Taco Bell,NE,Plattsmouth,68048,-95.93439182961393,40.98141810015019,,
Taco Bell,NE,Scottsbluff,69361,-103.62167983731615,41.92459159092134,41.8684,-103.6616
Taco Bell,NE,City,68776,-96.44130394969979,42.460660773595365,,
Taco Bell,NE,York,68467,-97.59542963649984,40.866425074895034,39.9651,-76.7315
Taco Bell,NH,Amherst,03031,-71.60785356750007,42.87034426262088,43.0117,-78.757
Taco Bell,NH,Concord,03301,-71.54337716191625,43.224332424415,37.9722,-122.0016
Taco Bell,NH,Epping,03042,-71.07478637218189,43.05005328487574,,
Taco Bell,NH,Hooksett,03106,-71.4363998493322,43.07112886834782,43.0709,-71.4365
Taco Bell,NH,Keene,03431,-72.29551327973458,42.96263049222956,42.9494,-72.2998
Taco Bell,NH,Laconia,03246,-71.47746572589563,43.57268832538598,43.5725,-71.4775
Taco Bell,NH,Londonderry,03053,-71.38634353445069,42.878604599335425,42.8796,-71.3873
Taco Bell,NH,Manchester,03102,-71.49126789864049,43.007956724872514,42.9848,-71.4447
Taco Bell,NH,Manchester,03103,-71.44431542394837,42.95357951021652,42.9848,-71.4447
Taco Bell,NH,Manchester,03104,-71.4414188801225,43.00934227438976,42.9848,-71.4447
Taco Bell,NH,Nashua,03060,-71.4593171109568,42.74130897220574,42.7491,-71.491
Taco Bell,NH,Conway,03860,-71.1198857606441,44.04207742039795,35.0753,-92.4692
Taco Bell,NH,Portsmouth,03801,-70.80516914356501,43.072949650037515,36.8468,-76.354
Taco Bell,NH,Rochester,03867,-70.98700319049108,43.30338494204337,43.168,-77.6162
Taco Bell,NH,Salem,03079,-71.22025104319395,42.790197274339675,44.9233,-123.0244
Taco Bell,NH,Seabrook,03874,-70.8603311631681,42.88706033971829,38.9802,-76.8502
Taco Bell,NH,Somersworth,03878,-70.88514480362755,43.25287672157746,43.2534,-70.8856
Taco Bell,NH,Tilton,03276,-71.5750268144993,43.42784151460407,,
Taco Bell,NH,Lebanon,03784,-72.3060058747105,43.63650209670599,40.3412,-76.4228
Taco Bell,NJ,Township,07747,-74.25176975180003,40.413217742963965,,
Taco Bell,NJ,Barnegat,08005,-74.31526474963432,39.76364226610932,39.7668,-74.2776
Taco Bell,NJ,Bayonne,07002,-74.10888829154686,40.664544789537196,40.6668,-74.1158
Taco Bell,NJ,Belleville,07109,-74.16167663046086,40.794983702393,38.5164,-89.99
Taco Bell,NJ,Bergenfield,07621,-73.9985567455073,40.9238431184102,40.9236,-73.9982
Taco Bell,NJ,Blackwood,08012,-75.05531192074037,39.78425228743419,,
Taco Bell,NJ,Brick,08723,-74.11091484096599,40.038864781208275,40.06,-74.1099
Taco Bell,NJ,Bridgeton,08302,-75.2608790052352,39.43948779841463,39.4286,-75.2281
Taco Bell,NJ,Carlstadt,07072,-74.06118622965379,40.8247318799669,,
Taco Bell,NJ,Hill,08002,-75.02539077817356,39.931344239426636,,
Taco Bell,NJ,Hill,08003,-74.97225495701927,39.88324351611743,,
Taco Bell,NJ,Columbia,07832,-75.05708973201412,40.960575289288805,34.0378,-80.9036
Taco Bell,NJ,Delran,08075,-74.94992595916726,40.02932307822294,40.017,-74.9495
Taco Bell,NJ,Deptford,08096,-75.12677883132562,39.82662637390518,39.8157,-75.1181
Taco Bell,NJ,Brunswick,08816,-74.41620525010438,40.42854419336111,31.1449,-81.4746
Taco Bell,NJ,Hanover,07936,-74.36375445678321,40.81922440276119,39.8118,-76.9836
Taco Bell,NJ,Orange,07018,-74.21782436470308,40.75582890644513,33.8038,-117.8218
Taco Bell,NJ,Rutherford,07073,-74.08533745517445,40.81788693423737,40.8203,-74.1057
Taco Bell,NJ,Windsor,08520,-74.53160813883416,40.255283147101345,40.469,-104.9198
Taco Bell,NJ,Edison,08820,-74.36590101767234,40.577252678472405,40.536,-74.3697
Taco Bell,NJ,Edison,08817,-74.39444138496934,40.51550590746369,40.536,-74.3697
Taco Bell,NJ,Edison,08837,-74.34460037426507,40.51363387502093,40.536,-74.3697
Taco Bell,NJ,Elizabeth,07208,-74.22511762235202,40.67431030370426,40.6658,-74.1913
Taco Bell,NJ,Park,07407,-74.12005015365018,40.90494496854343,,
Taco Bell,NJ,Ewing,08638,-74.76303316273435,40.256753813650256,40.265,-74.8006
Taco Bell,NJ,Flemington,08822,-74.86361591370202,40.52110810911648,,
Taco Bell,NJ,River,08731,-74.26970865194184,39.86218233436984,,
Taco Bell,NJ,Lee,07024,-73.97123532904388,40.85081067780464,,
Taco Bell,NJ,Franklin,07416,-74.59774520862177,41.115918641051756,35.92,-86.8516
Taco Bell,NJ,Freehold,07728,-74.28536433052774,40.22546330558999,40.2233,-74.2986
Taco Bell,NJ,Freehold,07728,-74.28536433052774,40.22546330558999,40.2233,-74.2986
Taco Bell,NJ,Garwood,07027,-74.32314036492676,40.6513477625127,,
Taco Bell,NJ,Gibbstown,08027,-75.2874470301249,39.829972415179554,,
Taco Bell,NJ,Glassboro,08028,-75.12051522564163,39.69439706963993,39.7014,-75.1113
Taco Bell,NJ,Brook,08812,-74.48065692630362,40.59977401683748,,
Taco Bell,NJ,Hackensack,07601,-74.04610775046946,40.88899082519943,40.8891,-74.0462
Taco Bell,NJ,Hackensack,07601,-74.04610775046946,40.88899082519943,40.8891,-74.0462
Taco Bell,NJ,Hackettstown,07840,-74.83573114478348,40.85408874924012,40.854,-74.8257
Taco Bell,NJ,Hamilton,08610,-74.715799169434,40.192430714696,40.2046,-74.6765
Taco Bell,NJ,Hammonton,08037,-74.77278442538129,39.63801205982588,39.6572,-74.7678
Taco Bell,NJ,Heights,07604,-74.07409470476496,40.861815550671,,
Taco Bell,NJ,Haskell,07420,-74.30122330263464,41.03264297339346,,
Taco Bell,NJ,Hazlet,07730,-74.1756910678258,40.42481113293641,40.4265,-74.1712
Taco Bell,NJ,Hillsborough,08844,-74.67286890754758,40.49849757810527,40.4985,-74.674
Taco Bell,NJ,Hillside,07205,-74.228559975065,40.69618198687116,40.6961,-74.2286
Taco Bell,NJ,Hoboken,07030,-74.0321121822071,40.74529514643737,40.7452,-74.0281
Taco Bell,NJ,Howell,07731,-74.20007255565686,40.149747440506815,40.1819,-74.1976
Taco Bell,NJ,Irvington,07111,-74.23175301072921,40.72426021882815,40.7243,-74.2317
Taco Bell,NJ,Jackson,08527,-74.34994922463015,40.104767265095006,32.3157,-90.2125
Taco Bell,NJ,City,07306,-74.07179115721394,40.73456621075861,,
Taco Bell,NJ,City,07302,-74.04688339029754,40.7198229268113,,
Taco Bell,NJ,City,07306,-74.07179115721394,40.73456621075861,,
Taco Bell,NJ,City,07310,-74.03774168339125,40.73059534571855,,
Taco Bell,NJ,Kearny,07032,-74.12030836910908,40.75374857782192,40.7528,-74.1202
Taco Bell,NJ,Linden,07036,-74.23824960005587,40.62497787227144,40.6251,-74.2383
Taco Bell,NJ,Falls,07424,-74.2059028745243,40.8837103647261,40.1686,-74.7915
Taco Bell,NJ,Magnolia,08049,-75.03846653905842,39.85441220409632,33.2775,-93.2261
Taco Bell,NJ,Manahawkin,08050,-74.24832494049274,39.70639372840198,,
Taco Bell,NJ,Manasquan,08736,-74.06121839493598,40.117682818189415,,
Taco Bell,NJ,Mantua,08051,-75.17883187169794,39.78538745457857,39.7618,-75.1686
Taco Bell,NJ,Manville,08835,-74.58920704793933,40.542048185348776,40.542,-74.5892
Taco Bell,NJ,Shade,08052,-74.99502000079484,39.951980142706645,,
Taco Bell,NJ,Landing,08330,-74.74147592140801,39.476103697556695,,
Taco Bell,NJ,Mercerville,08619,-74.6960616358029,40.241190625189745,40.236,-74.6917
Taco Bell,NJ,Milltown,08850,-74.44016237893757,40.447252519476336,,
Taco Bell,NJ,Junction,08852,-74.54815799008136,40.38791484884071,,
Taco Bell,NJ,Montvale,07645,-74.04984619099352,41.05292580803176,41.0529,-74.0499
Taco Bell,NJ,Morristown,07960,-74.49957195835195,40.78338901179192,36.2043,-83.3001
Taco Bell,NJ,Ephraim,08059,-75.09296111213274,39.88442404487487,,
Taco Bell,NJ,Holly,08060,-74.7895087486794,40.008566353712474,,
Taco Bell,NJ,Laurel,08054,-74.90472551964433,39.94836395126906,39.0949,-76.8622
Taco Bell,NJ,Neptune,07753,-74.07855981096762,40.21494425843809,40.2105,-74.0539
Taco Bell,NJ,Brunswick,08901,-74.44271959763779,40.48410731945065,31.1449,-81.4746
Taco Bell,NJ,Newark,07103,-74.19553359008846,40.73872783704993,40.7245,-74.1725
Taco Bell,NJ,Newark,07104,-74.16830886142382,40.76732057474158,40.7245,-74.1725
Taco Bell,NJ,Newark,07103,-74.19553359008846,40.73872783704993,40.7245,-74.1725
Taco Bell,NJ,Arlington,07031,-74.12725832887512,40.78746503239108,32.6998,-97.125
Taco Bell,NJ,Bergen,07047,-74.02616990088168,40.79361997454968,,
Taco Bell,NJ,Bergen,07047,-74.02616990088168,40.79361997454968,,
Taco Bell,NJ,Brunswick,08902,-74.48628530078348,40.440705559027016,31.1449,-81.4746
Taco Bell,NJ,Oakland,07436,-74.24078760447588,41.031356828253124,37.7904,-122.2166
Taco Bell,NJ,Ocean,07712,-74.05428616493653,40.24788801437743,40.252,-74.0392
Taco Bell,NJ,Orange,07050,-74.23478047912354,40.76822842135294,33.8038,-117.8218
Taco Bell,NJ,Parsippany,07054,-74.40224943420249,40.85565257281181,40.8645,-74.4135
Taco Bell,NJ,Parsippany,07054,-74.40224943420249,40.85565257281181,40.8645,-74.4135
Taco Bell,NJ,Passaic,07055,-74.12816616759544,40.85750556986306,40.8574,-74.1282
Taco Bell,NJ,Paterson,07505,-74.17164310082538,40.91632655231668,40.9147,-74.1624
Taco Bell,NJ,Paterson,07501,-74.17121382732064,40.91266004492306,40.9147,-74.1624
Taco Bell,NJ,Pennsville,08070,-75.50900849730037,39.62415770532326,39.6266,-75.5089
Taco Bell,NJ,Amboy,08861,-74.27248281357622,40.52042287190486,,
Taco Bell,NJ,Phillipsburg,08865,-75.150770657711,40.70780231297517,40.6894,-75.1821
Taco Bell,NJ,Pleasantville,08232,-74.51488031239259,39.3876746862696,39.39,-74.5169
Taco Bell,NJ,Ramsey,07446,-74.1454609253385,41.059450638473244,45.2617,-93.4494
Taco Bell,NJ,Grande,08242,-74.88879815567176,39.0180474318847,,
Taco Bell,NJ,Robbinsville,08691,-74.59377049150459,40.20978920302531,40.222,-74.591
Taco Bell,NJ,Roselle,07203,-74.25993949693944,40.65269723931833,41.9809,-88.0861
Taco Bell,NJ,Sicklerville,08081,-74.97550864197866,39.736658536718814,39.7452,-74.9934
Taco Bell,NJ,Point,08244,-74.58802109566791,39.31816932428467,,
Taco Bell,NJ,Somerset,08873,-74.53286340925933,40.49835739563311,40.5083,-74.501
Taco Bell,NJ,Somerville,08876,-74.6874530414821,40.587982150561345,42.3908,-71.1014
Taco Bell,NJ,Amboy,08879,-74.2773755095724,40.46554373425432,,
Taco Bell,NJ,Plainfield,07080,-74.41530722918223,40.57479699323058,40.6154,-74.4157
Taco Bell,NJ,Stirling,07980,-74.49385548595649,40.67866430359322,,
Taco Bell,NJ,Succasunna,07876,-74.65574840074203,40.853295798965895,40.853,-74.6568
Taco Bell,NJ,River,08755,-74.22456516866211,40.0096259537249,,
Taco Bell,NJ,River,08753,-74.15557844900228,39.979380842000516,,
Taco Bell,NJ,Trenton,08611,-74.74461691723523,40.19314831115136,40.2237,-74.7641
Taco Bell,NJ,Union,07083,-74.26897579296467,40.6942137729123,40.6953,-74.2697
Taco Bell,NJ,City,07087,-74.03231156005833,40.76735287549296,,
Taco Bell,NJ,Vernon,07462,-74.48849365867213,41.19900978315616,41.1973,-74.4857
Taco Bell,NJ,Vineland,08360,-75.00642448773336,39.49427559180095,39.4653,-74.9981
Taco Bell,NJ,Vineland,08360,-75.00642448773336,39.49427559180095,39.4653,-74.9981
Taco Bell,NJ,Washington,07882,-75.0111776048574,40.75174496850523,38.9047,-77.0163
Taco Bell,NJ,Wayne,07470,-74.24524079510327,40.94803104831596,40.9481,-74.2453
Taco Bell,NJ,Wayne,07470,-74.24524079510327,40.94803104831596,40.9481,-74.2453
Taco Bell,NJ,Wayne,07470,-74.24524079510327,40.94803104831596,40.9481,-74.2453
Taco Bell,NJ,Berlin,08091,-74.92546342723429,39.805342768359715,44.4869,-71.2599
Taco Bell,NJ,Branch,07764,-74.01851724789182,40.2883083628002,,
Taco Bell,NJ,York,07093,-74.0114401677658,40.788101391556864,39.9651,-76.7315
Taco Bell,NJ,Wharton,07885,-74.57841277515168,40.93514529175787,29.3177,-96.1022
Taco Bell,NJ,Williamstown,08094,-74.96718958018533,39.65350191037294,39.6874,-74.9786
Taco Bell,NJ,Willingboro,08046,-74.88607508762604,40.02773318208258,40.028,-74.8882
Taco Bell,NJ,Woodbridge,07095,-74.28636669091537,40.55378065795009,40.5611,-74.2943
Taco Bell,NJ,Wrightstown,08562,-74.59485019277989,40.066540191188786,,
Taco Bell,NM,Alamogordo,88310,-106.00574950524715,32.700802386727005,32.8837,-105.9625
Taco Bell,NM,Alamogordo,88310,-106.00574950524715,32.700802386727005,32.8837,-105.9625
Taco Bell,NM,Albuquerque,87105,-106.6309683790186,34.969249162412936,35.1054,-106.6465
Taco Bell,NM,Albuquerque,87121,-106.8780006403174,35.05847507846658,35.1054,-106.6465
Taco Bell,NM,Albuquerque,87123,-106.46792925993488,35.071058570322585,35.1054,-106.6465
Taco Bell,NM,Albuquerque,87114,-106.68405729672979,35.197108585819464,35.1054,-106.6465
Taco Bell,NM,Albuquerque,87111,-106.48622563763371,35.143818258276994,35.1054,-106.6465
Taco Bell,NM,Albuquerque,87114,-106.68405729672979,35.197108585819464,35.1054,-106.6465
Taco Bell,NM,Albuquerque,87114,-106.68405729672979,35.197108585819464,35.1054,-106.6465
Taco Bell,NM,Albuquerque,87109,-106.57544990237129,35.15296391684156,35.1054,-106.6465
Taco Bell,NM,Albuquerque,87106,-106.62160904287653,35.05818649542328,35.1054,-106.6465
Taco Bell,NM,Albuquerque,87114,-106.68405729672979,35.197108585819464,35.1054,-106.6465
Taco Bell,NM,Albuquerque,87109,-106.57544990237129,35.15296391684156,35.1054,-106.6465
Taco Bell,NM,Albuquerque,87108,-106.57837407542908,35.07248419973751,35.1054,-106.6465
Taco Bell,NM,Albuquerque,87107,-106.64305372432239,35.13740235590659,35.1054,-106.6465
Taco Bell,NM,Albuquerque,87123,-106.46792925993488,35.071058570322585,35.1054,-106.6465
Taco Bell,NM,Albuquerque,87120,-106.73710879487388,35.13509179892886,35.1054,-106.6465
Taco Bell,NM,Albuquerque,87121,-106.8780006403174,35.05847507846658,35.1054,-106.6465
Taco Bell,NM,Albuquerque,87110,-106.57809911549806,35.108074437239544,35.1054,-106.6465
Taco Bell,NM,Albuquerque,87110,-106.57809911549806,35.108074437239544,35.1054,-106.6465
Taco Bell,NM,Albuquerque,87112,-106.51627813707694,35.101050986202246,35.1054,-106.6465
Taco Bell,NM,Artesia,88210,-104.21959947177342,32.77173806284534,33.8676,-118.0805
Taco Bell,NM,Belen,87002,-106.65986161858609,34.60273267587861,,
Taco Bell,NM,Bernalillo,87004,-106.58333467455645,35.35822851538921,35.3127,-106.5537
Taco Bell,NM,Carlsbad,88220,-104.413401161691,32.29626718812534,33.1246,-117.2834
Taco Bell,NM,Carlsbad,88220,-104.413401161691,32.29626718812534,33.1246,-117.2834
Taco Bell,NM,Clovis,88101,-103.28375580899932,34.4987316893766,36.8278,-119.683
Taco Bell,NM,Deming,88030,-107.72938501562244,32.18770860312898,32.2631,-107.7525
Taco Bell,NM,Espanola,87532,-106.08989661800759,35.99328359357494,,
Taco Bell,NM,Farmington,87402,-108.14403379850842,36.78061923220858,36.7555,-108.1823
Taco Bell,NM,Farmington,87401,-108.179938658816,36.741273833251704,36.7555,-108.1823
Taco Bell,NM,Farmington,87401,-108.179938658816,36.741273833251704,36.7555,-108.1823
Taco Bell,NM,Farmington,87401,-108.179938658816,36.741273833251704,36.7555,-108.1823
Taco Bell,NM,Gallup,87301,-108.83468396444525,35.47480181326062,35.5182,-108.7431
Taco Bell,NM,Gallup,87301,-108.83468396444525,35.47480181326062,35.5182,-108.7431
Taco Bell,NM,Gallup,87301,-108.83468396444525,35.47480181326062,35.5182,-108.7431
Taco Bell,NM,Grants,87020,-107.93987851777385,34.93001264797605,35.1538,-107.8335
Taco Bell,NM,Hobbs,88240,-103.47153420440364,32.707789799191396,32.7281,-103.16
Taco Bell,NM,Hobbs,88240,-103.47153420440364,32.707789799191396,32.7281,-103.16
Taco Bell,NM,Afb,88330,-106.07739644513435,32.83657508279801,,
Taco Bell,NM,Cruces,88001,-106.75389785916013,32.29005843871156,,
Taco Bell,NM,Cruces,88004,-106.98743123042095,32.22309610589464,,
Taco Bell,NM,Cruces,88001,-106.75389785916013,32.29005843871156,,
Taco Bell,NM,Cruces,88001,-106.75389785916013,32.29005843871156,,
Taco Bell,NM,Cruces,88005,-106.82183447809847,32.25811628641269,,
Taco Bell,NM,Vegas,87701,-104.92707006201255,35.538651885776815,,
Taco Bell,NM,Lunas,87031,-106.88838377372865,34.73166639736337,,
Taco Bell,NM,Lovington,88260,-103.3991112183251,32.991477176174755,32.9128,-103.3276
Taco Bell,NM,Moriarty,87035,-105.98056819114245,34.95999750535233,,
Taco Bell,NM,Portales,88130,-103.31057555291646,34.13553014498556,34.1754,-103.3565
Taco Bell,NM,Rancho,87124,-106.78290996271367,35.26775369823916,,
Taco Bell,NM,Roswell,88201,-104.374850722104,33.63972633489301,34.0391,-84.3513
Taco Bell,NM,Roswell,88203,-104.34430638456409,33.18609706706304,34.0391,-84.3513
Taco Bell,NM,Ruidoso,88345,-105.67982037390267,33.34796873398933,,
Taco Bell,NM,Fe,87507,-106.10779070355595,35.59346842347965,,
Taco Bell,NM,Fe,87507,-106.10779070355595,35.59346842347965,,
Taco Bell,NM,Fe,87505,-105.86872734482466,35.6219222570972,,
Taco Bell,NM,Fe,87506,-105.9886093511632,35.81949738439998,,
Taco Bell,NM,Shiprock,87420,-108.849306474751,36.69062616202777,,
Taco Bell,NM,Taos,87571,-105.53626085689609,36.3991741940656,,
Taco Bell,NM,Tucumcari,88401,-103.83170309037098,35.11261037155421,,
Taco Bell,NV,City,89005,-114.82471535130358,35.986828196701126,,
Taco Bell,NV,City,89706,-119.70610448706624,39.2197335447264,,
Taco Bell,NV,City,89701,-119.71839469574769,39.13967456675515,,
Taco Bell,NV,City,89701,-119.71839469574769,39.13967456675515,,
Taco Bell,NV,Dayton,89403,-119.47024439455247,39.19835772587004,39.7805,-84.2003
Taco Bell,NV,Elko,89801,-115.75891840681996,41.249102597435986,40.8381,-115.7678
Taco Bell,NV,Fallon,89406,-118.3166191981612,39.52216684031421,39.4737,-118.7779
Taco Bell,NV,Fernley,89408,-119.17161956641841,39.564087263979566,39.5627,-119.1906
Taco Bell,NV,Gardnerville,89410,-119.61146306512656,38.87034063946065,,
Taco Bell,NV,Henderson,89015,-114.92819376171008,36.03921538657595,36.0133,-115.0381
Taco Bell,NV,Henderson,89015,-114.92819376171008,36.03921538657595,36.0133,-115.0381
Taco Bell,NV,Henderson,89014,-115.05806185874633,36.06171858675206,36.0133,-115.0381
Taco Bell,NV,Henderson,89012,-115.04394838899339,36.011944776298485,36.0133,-115.0381
Taco Bell,NV,Henderson,89014,-115.05806185874633,36.06171858675206,36.0133,-115.0381
Taco Bell,NV,Henderson,89012,-115.04394838899339,36.011944776298485,36.0133,-115.0381
Taco Bell,NV,Henderson,89052,-115.05674693858184,35.955112789236225,36.0133,-115.0381
Taco Bell,NV,Imlay,89418,-118.03438962573891,40.54842790377066,,
Taco Bell,NV,Vegas,89156,-114.98818819859406,36.16343281426079,,
Taco Bell,NV,Vegas,89122,-115.04029824357781,36.106417484852074,,
Taco Bell,NV,Vegas,89147,-115.28011455954994,36.112785495078434,,
Taco Bell,NV,Vegas,89121,-115.0912767253909,36.12152699437981,,
Taco Bell,NV,Vegas,89145,-115.27786015965684,36.167690491598194,,
Taco Bell,NV,Vegas,89166,-115.50693101839603,36.38066654022342,,
Taco Bell,NV,Vegas,89115,-115.04102296944475,36.25366434338941,,
Taco Bell,NV,Vegas,89178,-115.28605039323317,35.99765335188295,,
Taco Bell,NV,Vegas,89141,-115.20705783304484,35.98841222913709,,
Taco Bell,NV,Vegas,89122,-115.04029824357781,36.106417484852074,,
Taco Bell,NV,Vegas,89169,-115.14129927892868,36.1241418181554,,
Taco Bell,NV,Vegas,89123,-115.14877057500757,36.03521033415695,,
Taco Bell,NV,Vegas,89135,-115.3759045306832,36.10098021692742,,
Taco Bell,NV,Vegas,89106,-115.16323141914964,36.18170667246106,,
Taco Bell,NV,Vegas,89149,-115.29254319541113,36.2722569322793,,
Taco Bell,NV,Vegas,89134,-115.30775063947868,36.20273620855925,,
Taco Bell,NV,Vegas,89113,-115.26351385239246,36.0611640411488,,
Taco Bell,NV,Vegas,89118,-115.21399470820738,36.07740071393798,,
Taco Bell,NV,Vegas,89123,-115.14877057500757,36.03521033415695,,
Taco Bell,NV,Vegas,89107,-115.21023044547115,36.170653272922515,,
Taco Bell,NV,Vegas,89103,-115.21166815768996,36.11183898855114,,
Taco Bell,NV,Vegas,89115,-115.04102296944475,36.25366434338941,,
Taco Bell,NV,Vegas,89110,-115.0477383640016,36.171427087862874,,
Taco Bell,NV,Vegas,89129,-115.29015034520772,36.23331299260695,,
Taco Bell,NV,Vegas,89104,-115.10864782609906,36.1513797056793,,
Taco Bell,NV,Vegas,89108,-115.22364298688528,36.20525878035684,,
Taco Bell,NV,Vegas,89113,-115.26351385239246,36.0611640411488,,
Taco Bell,NV,Vegas,89120,-115.09545286707242,36.08131865146205,,
Taco Bell,NV,Vegas,89108,-115.22364298688528,36.20525878035684,,
Taco Bell,NV,Vegas,89128,-115.2643631078578,36.19681544652756,,
Taco Bell,NV,Vegas,89106,-115.16323141914964,36.18170667246106,,
Taco Bell,NV,Vegas,89117,-115.28000813469697,36.14258986775275,,
Taco Bell,NV,Vegas,89131,-115.24265605492948,36.30615998290786,,
Taco Bell,NV,Vegas,89109,-115.16374087520929,36.12532544279513,,
Taco Bell,NV,Vegas,89110,-115.0477383640016,36.171427087862874,,
Taco Bell,NV,Vegas,89104,-115.10864782609906,36.1513797056793,,
Taco Bell,NV,Vegas,89103,-115.21166815768996,36.11183898855114,,
Taco Bell,NV,Vegas,89109,-115.16374087520929,36.12532544279513,,
Taco Bell,NV,Vegas,89119,-115.14613155866147,36.08472884211017,,
Taco Bell,NV,Vegas,89131,-115.24265605492948,36.30615998290786,,
Taco Bell,NV,Vegas,89130,-115.22711073758641,36.25398919451777,,
Taco Bell,NV,Vegas,89147,-115.28011455954994,36.112785495078434,,
Taco Bell,NV,Vegas,89120,-115.09545286707242,36.08131865146205,,
Taco Bell,NV,Vegas,89117,-115.28000813469697,36.14258986775275,,
Taco Bell,NV,Vegas,89102,-115.18682373348857,36.14542989697428,,
Taco Bell,NV,Mesquite,89027,-114.12350756518431,36.811258783908414,32.7602,-96.5865
Taco Bell,NV,Vegas,89084,-115.17410673729536,36.296905013290186,,
Taco Bell,NV,Vegas,89031,-115.17179714543963,36.25891610834799,,
Taco Bell,NV,Vegas,89031,-115.17179714543963,36.25891610834799,,
Taco Bell,NV,Vegas,89030,-115.12412837823726,36.21151547443565,,
Taco Bell,NV,Vegas,89030,-115.12412837823726,36.21151547443565,,
Taco Bell,NV,Vegas,89032,-115.17271874337689,36.22318085818354,,
Taco Bell,NV,Vegas,89030,-115.12412837823726,36.21151547443565,,
Taco Bell,NV,Pahrump,89048,-116.00381060590549,36.166090435119806,36.2235,-115.9974
Taco Bell,NV,Reno,89521,-119.6859385482876,39.38101201678194,39.5497,-119.8483
Taco Bell,NV,Reno,89511,-119.89555768162789,39.39512105279048,39.5497,-119.8483
Taco Bell,NV,Reno,89502,-119.74510553568184,39.49206048368765,39.5497,-119.8483
Taco Bell,NV,Reno,89523,-119.91372651169604,39.5240146978054,39.5497,-119.8483
Taco Bell,NV,Reno,89506,-119.82279036871775,39.701401266031,39.5497,-119.8483
Taco Bell,NV,Reno,89503,-119.83987272202641,39.5407974258028,39.5497,-119.8483
Taco Bell,NV,Reno,89506,-119.82279036871775,39.701401266031,39.5497,-119.8483
Taco Bell,NV,Reno,89521,-119.6859385482876,39.38101201678194,39.5497,-119.8483
Taco Bell,NV,Reno,89557,,,39.5497,-119.8483
Taco Bell,NV,Springs,89436,-119.68780731938017,39.604364863602704,41.0212,-72.1584
Taco Bell,NV,Sparks,89441,-119.67583554931906,39.67637078954005,39.5736,-119.7161
Taco Bell,NV,Sparks,89431,-119.74946956183175,39.54042777951361,39.5736,-119.7161
Taco Bell,NV,Sparks,89431,-119.74946956183175,39.54042777951361,39.5736,-119.7161
Taco Bell,NV,Sparks,89434,-119.64036146437243,39.5321220189929,39.5736,-119.7161
Taco Bell,NV,Valley,89433,-119.77665374897768,39.60894640172351,32.8088,-85.181
Taco Bell,NV,Winnemucca,89445,-118.27422829964375,41.16902996442906,,
Taco Bell,NY,Albany,12260,,,42.6664,-73.7987
Taco Bell,NY,Albany,12205,-73.82938032090426,42.718970090387515,42.6664,-73.7987
Taco Bell,NY,Albany,12206,-73.78246236577726,42.67444324221545,42.6664,-73.7987
Taco Bell,NY,Albion,14411,-78.21196119363128,43.23424150713234,,
Taco Bell,NY,Amherst,14226,-78.79868334132085,42.970969107455346,43.0117,-78.757
Taco Bell,NY,Amityville,11701,-73.41260982176802,40.68195403480441,40.6696,-73.4156
Taco Bell,NY,Amsterdam,12010,-74.17385960936653,42.937972510156335,42.942,-74.1906
Taco Bell,NY,Astoria,11105,-73.90625019700028,40.77897162717198,46.1856,-123.8053
Taco Bell,NY,Auburn,13021,-76.55890168881982,42.92381691828664,32.6087,-85.4903
Taco Bell,NY,Baldwin,11510,-73.60803329387697,40.65027640424169,40.6511,-73.6075
Taco Bell,NY,Baldwinsville,13027,-76.36421279884158,43.167463164427886,,
Taco Bell,NY,Batavia,14020,-78.21264713813562,42.996185443102064,41.8479,-88.3109
Taco Bell,NY,Bath,14810,-77.34274582866547,42.34870867100526,42.3219,-77.3083
Taco Bell,NY,Shore,11706,-73.25108644411256,40.72170439249667,,
Taco Bell,NY,Shore,11706,-73.25108644411256,40.72170439249667,,
Taco Bell,NY,Binghamton,13904,-75.81598142625728,42.13079863097463,42.1014,-75.9093
Taco Bell,NY,Brentwood,11717,-73.25226627134063,40.78380557702821,37.9356,-121.719
Taco Bell,NY,Manor,10510,-73.83446273202296,41.1409673221817,39.9848,-76.4216
Taco Bell,NY,Brockport,14420,-77.93458386612457,43.2119961364477,,
Taco Bell,NY,Bronx,10460,-73.87959737928132,40.84173643089767,40.8501,-73.8662
Taco Bell,NY,Bronx,10475,-73.82528703306689,40.8694731009727,40.8501,-73.8662
Taco Bell,NY,Bronx,10451,-73.92383877152147,40.82071728864835,40.8501,-73.8662
Taco Bell,NY,Bronx,10472,-73.86931014390593,40.82955619585324,40.8501,-73.8662
Taco Bell,NY,Bronx,10457,-73.89866236551539,40.847162195894285,40.8501,-73.8662
Taco Bell,NY,Bronx,10452,-73.92343753662254,40.83739130954323,40.8501,-73.8662
Taco Bell,NY,Bronx,10462,-73.85863943300222,40.84280215881067,40.8501,-73.8662
Taco Bell,NY,Bronx,10453,-73.91351138566597,40.85231944406427,40.8501,-73.8662
Taco Bell,NY,Bronx,10468,-73.90005572232845,40.86806498756176,40.8501,-73.8662
Taco Bell,NY,Bronx,10458,-73.88815927669079,40.862529310415034,40.8501,-73.8662
Taco Bell,NY,Bronx,10451,-73.92383877152147,40.82071728864835,40.8501,-73.8662
Taco Bell,NY,Bronx,10459,-73.89294097764623,40.82585578456568,40.8501,-73.8662
Taco Bell,NY,Bronx,10466,-73.8459414548028,40.89094649808699,40.8501,-73.8662
Taco Bell,NY,Bronx,10467,-73.87394466032933,40.88090240676962,40.8501,-73.8662
Taco Bell,NY,Bronx,10463,-73.9066361820724,40.88082729240202,40.8501,-73.8662
Taco Bell,NY,Bronx,10461,-73.84058375749245,40.84739477606517,40.8501,-73.8662
Taco Bell,NY,Bronx,10452,-73.92343753662254,40.83739130954323,40.8501,-73.8662
Taco Bell,NY,Brooklyn,11209,-74.03013380652206,40.62199442284234,40.6501,-73.9496
Taco Bell,NY,Brooklyn,11223,-73.97342587572324,40.597143807042386,40.6501,-73.9496
Taco Bell,NY,Brooklyn,11236,-73.90102706820743,40.63955551023073,40.6501,-73.9496
Taco Bell,NY,Brooklyn,11216,-73.94931272791317,40.68076898493075,40.6501,-73.9496
Taco Bell,NY,Brooklyn,11221,-73.9278785242926,40.69133995723946,40.6501,-73.9496
Taco Bell,NY,Brooklyn,11226,-73.95664861763628,40.6464483143132,40.6501,-73.9496
Taco Bell,NY,Brooklyn,11222,-73.94772138392672,40.728559536220864,40.6501,-73.9496
Taco Bell,NY,Brooklyn,11212,-73.91301871172259,40.662932248611966,40.6501,-73.9496
Taco Bell,NY,Brooklyn,11206,-73.94235759108113,40.70195404753594,40.6501,-73.9496
Taco Bell,NY,Brooklyn,11224,-73.98868880698963,40.57669298787266,40.6501,-73.9496
Taco Bell,NY,Brooklyn,11234,-73.91070989347017,40.60602664162089,40.6501,-73.9496
Taco Bell,NY,Brooklyn,11220,-74.01655212221792,40.64108686262275,40.6501,-73.9496
Taco Bell,NY,Brooklyn,11214,-73.99621515378331,40.59867999353171,40.6501,-73.9496
Taco Bell,NY,Brooklyn,11211,-73.95310298363762,40.712424703930004,40.6501,-73.9496
Taco Bell,NY,Brooklyn,11211,-73.95310298363762,40.712424703930004,40.6501,-73.9496
Taco Bell,NY,Buffalo,14225,-78.75162793862795,42.9289829393425,42.9018,-78.8487
Taco Bell,NY,Buffalo,14220,-78.82326255140998,42.845681372247306,42.9018,-78.8487
Taco Bell,NY,Buffalo,14207,-78.89782485954733,42.951724482815955,42.9018,-78.8487
Taco Bell,NY,Canandaigua,14424,-77.30818220603399,42.848135128584,42.8608,-77.3182
Taco Bell,NY,Carmel,10512,-73.71210166961708,41.449203769593076,39.965,-86.146
Taco Bell,NY,Catskill,12414,-73.92037877737253,42.22397464413062,42.2063,-73.9435
Taco Bell,NY,Islip,11722,-73.19491162866186,40.78305742447832,40.7385,-73.1888
Taco Bell,NY,Square,13036,-76.17337324610207,43.32378263678136,,
Taco Bell,NY,Cheektowaga,14225,-78.75162793862795,42.9289829393425,42.9082,-78.7466
Taco Bell,NY,Chester,10918,-74.2587063440587,41.34770128122909,39.8456,-75.3718
Taco Bell,NY,Cicero,13039,-76.06910466426915,43.168566260281594,41.8445,-87.7593
Taco Bell,NY,Park,12065,-73.78648020133825,42.853184945238226,,
Taco Bell,NY,Cobleskill,12043,-74.5227381500312,42.70456174834788,,
Taco Bell,NY,Commack,11725,-73.28081263494171,40.84049550758878,40.8435,-73.2833
Taco Bell,NY,Coram,11727,-73.00402014891688,40.882070982018945,40.8812,-73.0059
Taco Bell,NY,Corona,11368,-73.85257952006722,40.74962493853085,33.8616,-117.5649
Taco Bell,NY,Cortland,13045,-76.19206369143285,42.581439340564465,42.6004,-76.1784
Taco Bell,NY,Cortland,13045,-76.19206369143285,42.581439340564465,42.6004,-76.1784
Taco Bell,NY,Manor,10567,-73.89802764990448,41.28897776799512,39.9848,-76.4216
Taco Bell,NY,Dansville,14437,-77.73825430797778,42.575195300750266,,
Taco Bell,NY,Park,11729,-73.32180944206678,40.76278434895264,,
Taco Bell,NY,Depew,14043,-78.70342222079003,42.90196591874154,42.9118,-78.7043
Taco Bell,NY,Dunkirk,14048,-79.31669831243235,42.48447222111695,42.4801,-79.3324
Taco Bell,NY,Elmhurst,11370,-73.88740197908612,40.77568153302829,41.8973,-87.9432
Taco Bell,NY,Meadow,11554,-73.56021168057343,40.719585853055776,,
Taco Bell,NY,Northport,11731,-73.31692992978118,40.8626368323,33.2586,-87.5993
Taco Bell,NY,Rochester,14445,-77.48984700779837,43.112633397925144,43.168,-77.6162
Taco Bell,NY,Ellenville,12428,-74.44494156329266,41.739051115758926,,
Taco Bell,NY,Elmira,14903,-76.87558073182528,42.125266352459136,42.0938,-76.8097
Taco Bell,NY,Elmira,14904,-76.7998626651263,42.06985491717899,42.0938,-76.8097
Taco Bell,NY,Elmont,11003,-73.70797074376415,40.70139221304887,40.7033,-73.7078
Taco Bell,NY,Elmsford,10523,-73.81892570461063,41.060027397798954,,
Taco Bell,NY,Mills,13637,-75.82998182684064,44.096313952536285,,
Taco Bell,NY,Fairport,14450,-77.41702861025904,43.091629903944444,,
Taco Bell,NY,Fairport,14450,-77.41702861025904,43.091629903944444,,
Taco Bell,NY,Rockaway,11691,-73.76124404012668,40.601466241324545,40.9602,-74.4988
Taco Bell,NY,Farmingdale,11735,-73.43269053055604,40.73154702953746,,
Taco Bell,NY,Farmington,14425,-77.33801695986337,42.991524227433764,36.7555,-108.1823
Taco Bell,NY,Farmingville,11738,-73.03818481219858,40.838207430133245,40.839,-73.0404
Taco Bell,NY,Fishkill,12524,-73.89256881778502,41.52965146609432,41.5129,-73.9271
Taco Bell,NY,Park,11001,-73.70448993060052,40.72352568793394,,
Taco Bell,NY,Flushing,11358,-73.7963727337083,40.76047333776407,,
Taco Bell,NY,Flushing,11354,-73.8272338358787,40.76863828723276,,
Taco Bell,NY,Square,11010,-73.67501904543603,40.70058951657152,,
Taco Bell,NY,Freeport,11520,-73.58288175113697,40.65000180912379,40.6515,-73.585
Taco Bell,NY,Fulton,13069,-76.37918848184508,43.33215817768323,38.8551,-91.951
Taco Bell,NY,Fultonville,12072,-74.36230508367932,42.88465332068893,,
Taco Bell,NY,Geneseo,14454,-77.77385941560941,42.79689633872933,42.8038,-77.7783
Taco Bell,NY,Geneva,14456,-77.00124771416706,42.84588688505523,41.8833,-88.3242
Taco Bell,NY,Cove,11542,-73.62878542096261,40.870882733336764,,
Taco Bell,NY,Glenmont,12077,-73.7840736593841,42.59431715601388,39.0698,-77.0467
Taco Bell,NY,Glenville,12302,-73.98202372094178,42.88184857093595,42.8869,-73.9925
Taco Bell,NY,Island,14072,-78.96352526057618,43.01815704005337,,
Taco Bell,NY,Greenvale,11548,-73.60689098164131,40.814624800777864,,
Taco Bell,NY,Hamburg,14075,-78.83294388528874,42.714323217806545,42.7394,-78.8581
Taco Bell,NY,Hempstead,11550,-73.62009794011193,40.70171121231491,40.6629,-73.6089
Taco Bell,NY,Herkimer,13350,-74.98870130383631,43.06184571789074,43.061,-74.9894
Taco Bell,NY,Hicksville,11801,-73.52396174303004,40.76240339021944,40.7637,-73.5245
Taco Bell,NY,Hicksville,11801,-73.52396174303004,40.76240339021944,40.7637,-73.5245
Taco Bell,NY,Hornell,14843,-77.64548805816057,42.318334525306454,,
Taco Bell,NY,Beach,11414,-73.8449694282204,40.65811684411337,,
Taco Bell,NY,Hudson,12534,-73.75161616502096,42.222743888324906,42.7639,-71.4072
Taco Bell,NY,Station,11746,-73.36096526175456,40.814348646371656,,
Taco Bell,NY,Ithaca,14851,,,42.4442,-76.5032
Taco Bell,NY,Ithaca,14850,-76.49957396753102,42.430998186260624,42.4442,-76.5032
Taco Bell,NY,Heights,11372,-73.88366632801976,40.75167494967428,,
Taco Bell,NY,Jamaica,11432,-73.79307108563536,40.71535870986991,,
Taco Bell,NY,Jamaica,11419,-73.82294166276702,40.68863777682413,,
Taco Bell,NY,Jamaica,11433,-73.78691136565949,40.69815151193041,,
Taco Bell,NY,Jamaica,11439,,,,
Taco Bell,NY,Jamaica,11432,-73.79307108563536,40.71535870986991,,
Taco Bell,NY,Jamaica,11418,-73.83601245762024,40.700202444533396,,
Taco Bell,NY,City,13790,-75.99798680998833,42.17014581417935,,
Taco Bell,NY,Johnstown,12095,-74.40417344207292,43.02701703995436,40.326,-78.9194
Taco Bell,NY,Kingston,12401,-74.05276623668541,41.935607159559936,41.9295,-73.9968
Taco Bell,NY,Lackawanna,14218,-78.82972998388385,42.81967243757732,42.8182,-78.8325
Taco Bell,NY,Lakewood,14750,-79.32924285748284,42.07976730720882,39.6977,-105.1172
Taco Bell,NY,Latham,12110,-73.77673742096185,42.75317946950439,42.7427,-73.7497
Taco Bell,NY,Lawrence,11559,-73.71729608318411,40.60653254927922,38.9597,-95.2642
Taco Bell,NY,Levittown,11756,-73.51658014055356,40.72545245460104,40.7241,-73.5125
Taco Bell,NY,Lindenhurst,11757,-73.37351131160761,40.68879186902947,40.6858,-73.371
Taco Bell,NY,Lindenhurst,11757,-73.37351131160761,40.68879186902947,40.6858,-73.371
Taco Bell,NY,Liverpool,13090,-76.2135744393308,43.1517211186498,,
Taco Bell,NY,Liverpool,13088,-76.1871686292533,43.11000041200345,,
Taco Bell,NY,Lockport,14094,-78.70091233999717,43.16017821378414,41.5906,-88.0293
Taco Bell,NY,Beach,11561,-73.64803942843636,40.5893164398455,,
Taco Bell,NY,Lynbrook,11563,-73.67372199952355,40.65725533934488,40.6579,-73.6742
Taco Bell,NY,Macedon,14502,-77.3354813682583,43.09727476102558,43.0792,-77.3095
Taco Bell,NY,Malone,12953,-74.26330948848049,44.740937346083705,44.7956,-74.2859
Taco Bell,NY,Manhattan,10029,-73.94397003864425,40.7917631560547,40.7834,-73.9662
Taco Bell,NY,Massena,13662,-74.8845049690901,44.93222790910242,44.9609,-74.8339
Taco Bell,NY,Melville,11747,-73.4098128612773,40.78416351400613,40.7824,-73.4088
Taco Bell,NY,Merrick,11566,-73.55409567489941,40.66310292153888,40.6515,-73.5535
Taco Bell,NY,Village,11379,-73.87959779504538,40.716752677027806,,
Taco Bell,NY,Middletown,10940,-74.4701460397377,41.451190185704206,39.5033,-84.3659
Taco Bell,NY,Middletown,10940,-74.4701460397377,41.451190185704206,39.5033,-84.3659
Taco Bell,NY,Lake,10547,-73.8462069105581,41.311650203038425,,
Taco Bell,NY,Monroe,10950,-74.19883480017926,41.318413563972456,32.5185,-92.0774
Taco Bell,NY,Montgomery,12549,-74.25873450608267,41.530048553838874,32.3482,-86.2668
Taco Bell,NY,Monticello,12701,-74.70026668566233,41.64915445078765,45.2991,-93.7996
Taco Bell,NY,Nanuet,10954,-74.01279241697455,41.09989836490961,41.0957,-74.0155
Taco Bell,NY,Hartford,13413,-75.27712925153564,43.05900764353885,41.7661,-72.6834
Taco Bell,NY,Park,11040,-73.6797319879837,40.74559864911612,,
Taco Bell,NY,Rochelle,10801,-73.7844992821081,40.91757861657508,41.9197,-89.0629
Taco Bell,NY,Windsor,12553,-74.07566263890138,41.45712961670046,40.469,-104.9198
Taco Bell,NY,York,10033,-73.9340506180767,40.850482065998904,39.9651,-76.7315
Taco Bell,NY,York,10014,-74.00698522815135,40.73368327935534,39.9651,-76.7315
Taco Bell,NY,York,10018,-73.99313994942925,40.75533197628236,39.9651,-76.7315
Taco Bell,NY,York,10128,-73.9500106405771,40.78142832602785,39.9651,-76.7315
Taco Bell,NY,York,10003,-73.98918085896602,40.73182933447026,39.9651,-76.7315
Taco Bell,NY,York,10029,-73.94397003864425,40.7917631560547,39.9651,-76.7315
Taco Bell,NY,York,10011,-74.000620056921,40.742042916293265,39.9651,-76.7315
Taco Bell,NY,York,10019,-73.98734157387119,40.76582888018277,39.9651,-76.7315
Taco Bell,NY,York,10010,-73.98245546966113,40.73910427605552,39.9651,-76.7315
Taco Bell,NY,York,10003,-73.98918085896602,40.73182933447026,39.9651,-76.7315
Taco Bell,NY,York,10035,-73.92957105649059,40.79545888110291,39.9651,-76.7315
Taco Bell,NY,York,10018,-73.99313994942925,40.75533197628236,39.9651,-76.7315
Taco Bell,NY,York,10011,-74.000620056921,40.742042916293265,39.9651,-76.7315
Taco Bell,NY,York,10036,-73.98982729753513,40.75925431820775,39.9651,-76.7315
Taco Bell,NY,York,10003,-73.98918085896602,40.73182933447026,39.9651,-76.7315
Taco Bell,NY,York,10028,-73.95351366269358,40.77644167814641,39.9651,-76.7315
Taco Bell,NY,York,10065,-73.96314401219541,40.76462843741948,39.9651,-76.7315
Taco Bell,NY,York,10010,-73.98245546966113,40.73910427605552,39.9651,-76.7315
Taco Bell,NY,York,10038,-74.00253963024288,40.709338434471,39.9651,-76.7315
Taco Bell,NY,York,10001,-73.99717705496859,40.75063643962799,39.9651,-76.7315
Taco Bell,NY,York,10032,-73.94282953758659,40.83879195598543,39.9651,-76.7315
Taco Bell,NY,York,10018,-73.99313994942925,40.75533197628236,39.9651,-76.7315
Taco Bell,NY,York,10031,-73.95004499089703,40.825288176003234,39.9651,-76.7315
Taco Bell,NY,York,10022,-73.96794886950615,40.75863041991217,39.9651,-76.7315
Taco Bell,NY,York,10034,-73.92407167006473,40.86719867118638,39.9651,-76.7315
Taco Bell,NY,York,10029,-73.94397003864425,40.7917631560547,39.9651,-76.7315
Taco Bell,NY,Newark,14513,-77.09532180252842,43.07279229556867,40.7245,-74.1725
Taco Bell,NY,Newburgh,12550,-74.05258135617018,41.5371750410283,41.5531,-74.0599
Taco Bell,NY,Falls,14304,-78.9519850678602,43.09940845173564,40.1686,-74.7915
Taco Bell,NY,Babylon,11703,-73.3256161056619,40.73295153738569,40.6925,-73.3586
Taco Bell,NY,Syracuse,13212,-76.13127091477469,43.12823167754813,43.0407,-76.1437
Taco Bell,NY,Tonawanda,14120,-78.83641622218917,43.07363313097888,43.0105,-78.8805
Taco Bell,NY,Norwich,13815,-75.53117660151,42.5468902709298,41.5495,-72.0882
Taco Bell,NY,Oceanside,11572,-73.63682737049069,40.63233258909683,33.2247,-117.3083
Taco Bell,NY,Ogdensburg,13669,-75.49518492214108,44.644080272197264,44.7088,-75.4717
Taco Bell,NY,Olean,14760,-78.41386766606382,42.07344250861516,42.0819,-78.4321
Taco Bell,NY,Oneida,13421,-75.64466237775311,43.06524953741414,43.0769,-75.6622
Taco Bell,NY,Oneonta,13820,-75.04057573880073,42.47466588446099,42.4551,-75.0666
Taco Bell,NY,Park,14127,-78.74378055231347,42.75174353918624,,
Taco Bell,NY,Oswego,13126,-76.46129153759854,43.439371807616986,41.6834,-88.3372
Taco Bell,NY,Post,14870,-77.13459625098788,42.16764957786934,,
Taco Bell,NY,Patchogue,11772,-72.98710597609025,40.760986907810874,40.7621,-73.0185
Taco Bell,NY,Yan,14527,-77.065315936841,42.66712464814948,,
Taco Bell,NY,Plattsburgh,12901,-73.47385217510067,44.70386229788771,44.6951,-73.4563
Taco Bell,NY,Chester,10573,-73.6772810225323,41.01686935176873,39.8456,-75.3718
Taco Bell,NY,Station,11776,-73.0463858016454,40.913604754389866,,
Taco Bell,NY,Potsdam,13676,-74.92139274123319,44.65299581168587,44.6774,-75.0396
Taco Bell,NY,Poughkeepsie,12603,-73.86550287258781,41.67821725433914,41.695,-73.9211
Taco Bell,NY,Poughkeepsie,12601,-73.91165438252156,41.7035195778823,41.695,-73.9211
Taco Bell,NY,Poughkeepsie,12601,-73.91165438252156,41.7035195778823,41.695,-73.9211
Taco Bell,NY,Queensbury,12804,-73.68408965103615,43.33891487193284,43.3568,-73.6765
Taco Bell,NY,Queensbury,12804,-73.68408965103615,43.33891487193284,43.3568,-73.6765
Taco Bell,NY,Queensbury,12804,-73.68408965103615,43.33891487193284,43.3568,-73.6765
Taco Bell,NY,Park,11374,-73.8615152839182,40.72646767762786,,
Taco Bell,NY,Rensselaer,12144,-73.71809549298112,42.62977464236792,42.6465,-73.7328
Taco Bell,NY,Ridge,11961,-72.88746685365435,40.903892113032505,40.9068,-72.8816
Taco Bell,NY,Ridgewood,11385,-73.89012188212558,40.701049619842884,40.9821,-74.1127
Taco Bell,NY,Riverhead,11901,-72.6468317872927,40.92644815264622,40.9408,-72.7095
Taco Bell,NY,Rochester,14623,-77.64240283598367,43.088464986268576,43.168,-77.6162
Taco Bell,NY,Rochester,14626,-77.71382085546654,43.21428425519213,43.168,-77.6162
Taco Bell,NY,Rochester,14616,-77.6576624917765,43.234629981237525,43.168,-77.6162
Taco Bell,NY,Rochester,14606,-77.69849038169194,43.17130794850706,43.168,-77.6162
Taco Bell,NY,Rochester,14621,-77.60372052573527,43.18970365141487,43.168,-77.6162
Taco Bell,NY,Rochester,14615,-77.65598756362756,43.20342583452954,43.168,-77.6162
Taco Bell,NY,Rochester,14624,-77.73234501337134,43.12739935082493,43.168,-77.6162
Taco Bell,NY,Rochester,14623,-77.64240283598367,43.088464986268576,43.168,-77.6162
Taco Bell,NY,Rochester,14608,-77.62382998982274,43.15355174463153,43.168,-77.6162
Taco Bell,NY,Rochester,14620,-77.60517338347641,43.12891222215506,43.168,-77.6162
Taco Bell,NY,Centre,11570,-73.63855518766867,40.66569754296462,,
Taco Bell,NY,Rome,13440,-75.4613769796018,43.215996038772936,34.2662,-85.1863
Taco Bell,NY,Ronkonkoma,11779,-73.11540068088941,40.812777580589135,40.8037,-73.1246
Taco Bell,NY,Springs,12866,-73.74079812993199,43.070794649452516,41.0212,-72.1584
Taco Bell,NY,Schenectady,12303,-73.92460310285344,42.749551541746754,42.8025,-73.9275
Taco Bell,NY,Schenectady,12303,-73.92460310285344,42.749551541746754,42.8025,-73.9275
Taco Bell,NY,Seaford,11783,-73.49065865167502,40.677696983268,40.6678,-73.4922
Taco Bell,NY,Selden,11784,-73.04124518031594,40.86893931869974,40.8714,-73.0466
Taco Bell,NY,Shirley,11967,-72.87489809171436,40.79511378757929,40.7936,-72.8748
Taco Bell,NY,Smithtown,11787,-73.2103620158382,40.853360286249135,40.8663,-73.2164
Taco Bell,NY,Springville,14141,-78.7093540793136,42.52208407364278,40.1638,-111.6205
Taco Bell,NY,Island,10302,-74.13772896807471,40.630716221512465,,
Taco Bell,NY,Island,10314,-74.1664543176247,40.599316483973915,,
Taco Bell,NY,Island,10306,-74.12545787208798,40.57152300888254,,
Taco Bell,NY,Island,10309,-74.22060269614141,40.531361104995554,,
Taco Bell,NY,Island,10305,-74.075391919817,40.595680541967624,,
Taco Bell,NY,Island,10312,-74.18169359741961,40.54508733953679,,
Taco Bell,NY,Syracuse,13219,-76.2228006183345,43.03975937596368,43.0407,-76.1437
Taco Bell,NY,Syracuse,13219,-76.2228006183345,43.03975937596368,43.0407,-76.1437
Taco Bell,NY,Syracuse,13214,-76.0742637793508,43.03820476257467,43.0407,-76.1437
Taco Bell,NY,Syracuse,13206,-76.10580550647093,43.073465848344014,43.0407,-76.1437
Taco Bell,NY,Syracuse,13290,-76.17365904431784,43.07081787606093,43.0407,-76.1437
Taco Bell,NY,Syracuse,13205,-76.14203114493453,43.00527983245333,43.0407,-76.1437
Taco Bell,NY,Tonawanda,14150,-78.87821891819492,42.997835783132196,43.0105,-78.8805
Taco Bell,NY,Troy,12180,-73.60217482622544,42.7506422923131,42.5817,-83.1457
Taco Bell,NY,Troy,12180,-73.60217482622544,42.7506422923131,42.5817,-83.1457
Taco Bell,NY,Utica,13502,-75.16109892057136,43.141009369324976,43.0962,-75.2261
Taco Bell,NY,Vestal,13850,-76.0266321665196,42.04873914324371,42.0492,-76.026
Taco Bell,NY,Victor,14564,-77.42406407944084,42.982954121760095,42.9894,-77.4277
Taco Bell,NY,Wantagh,11793,-73.5141648578745,40.650798512743094,40.6686,-73.5104
Taco Bell,NY,Warsaw,14569,-78.17136857746497,42.73929008561897,41.2448,-85.8465
Taco Bell,NY,Waterloo,13165,-76.87613886785745,42.911885336635244,42.4918,-92.3522
Taco Bell,NY,Watertown,13601,-75.90671292005358,43.96836655707488,43.9734,-75.9094
Taco Bell,NY,Watertown,13601,-75.90671292005358,43.96836655707488,43.9734,-75.9094
Taco Bell,NY,Webster,14580,-77.44585657863688,43.219851586081795,43.2294,-77.4454
Taco Bell,NY,Webster,14580,-77.44585657863688,43.219851586081795,43.2294,-77.4454
Taco Bell,NY,Haverstraw,10993,-73.97560961021554,41.210100069599214,41.2055,-74.0384
Taco Bell,NY,Nyack,10994,-73.97264558222442,41.0975492990413,,
Taco Bell,NY,Seneca,14224,-78.7480215624449,42.8377605033476,34.6818,-82.96
Taco Bell,NY,Westbury,11590,-73.57462398715089,40.7554115157502,40.7599,-73.5891
Taco Bell,NY,Woodhaven,11421,-73.8586263129211,40.69406190710588,42.132,-83.2374
Taco Bell,NY,Woodside,11377,-73.90516012689511,40.74482144633413,,
Taco Bell,NY,Yonkers,10710,-73.84711198792246,40.96732793362755,40.9466,-73.8673
Taco Bell,NY,Yonkers,10704,-73.86177004362837,40.91889707054884,40.9466,-73.8673
Taco Bell,NY,Yonkers,10703,-73.8802485037968,40.959843175776,40.9466,-73.8673
Taco Bell,NY,Heights,10598,-73.79326193949724,41.28189229523657,,
Taco Bell,NY,Yorkville,13495,-75.27749695576898,43.110889724874774,41.6563,-88.4507
Taco Bell,OH,Aberdeen,45101,-83.74137890670129,38.69056431124176,45.4649,-98.4686
Taco Bell,OH,Ada,45810,-83.81207062389919,40.77680729383112,34.7662,-96.6681
Taco Bell,OH,Akron,44312,-81.44077242803809,41.015414776534676,41.0798,-81.5219
Taco Bell,OH,Akron,44306,-81.48317317972608,41.039351406064746,41.0798,-81.5219
Taco Bell,OH,Akron,44313,-81.5645396691191,41.13273390171484,41.0798,-81.5219
Taco Bell,OH,Akron,44320,-81.5832669660918,41.07830352147828,41.0798,-81.5219
Taco Bell,OH,Akron,44312,-81.44077242803809,41.015414776534676,41.0798,-81.5219
Taco Bell,OH,Akron,44304,-81.50785262883285,41.083175400178824,41.0798,-81.5219
Taco Bell,OH,Akron,44305,-81.46138557801324,41.07585365406298,41.0798,-81.5219
Taco Bell,OH,Alliance,44601,-81.13018549434996,40.91934295083289,40.9107,-81.1189
Taco Bell,OH,Alliance,44601,-81.13018549434996,40.91934295083289,40.9107,-81.1189
Taco Bell,OH,Amelia,45102,-84.20427080500109,39.017149019160016,39.0269,-84.2218
Taco Bell,OH,Amherst,44001,-82.26177080637834,41.364956892900175,43.0117,-78.757
Taco Bell,OH,Amherst,44001,-82.26177080637834,41.364956892900175,43.0117,-78.757
Taco Bell,OH,Anna,45302,-84.20381146052353,40.402281618607795,33.3472,-96.5508
Taco Bell,OH,Ashland,44805,-82.31685485381472,40.87291008992682,37.6942,-122.1159
Taco Bell,OH,Ashland,44805,-82.31685485381472,40.87291008992682,37.6942,-122.1159
Taco Bell,OH,Ashland,44805,-82.31685485381472,40.87291008992682,37.6942,-122.1159
Taco Bell,OH,Ashtabula,44004,-80.79160961216448,41.85618440872332,41.8805,-80.7984
Taco Bell,OH,Athens,45701,-82.0821468165152,39.31356698888571,33.9508,-83.3689
Taco Bell,OH,Austinburg,44010,-80.85210038216695,41.76248543795509,,
Taco Bell,OH,Austintown,44515,-80.76377555890434,41.101247936802615,41.0932,-80.7405
Taco Bell,OH,Avon,44011,-82.0187395182741,41.44852344291348,41.4485,-82.0187
Taco Bell,OH,Lake,44012,-82.0162934169059,41.49831933934797,,
Taco Bell,OH,Barberton,44203,-81.62890144446528,41.02054657454293,41.0095,-81.6037
Taco Bell,OH,Beavercreek,45434,-84.0289749807476,39.721581198255315,39.731,-84.0624
Taco Bell,OH,Bellefontaine,43311,-83.75613224376127,40.36588799373376,40.3627,-83.763
Taco Bell,OH,Bellevue,44811,-82.8445905173616,41.24464325302112,47.5951,-122.1535
Taco Bell,OH,Belpre,45714,-81.61895317652552,39.31724580493327,,
Taco Bell,OH,Berea,44017,-81.86310084139171,41.36867035364073,41.3696,-81.8641
Taco Bell,OH,Bethel,45106,-84.0714586651668,38.94492266401261,39.8458,-75.4891
Taco Bell,OH,Blanchester,45107,-83.96612348308973,39.292640268184385,,
Taco Bell,OH,Bluffton,45817,-83.8835824811785,40.8772636716661,32.2135,-80.9316
Taco Bell,OH,Green,43402,-83.65458702115328,41.40996392337979,40.9483,-81.4757
Taco Bell,OH,Green,43402,-83.65458702115328,41.40996392337979,40.9483,-81.4757
Taco Bell,OH,Park,44142,-81.82518980101739,41.40226840596814,,
Taco Bell,OH,Brookville,45309,-84.42146073839288,39.84261206950837,,
Taco Bell,OH,Brunswick,44212,-81.82950366540412,41.2434115401977,31.1449,-81.4746
Taco Bell,OH,Brunswick,44212,-81.82950366540412,41.2434115401977,31.1449,-81.4746
Taco Bell,OH,Bryan,43506,-84.5562268072453,41.46628943830137,30.665,-96.3807
Taco Bell,OH,Lake,43008,-82.48134699315654,39.93385772046692,,
Taco Bell,OH,Bucyrus,44820,-82.97251998362762,40.81745418137295,40.8054,-82.9719
Taco Bell,OH,Burbank,44214,-81.99849240687671,40.95263882033558,34.1879,-118.3235
Taco Bell,OH,Calcutta,43920,-80.58326423675229,40.67843993760746,,
Taco Bell,OH,Caldwell,43724,-81.51483514097906,39.732772254919254,43.6453,-116.6594
Taco Bell,OH,Cambridge,43725,-81.58943372743387,40.04497415730689,42.3759,-71.1185
Taco Bell,OH,Cambridge,43725,-81.58943372743387,40.04497415730689,42.3759,-71.1185
Taco Bell,OH,Fulton,44614,-81.58628180363893,40.88706750871088,38.8551,-91.951
Taco Bell,OH,Winchester,43110,-82.79947749522513,39.82633764553427,39.1735,-78.1746
Taco Bell,OH,Winchester,43110,-82.79947749522513,39.82633764553427,39.1735,-78.1746
Taco Bell,OH,Canfield,44406,-80.77218593734128,41.01104684227874,,
Taco Bell,OH,Canton,44705,-81.33224274833842,40.83381838648193,40.8078,-81.3676
Taco Bell,OH,Canton,44707,-81.34984371560337,40.76109712642615,40.8078,-81.3676
Taco Bell,OH,Canton,44709,-81.38620646371994,40.84235634588621,40.8078,-81.3676
Taco Bell,OH,Canton,44718,-81.44742983809276,40.851163570257754,40.8078,-81.3676
Taco Bell,OH,Canton,44708,-81.43562912695218,40.81775425524916,40.8078,-81.3676
Taco Bell,OH,Canton,44721,-81.32837490382995,40.89412812616978,40.8078,-81.3676
Taco Bell,OH,Canton,44708,-81.43562912695218,40.81775425524916,40.8078,-81.3676
Taco Bell,OH,Canton,44706,-81.41863870592941,40.75352541492384,40.8078,-81.3676
Taco Bell,OH,Carey,43316,-83.38080162798762,40.95417076157751,,
Taco Bell,OH,Carrollton,44615,-81.07428442538809,40.565102968183034,32.989,-96.8999
Taco Bell,OH,Celina,45822,-84.5980461555278,40.55266375794501,33.3154,-96.7941
Taco Bell,OH,Centerville,45458,-84.15814646421501,39.6006965088743,39.6339,-84.1449
Taco Bell,OH,Centerville,45459,-84.16959880687257,39.64689042923341,39.6339,-84.1449
Taco Bell,OH,Chardon,44024,-81.19260729722758,41.576644388688486,,
Taco Bell,OH,Chillicothe,45601,-82.95563316597145,39.31022676032361,39.3393,-82.9939
Taco Bell,OH,Chillicothe,45601,-82.95563316597145,39.31022676032361,39.3393,-82.9939
Taco Bell,OH,Chillicothe,45601,-82.95563316597145,39.31022676032361,39.3393,-82.9939
Taco Bell,OH,Cincinnati,45251,-84.59385898477741,39.26813667581309,39.1413,-84.506
Taco Bell,OH,Cincinnati,45219,-84.51306475300957,39.12737984767111,39.1413,-84.506
Taco Bell,OH,Cincinnati,45249,-84.32799074672829,39.27548561428679,39.1413,-84.506
Taco Bell,OH,Cincinnati,45245,-84.27537511260921,39.06266869345224,39.1413,-84.506
Taco Bell,OH,Cincinnati,45203,-84.53349384523972,39.10433366673374,39.1413,-84.506
Taco Bell,OH,Cincinnati,45247,-84.65159158940911,39.22033235156671,39.1413,-84.506
Taco Bell,OH,Cincinnati,45239,-84.57989681762874,39.20448177161482,39.1413,-84.506
Taco Bell,OH,Cincinnati,45231,-84.53784754928694,39.24543329446262,39.1413,-84.506
Taco Bell,OH,Cincinnati,45238,-84.6111600308312,39.109179423517965,39.1413,-84.506
Taco Bell,OH,Cincinnati,45255,-84.32709761035449,39.058868158929855,39.1413,-84.506
Taco Bell,OH,Cincinnati,45246,-84.46690548041488,39.28963559360696,39.1413,-84.506
Taco Bell,OH,Cincinnati,45223,-84.54897443078349,39.17129185065709,39.1413,-84.506
Taco Bell,OH,Cincinnati,45248,-84.6625540987721,39.16431192434405,39.1413,-84.506
Taco Bell,OH,Cincinnati,45237,-84.45228779696997,39.19307910459281,39.1413,-84.506
Taco Bell,OH,Cincinnati,45236,-84.3973026530557,39.20981096679065,39.1413,-84.506
Taco Bell,OH,Cincinnati,45227,-84.3853975844912,39.1538937517952,39.1413,-84.506
Taco Bell,OH,Cincinnati,45240,-84.52889847860617,39.28516748500741,39.1413,-84.506
Taco Bell,OH,Cincinnati,45215,-84.46209460690754,39.235301627117195,39.1413,-84.506
Taco Bell,OH,Circleville,43113,-82.96317255816477,39.59092251214219,39.6063,-82.9334
Taco Bell,OH,Cleveland,44111,-81.78858866050885,41.458254359605476,41.4764,-81.6805
Taco Bell,OH,Cleveland,44121,-81.53213112365577,41.52649587226911,41.4764,-81.6805
Taco Bell,OH,Cleveland,44144,-81.74269261048802,41.437651077837884,41.4764,-81.6805
Taco Bell,OH,Cleveland,44111,-81.78858866050885,41.458254359605476,41.4764,-81.6805
Taco Bell,OH,Cleveland,44109,-81.69670958732968,41.44473557533538,41.4764,-81.6805
Taco Bell,OH,Cleveland,44128,-81.54021623485242,41.43758849332957,41.4764,-81.6805
Taco Bell,OH,Cleveland,44129,-81.73510130382068,41.38969889479277,41.4764,-81.6805
Taco Bell,OH,Cleveland,44107,-81.80176724381533,41.4846841629283,41.4764,-81.6805
Taco Bell,OH,Clyde,43410,-82.95955785834052,41.30699495467885,,
Taco Bell,OH,Columbiana,44408,-80.68652328839127,40.88615487988179,,
Taco Bell,OH,Columbus,43235,-83.05242043820421,40.102626573410376,39.9862,-82.9855
Taco Bell,OH,Columbus,43206,-82.9737170976891,39.94220854957383,39.9862,-82.9855
Taco Bell,OH,Columbus,43085,-83.015711221386,40.09988927003646,39.9862,-82.9855
Taco Bell,OH,Columbus,43213,-82.86743325072162,39.9689601319506,39.9862,-82.9855
Taco Bell,OH,Columbus,43228,-83.12595621169909,39.96475245197173,39.9862,-82.9855
Taco Bell,OH,Columbus,43214,-83.01974132062723,40.052140249952174,39.9862,-82.9855
Taco Bell,OH,Columbus,43235,-83.05242043820421,40.102626573410376,39.9862,-82.9855
Taco Bell,OH,Columbus,43220,-83.07125075495618,40.047885872647235,39.9862,-82.9855
Taco Bell,OH,Columbus,43219,-82.9211995950347,40.006510660303704,39.9862,-82.9855
Taco Bell,OH,Columbus,43207,-82.9629162143745,39.89584609332337,39.9862,-82.9855
Taco Bell,OH,Columbus,43224,-82.96626209881158,40.0427555788025,39.9862,-82.9855
Taco Bell,OH,Columbus,43235,-83.05242043820421,40.102626573410376,39.9862,-82.9855
Taco Bell,OH,Columbus,43202,-83.01413174240733,40.02142677177193,39.9862,-82.9855
Taco Bell,OH,Columbus,43232,-82.87016887398298,39.92219697028606,39.9862,-82.9855
Taco Bell,OH,Columbus,43229,-82.97603046733683,40.08585748127257,39.9862,-82.9855
Taco Bell,OH,Columbus,43209,-82.93009507877615,39.95389109256436,39.9862,-82.9855
Taco Bell,OH,Columbus,43204,-83.08158352342927,39.96132889360449,39.9862,-82.9855
Taco Bell,OH,Columbus,43229,-82.97603046733683,40.08585748127257,39.9862,-82.9855
Taco Bell,OH,Columbus,43222,-83.03520299008153,39.96116629984834,39.9862,-82.9855
Taco Bell,OH,Columbus,43228,-83.12595621169909,39.96475245197173,39.9862,-82.9855
Taco Bell,OH,Columbus,43240,-82.98172382476247,40.145420017609794,39.9862,-82.9855
Taco Bell,OH,Columbus,43223,-83.03507475267267,39.92833074847434,39.9862,-82.9855
Taco Bell,OH,Columbus,43212,-83.04167708862815,39.9870608586619,39.9862,-82.9855
Taco Bell,OH,Columbus,43228,-83.12595621169909,39.96475245197173,39.9862,-82.9855
Taco Bell,OH,Columbus,43201,-83.00045985850119,39.991329105358005,39.9862,-82.9855
Taco Bell,OH,Coshocton,43812,-81.88218330243161,40.27167512736811,40.2618,-81.848
Taco Bell,OH,Township,44319,-81.53157420530232,40.98304656928493,,
Taco Bell,OH,Falls,44223,-81.53126996333417,41.17126382695952,40.1686,-74.7915
Taco Bell,OH,Falls,44221,-81.47654146468699,41.13957505461616,40.1686,-74.7915
Taco Bell,OH,Falls,44221,-81.47654146468699,41.13957505461616,40.1686,-74.7915
Taco Bell,OH,Dayton,45405,-84.21586349113863,39.79238309455685,39.7805,-84.2003
Taco Bell,OH,Dayton,45449,-84.24131604925229,39.6646936426186,39.7805,-84.2003
Taco Bell,OH,Dayton,45424,-84.11121056485379,39.846724472438716,39.7805,-84.2003
Taco Bell,OH,Dayton,45414,-84.21242584976697,39.84253033338693,39.7805,-84.2003
Taco Bell,OH,Dayton,45409,-84.18751452638551,39.72435405450865,39.7805,-84.2003
Taco Bell,OH,Dayton,45431,-84.07953938041314,39.764518702017995,39.7805,-84.2003
Taco Bell,OH,Dayton,45439,-84.21863893562619,39.701027691407404,39.7805,-84.2003
Taco Bell,OH,Dayton,45426,-84.31472275147972,39.801796593605886,39.7805,-84.2003
Taco Bell,OH,Dayton,45420,-84.13057852826907,39.719510497364645,39.7805,-84.2003
Taco Bell,OH,Dayton,45404,-84.16170765181405,39.79055465165878,39.7805,-84.2003
Taco Bell,OH,Defiance,43512,-84.3580541235418,41.30271696071595,41.2813,-84.3657
Taco Bell,OH,Defiance,43512,-84.3580541235418,41.30271696071595,41.2813,-84.3657
Taco Bell,OH,Delaware,43015,-83.0606698045782,40.29678788311305,40.2851,-83.0741
Taco Bell,OH,Delphos,45833,-84.34920205756319,40.834041123542434,,
Taco Bell,OH,Dover,44622,-81.47895776614166,40.548693685687724,39.161,-75.5202
Taco Bell,OH,Dublin,43017,-83.13007941876235,40.116801632451015,37.7161,-121.8963
Taco Bell,OH,Cleveland,44112,-81.57370985453711,41.53564594390605,41.4764,-81.6805
Taco Bell,OH,Eaton,45320,-84.68810552358434,39.74913872980957,,
Taco Bell,OH,Elyria,44035,-82.12939163783044,41.36513021525693,41.376,-82.106
Taco Bell,OH,Elyria,44035,-82.12939163783044,41.36513021525693,41.376,-82.106
Taco Bell,OH,Elyria,44035,-82.12939163783044,41.36513021525693,41.376,-82.106
Taco Bell,OH,Elyria,44035,-82.12939163783044,41.36513021525693,41.376,-82.106
Taco Bell,OH,Englewood,45322,-84.32866426330256,39.897865660320484,39.6468,-104.9942
Taco Bell,OH,Euclid,44132,-81.49935251253886,41.60684731697021,41.5903,-81.5188
Taco Bell,OH,Fairborn,45324,-83.99404795337259,39.82278826628015,39.801,-84.0094
Taco Bell,OH,Fairborn,45324,-83.99404795337259,39.82278826628015,39.801,-84.0094
Taco Bell,OH,Fairborn,45324,-83.99404795337259,39.82278826628015,39.801,-84.0094
Taco Bell,OH,Fairfield,45014,-84.55128618104331,39.32804703550285,38.2583,-122.0335
Taco Bell,OH,Fairlawn,44333,-81.63284490795655,41.16191526977921,,
Taco Bell,OH,Findlay,45840,-83.65207950843845,41.02537114401174,41.0469,-83.6379
Taco Bell,OH,Findlay,45840,-83.65207950843845,41.02537114401174,41.0469,-83.6379
Taco Bell,OH,Findlay,45840,-83.65207950843845,41.02537114401174,41.0469,-83.6379
Taco Bell,OH,Fostoria,44830,-83.39992158464108,41.167056211063255,41.16,-83.4121
Taco Bell,OH,Fremont,43420,-83.11101965564941,41.358620755587665,37.5265,-121.9843
Taco Bell,OH,Fremont,43420,-83.11101965564941,41.358620755587665,37.5265,-121.9843
Taco Bell,OH,Gahanna,43230,-82.8698474284068,40.0356183704786,40.0251,-82.8637
Taco Bell,OH,Gahanna,43230,-82.8698474284068,40.0356183704786,40.0251,-82.8637
Taco Bell,OH,Galion,44833,-82.79417218354831,40.71065583747957,40.7385,-82.7792
Taco Bell,OH,Gallipolis,45631,-82.25548348403177,38.81775839697492,,
Taco Bell,OH,Heights,44125,-81.61510904316074,41.40691750441902,,
Taco Bell,OH,Garrettsville,44231,-81.07238024969716,41.30653113235862,,
Taco Bell,OH,Genoa,43430,-83.37010755877975,41.5246373162386,,
Taco Bell,OH,Georgetown,45121,-83.90369597822057,38.870008138804884,30.666,-97.6966
Taco Bell,OH,Germantown,45327,-84.39985126095713,39.63252026300224,39.1755,-77.2643
Taco Bell,OH,Grafton,44044,-82.04026992143008,41.266750393557444,42.2085,-71.6838
Taco Bell,OH,Greenfield,45123,-83.3858342070772,39.35021796830788,42.9619,-88.0052
Taco Bell,OH,Greenville,45331,-84.6462609577417,40.09787024839546,34.8354,-82.3646
Taco Bell,OH,City,43123,-83.11982441339953,39.86853204960402,,
Taco Bell,OH,City,43123,-83.11982441339953,39.86853204960402,,
Taco Bell,OH,City,43123,-83.11982441339953,39.86853204960402,,
Taco Bell,OH,Hamilton,45011,-84.50250513531489,39.42965035604741,40.2046,-74.6765
Taco Bell,OH,Hamilton,45013,-84.64866544356526,39.407708890989376,40.2046,-74.6765
Taco Bell,OH,Hamilton,45013,-84.64866544356526,39.407708890989376,40.2046,-74.6765
Taco Bell,OH,Harrison,45030,-84.76084879451344,39.25707005113437,41.0236,-73.7193
Taco Bell,OH,Hartville,44632,-81.30666784064059,40.96381442021529,,
Taco Bell,OH,Heath,43056,-82.33514928062515,40.01136150713318,40.0241,-82.4413
Taco Bell,OH,Hilliard,43026,-83.18553343074642,40.02274704411486,40.0353,-83.1578
Taco Bell,OH,Hilliard,43026,-83.18553343074642,40.02274704411486,40.0353,-83.1578
Taco Bell,OH,Hillsboro,45133,-83.5760598547941,39.15725283667019,45.5273,-122.936
Taco Bell,OH,Holland,43528,-83.74895841182155,41.628599082818845,42.7677,-86.0984
Taco Bell,OH,Hubbard,44425,-80.57379977969488,41.17052779802188,,
Taco Bell,OH,Heights,45424,-84.11121056485379,39.846724472438716,,
Taco Bell,OH,Heights,45424,-84.11121056485379,39.846724472438716,,
Taco Bell,OH,Heights,45424,-84.11121056485379,39.846724472438716,,
Taco Bell,OH,Ironton,45638,-82.67797111591433,38.561885240868605,38.5323,-82.6779
Taco Bell,OH,Jackson,45640,-82.65361819454893,39.02198244316485,32.3157,-90.2125
Taco Bell,OH,Jeffersonville,43128,-83.57751136584123,39.66413046796004,38.3376,-85.7026
Taco Bell,OH,Kent,44240,-81.3415112643129,41.1330360931645,47.3887,-122.2128
Taco Bell,OH,Kent,44240,-81.3415112643129,41.1330360931645,47.3887,-122.2128
Taco Bell,OH,Kenton,43326,-83.61503155274711,40.639313638401354,,
Taco Bell,OH,Kettering,45420,-84.13057852826907,39.719510497364645,39.6956,-84.1494
Taco Bell,OH,Lakewood,44107,-81.80176724381533,41.4846841629283,39.6977,-105.1172
Taco Bell,OH,Lancaster,43130,-82.6104880533609,39.698824178899315,40.042,-76.3012
Taco Bell,OH,Lancaster,43130,-82.6104880533609,39.698824178899315,40.042,-76.3012
Taco Bell,OH,Lebanon,45036,-84.22019304181262,39.44444542834261,40.3412,-76.4228
Taco Bell,OH,Township,45044,-84.3822717643133,39.45003708168987,,
Taco Bell,OH,Township,45011,-84.50250513531489,39.42965035604741,,
Taco Bell,OH,Lima,45805,-84.16464082084461,40.728727499637124,40.741,-84.112
Taco Bell,OH,Lima,45804,-84.06626580261205,40.71464362585696,40.741,-84.112
Taco Bell,OH,Lima,45805,-84.16464082084461,40.728727499637124,40.741,-84.112
Taco Bell,OH,Lima,45801,-84.03698435608875,40.775569603862664,40.741,-84.112
Taco Bell,OH,Lisbon,44432,-80.75815091881097,40.75010634170782,44.0265,-70.09
Taco Bell,OH,Logan,43138,-82.41101005076857,39.5220010621945,41.7399,-111.8422
Taco Bell,OH,London,43140,-83.42997485733696,39.88298979258979,39.8935,-83.4375
Taco Bell,OH,Lorain,44053,-82.22476111946442,41.42636492368046,41.4409,-82.184
Taco Bell,OH,Lorain,44052,-82.16304352993377,41.456999493116626,41.4409,-82.184
Taco Bell,OH,Loudonville,44842,-82.22497454749511,40.6514258518399,42.7068,-73.7665
Taco Bell,OH,Louisville,44641,-81.24172421730448,40.86582134561034,38.1663,-85.6485
Taco Bell,OH,Loveland,45140,-84.24166161718969,39.25759035016878,40.4166,-105.0623
Taco Bell,OH,Lucasville,45648,-83.01514181473885,38.92059992399014,,
Taco Bell,OH,Macedonia,44056,-81.49828014214255,41.31495762203813,41.3147,-81.4989
Taco Bell,OH,Maineville,45039,-84.23938767996096,39.32791082249719,,
Taco Bell,OH,Mansfield,44906,-82.57698411364146,40.76578001851357,40.7656,-82.5275
Taco Bell,OH,Mansfield,44903,-82.52737788727494,40.77603151892708,40.7656,-82.5275
Taco Bell,OH,Mansfield,44905,-82.46821797657928,40.77748771217836,40.7656,-82.5275
Taco Bell,OH,Mansfield,44907,-82.52136765711401,40.727242511847386,40.7656,-82.5275
Taco Bell,OH,Heights,44137,-81.56252350279395,41.40929546481863,,
Taco Bell,OH,Marengo,43334,-82.8041717352142,40.4004922517043,,
Taco Bell,OH,Marietta,45750,-81.42221281618158,39.43131954993921,33.9533,-84.5422
Taco Bell,OH,Marion,43302,-83.12957665776348,40.59969333850098,42.0451,-91.585
Taco Bell,OH,Marion,43302,-83.12957665776348,40.59969333850098,42.0451,-91.585
Taco Bell,OH,Marion,43302,-83.12957665776348,40.59969333850098,42.0451,-91.585
Taco Bell,OH,Marysville,43040,-83.35956559514261,40.26096556073446,48.0809,-122.1561
Taco Bell,OH,Marysville,43040,-83.35956559514261,40.26096556073446,48.0809,-122.1561
Taco Bell,OH,Mason,45040,-84.31256539471362,39.35198798959556,39.3571,-84.3023
Taco Bell,OH,Massillon,44646,-81.49840206163748,40.81250065988998,40.7838,-81.5254
Taco Bell,OH,Massillon,44646,-81.49840206163748,40.81250065988998,40.7838,-81.5254
Taco Bell,OH,Massillon,44646,-81.49840206163748,40.81250065988998,40.7838,-81.5254
Taco Bell,OH,Maumee,43537,-83.68551752524564,41.57466168209989,41.5696,-83.6636
Taco Bell,OH,Heights,44124,-81.46675752855204,41.50053647822447,,
Taco Bell,OH,Medina,44256,-81.85900372418045,41.14011658157078,41.1358,-81.8695
Taco Bell,OH,Medina,44256,-81.85900372418045,41.14011658157078,41.1358,-81.8695
Taco Bell,OH,Medina,44256,-81.85900372418045,41.14011658157078,41.1358,-81.8695
Taco Bell,OH,Mentor,44060,-81.32851302238754,41.67795841391352,41.6893,-81.3362
Taco Bell,OH,Mentor,44060,-81.32851302238754,41.67795841391352,41.6893,-81.3362
Taco Bell,OH,Mentor,44060,-81.32851302238754,41.67795841391352,41.6893,-81.3362
Taco Bell,OH,Mentor,44060,-81.32851302238754,41.67795841391352,41.6893,-81.3362
Taco Bell,OH,Miamisburg,45342,-84.27635136270175,39.629831034498814,39.6322,-84.2724
Taco Bell,OH,Heights,44130,-81.78676218573507,41.37784712016835,,
Taco Bell,OH,Middlefield,44062,-81.02600204256797,41.4576485846638,,
Taco Bell,OH,Middletown,45044,-84.3822717643133,39.45003708168987,39.5033,-84.3659
Taco Bell,OH,Middletown,45042,-84.43788447676577,39.54880443546487,39.5033,-84.3659
Taco Bell,OH,Milford,45150,-84.2329907125925,39.16570558003845,42.1565,-71.5188
Taco Bell,OH,Milford,45150,-84.2329907125925,39.16570558003845,42.1565,-71.5188
Taco Bell,OH,Millersburg,44654,-81.87081339435713,40.53910833884919,,
Taco Bell,OH,Minerva,44657,-81.093079945575,40.741166108232726,,
Taco Bell,OH,Monroe,45050,-84.35918787994467,39.44535479586418,32.5185,-92.0774
Taco Bell,OH,Gilead,43338,-82.7594642981651,40.56049934447672,,
Taco Bell,OH,Orab,45154,-83.91926361216572,39.05949223563537,,
Taco Bell,OH,Vernon,43050,-82.49555830388856,40.3722970979348,41.1973,-74.4857
Taco Bell,OH,Vernon,43050,-82.49555830388856,40.3722970979348,41.1973,-74.4857
Taco Bell,OH,Napoleon,43545,-84.1274672852294,41.39128114314973,41.3977,-84.1244
Taco Bell,OH,Albany,43054,-82.80352019515158,40.08086617534629,42.6664,-73.7987
Taco Bell,OH,Albany,43054,-82.80352019515158,40.08086617534629,42.6664,-73.7987
Taco Bell,OH,Boston,45662,-82.92042652803137,38.787755708251865,42.3188,-71.0852
Taco Bell,OH,Bremen,45869,-84.39714464259283,40.4565859942382,,
Taco Bell,OH,Lebanon,45345,-84.40745588641104,39.737871831417216,40.3412,-76.4228
Taco Bell,OH,Lexington,43764,-82.1914611865818,39.710674442655886,38.0423,-84.4587
Taco Bell,OH,Philadelphia,44663,-81.45208217085559,40.46046093235721,40.0077,-75.1339
Taco Bell,OH,Richmond,45157,-84.23014435853283,38.956524714855945,37.5295,-77.4756
Taco Bell,OH,Newark,43055,-82.37652092891419,40.11782992696542,40.7245,-74.1725
Taco Bell,OH,Newark,43055,-82.37652092891419,40.11782992696542,40.7245,-74.1725
Taco Bell,OH,Newcomerstown,43832,-81.58243424825584,40.27477494184708,,
Taco Bell,OH,Falls,44444,-80.97524124104321,41.173445748217006,40.1686,-74.7915
Taco Bell,OH,Niles,44446,-80.74961576380711,41.1899658835833,42.0278,-87.8099
Taco Bell,OH,Baltimore,45872,-83.68574283153046,41.188700996894255,39.3051,-76.6144
Taco Bell,OH,Canton,44720,-81.43167605986956,40.90139210410198,40.8078,-81.3676
Taco Bell,OH,Canton,44720,-81.43167605986956,40.90139210410198,40.8078,-81.3676
Taco Bell,OH,Madison,44057,-81.05828935604337,41.76781594473426,43.0822,-89.393
Taco Bell,OH,Olmsted,44070,-81.91893450974896,41.41503286610285,,
Taco Bell,OH,Randall,44128,-81.54021623485242,41.43758849332957,,
Taco Bell,OH,Ridgeville,44039,-82.01962699796829,41.384771721296985,,
Taco Bell,OH,Royalton,44133,-81.74533914732147,41.31410453625696,,
Taco Bell,OH,Northwood,43619,-83.47223943734795,41.6044777124391,,
Taco Bell,OH,Norwalk,44857,-82.5824197502956,41.21849818257698,33.9069,-118.0829
Taco Bell,OH,Norwood,45212,-84.45222301168454,39.16416693755733,42.1861,-71.1948
Taco Bell,OH,Harbor,43449,-83.1434668305485,41.536182432634426,,
Taco Bell,OH,Obetz,43207,-82.9629162143745,39.89584609332337,,
Taco Bell,OH,Ontario,44906,-82.57698411364146,40.76578001851357,34.0393,-117.6064
Taco Bell,OH,Oregon,43616,-83.4084478682516,41.659547164987536,41.6524,-83.4321
Taco Bell,OH,Orrville,44667,-81.76595308795093,40.83345809860046,,
Taco Bell,OH,Ottawa,45875,-84.06170927080733,41.02205137827422,41.3555,-88.8261
Taco Bell,OH,Oxford,45056,-84.74366098694394,39.49068001455256,34.3627,-89.5336
Taco Bell,OH,Painesville,44077,-81.2107497594273,41.699410484023964,41.724,-81.2536
Taco Bell,OH,Painesville,44077,-81.2107497594273,41.699410484023964,41.724,-81.2536
Taco Bell,OH,Parma,44134,-81.70445099004634,41.38529637889977,41.3843,-81.7286
Taco Bell,OH,Parma,44134,-81.70445099004634,41.38529637889977,41.3843,-81.7286
Taco Bell,OH,Parma,44129,-81.73510130382068,41.38969889479277,41.3843,-81.7286
Taco Bell,OH,Heights,44130,-81.78676218573507,41.37784712016835,,
Taco Bell,OH,Pataskala,43062,-82.68281237962049,40.007549996619694,40.011,-82.7155
Taco Bell,OH,Paulding,45879,-84.56156758390834,41.12847781984086,,
Taco Bell,OH,Perrysburg,43551,-83.57127549826319,41.52151885421042,41.5377,-83.6413
Taco Bell,OH,Perrysburg,43551,-83.57127549826319,41.52151885421042,41.5377,-83.6413
Taco Bell,OH,Perrysburg,43551,-83.57127549826319,41.52151885421042,41.5377,-83.6413
Taco Bell,OH,Pickerington,43147,-82.74212287596671,39.89924309064897,39.889,-82.7678
Taco Bell,OH,Piketon,45661,-83.10694170628715,39.042203944458365,,
Taco Bell,OH,Piqua,45356,-84.23152720267781,40.16089764922781,40.1506,-84.2441
Taco Bell,OH,Piqua,45356,-84.23152720267781,40.16089764922781,40.1506,-84.2441
Taco Bell,OH,City,43064,-83.2877668851533,40.098076518324326,,
Taco Bell,OH,Pomeroy,45769,-82.04824068656816,39.10644721769196,,
Taco Bell,OH,Clinton,43452,-82.9668031301661,41.51517615768498,38.7499,-76.9063
Taco Bell,OH,Portsmouth,45662,-82.92042652803137,38.787755708251865,36.8468,-76.354
Taco Bell,OH,Portsmouth,45662,-82.92042652803137,38.787755708251865,36.8468,-76.354
Taco Bell,OH,Powell,43065,-83.09362638731677,40.17761258748528,40.1689,-83.0829
Taco Bell,OH,Proctorville,45669,-82.35532214649244,38.494326726311336,,
Taco Bell,OH,Ravenna,44266,-81.20257019053781,41.16674290690122,41.1612,-81.2422
Taco Bell,OH,Ravenna,44266,-81.20257019053781,41.16674290690122,41.1612,-81.2422
Taco Bell,OH,Reynoldsburg,43068,-82.78504962496625,39.95635791634798,39.9588,-82.7943
Taco Bell,OH,Reynoldsburg,43068,-82.78504962496625,39.95635791634798,39.9588,-82.7943
Taco Bell,OH,Grande,45674,-82.37322197095654,38.88166495261779,,
Taco Bell,OH,River,44116,-81.85331212094772,41.47297308621282,,
Taco Bell,OH,Point,43348,-83.88698350205293,40.46747536374263,,
Taco Bell,OH,Clairsville,43950,-80.92586065701056,40.09621024402773,,
Taco Bell,OH,Marys,45885,-84.38854007550314,40.57145846501113,,
Taco Bell,OH,Salem,44460,-80.87055235991963,40.89918953648668,44.9233,-123.0244
Taco Bell,OH,Sandusky,44870,-82.74431092131597,41.42536890549623,41.4468,-82.7024
Taco Bell,OH,Sandusky,44870,-82.74431092131597,41.42536890549623,41.4468,-82.7024
Taco Bell,OH,Sharonville,45241,-84.40192261705828,39.27709816041408,39.2825,-84.4071
Taco Bell,OH,Village,44035,-82.12939163783044,41.36513021525693,,
Taco Bell,OH,Shelby,44875,-82.65268203580457,40.8881277438618,35.2904,-81.5451
Taco Bell,OH,Sidney,45365,-84.15956296541484,40.2842362482168,40.2891,-84.1667
Taco Bell,OH,Solon,44139,-81.44440246598978,41.38326927795238,41.3865,-81.44
Taco Bell,OH,Somerset,43783,-82.28406292446809,39.804204709828724,40.5083,-74.501
Taco Bell,OH,Bloomfield,43103,-82.93544728899319,39.72570205286103,40.8098,-74.1869
Taco Bell,OH,Point,45680,-82.54517106799142,38.45483306933618,,
Taco Bell,OH,Springboro,45066,-84.22319064681541,39.54899034559003,39.5615,-84.2348
Taco Bell,OH,Springfield,45503,-83.77233620022817,39.9601303444382,42.1155,-72.5395
Taco Bell,OH,Springfield,45505,-83.76288043302793,39.906889729715964,42.1155,-72.5395
Taco Bell,OH,Springfield,45504,-83.86589224845399,39.94926465914448,42.1155,-72.5395
Taco Bell,OH,Springfield,45503,-83.77233620022817,39.9601303444382,42.1155,-72.5395
Taco Bell,OH,Springfield,45504,-83.86589224845399,39.94926465914448,42.1155,-72.5395
Taco Bell,OH,Steubenville,43952,-80.66159303119605,40.3980250435812,40.3653,-80.6519
Taco Bell,OH,Stow,44224,-81.43882939544152,41.17669388295073,41.1765,-81.4344
Taco Bell,OH,Strasburg,44680,-81.54250349003559,40.60258950541479,,
Taco Bell,OH,Streetsboro,44241,-81.34721444887852,41.239407177761024,41.2396,-81.3456
Taco Bell,OH,Strongsville,44136,-81.81105209575026,41.31184118104007,41.3128,-81.8313
Taco Bell,OH,Sunbury,43074,-82.84957134422872,40.2783304042131,40.8616,-76.7871
Taco Bell,OH,Sunbury,43074,-82.84957134422872,40.2783304042131,40.8616,-76.7871
Taco Bell,OH,Swanton,43558,-83.87836307601418,41.59283581480969,,
Taco Bell,OH,Sylvania,43560,-83.73803804405433,41.701080585600465,41.71,-83.7092
Taco Bell,OH,Tallmadge,44278,-81.42163443796545,41.10152590126143,41.1023,-81.4216
Taco Bell,OH,City,45371,-84.1625316985869,39.940347186100325,,
Taco Bell,OH,Toledo,43605,-83.50666103353895,41.648269518033246,41.6638,-83.5827
Taco Bell,OH,Toledo,43617,-83.72826369700401,41.66463336626493,41.6638,-83.5827
Taco Bell,OH,Toledo,43612,-83.54862737041503,41.70945257185258,41.6638,-83.5827
Taco Bell,OH,Toledo,43613,-83.60373105103521,41.706247878956745,41.6638,-83.5827
Taco Bell,OH,Toledo,43623,-83.65143132678227,41.704120179591186,41.6638,-83.5827
Taco Bell,OH,Toledo,43606,-83.61085004289909,41.67172276082622,41.6638,-83.5827
Taco Bell,OH,Toledo,43607,-83.60614400257639,41.64750806830351,41.6638,-83.5827
Taco Bell,OH,Toledo,43623,-83.65143132678227,41.704120179591186,41.6638,-83.5827
Taco Bell,OH,Toledo,43615,-83.67315911832966,41.65077763853477,41.6638,-83.5827
Taco Bell,OH,Toledo,43609,-83.58044060575385,41.62707090971012,41.6638,-83.5827
Taco Bell,OH,Toledo,43609,-83.58044060575385,41.62707090971012,41.6638,-83.5827
Taco Bell,OH,Toledo,43612,-83.54862737041503,41.70945257185258,41.6638,-83.5827
Taco Bell,OH,Toledo,43612,-83.54862737041503,41.70945257185258,41.6638,-83.5827
Taco Bell,OH,Toledo,43613,-83.60373105103521,41.706247878956745,41.6638,-83.5827
Taco Bell,OH,Trenton,45067,-84.47869830477902,39.487836630404054,40.2237,-74.7641
Taco Bell,OH,Troy,45373,-84.19474804596042,40.032169700272945,42.5817,-83.1457
Taco Bell,OH,Twinsburg,44087,-81.44015048030577,41.317968675262335,41.322,-81.4451
Taco Bell,OH,Uhrichsville,44683,-81.32315665447898,40.35284316501132,,
Taco Bell,OH,Uniontown,44685,-81.42411094020827,40.959906073101315,39.8993,-79.7246
Taco Bell,OH,Sandusky,43351,-83.30375311192745,40.82494595837252,41.4468,-82.7024
Taco Bell,OH,Urbana,43078,-83.77635640299577,40.11280872812005,40.1107,-88.1973
Taco Bell,OH,Wert,45891,-84.57437200828728,40.87504739772242,,
Taco Bell,OH,Vandalia,45377,-84.22334698529455,39.896452202523086,39.8791,-84.193
Taco Bell,OH,Vermilion,44089,-82.36906818521571,41.39051939850285,41.4103,-82.3214
Taco Bell,OH,Wadsworth,44281,-81.73834046095665,41.05856599973876,41.0279,-81.7323
Taco Bell,OH,Wapakoneta,45895,-84.151766079652,40.57018002102844,40.5664,-84.1916
Taco Bell,OH,Warren,44483,-80.81573686458547,41.2654151287289,42.4934,-83.027
Taco Bell,OH,Warren,44483,-80.81573686458547,41.2654151287289,42.4934,-83.027
Taco Bell,OH,Warren,44483,-80.81573686458547,41.2654151287289,42.4934,-83.027
Taco Bell,OH,Warren,44484,-80.74905400610938,41.2351865432068,42.4934,-83.027
Taco Bell,OH,House,43160,-83.44268432864584,39.526536083028745,,
Taco Bell,OH,House,43160,-83.44268432864584,39.526536083028745,,
Taco Bell,OH,Waterville,43566,-83.75866565617333,41.49587065991187,44.5441,-69.6624
Taco Bell,OH,Wauseon,43567,-84.15407445474257,41.57568904430086,,
Taco Bell,OH,Wellington,44090,-82.22956045095899,41.16741185508719,26.6461,-80.2699
Taco Bell,OH,Wellston,45692,-82.54058625307076,39.11455305609531,,
Taco Bell,OH,Carrollton,45449,-84.24131604925229,39.6646936426186,32.989,-96.8999
Taco Bell,OH,Chester,45069,-84.4114143692492,39.34239642241725,39.8456,-75.3718
Taco Bell,OH,Chester,45069,-84.4114143692492,39.34239642241725,39.8456,-75.3718
Taco Bell,OH,Union,45693,-83.53669704401909,38.81008647305112,40.6953,-74.2697
Taco Bell,OH,Westerville,43081,-82.89132711128967,40.110658216948266,40.1241,-82.921
Taco Bell,OH,Westerville,43081,-82.89132711128967,40.110658216948266,40.1241,-82.921
Taco Bell,OH,Westlake,44145,-81.92947618107094,41.45242625562127,41.4524,-81.9294
Taco Bell,OH,Wheelersburg,45694,-82.78219175389499,38.747305490685605,,
Taco Bell,OH,Whitehall,43213,-82.86743325072162,39.9689601319506,40.6571,-75.5046
Taco Bell,OH,Willard,44890,-82.71563212167129,41.08114277902354,,
Taco Bell,OH,Willoughby,44094,-81.37989306581122,41.60998878986257,41.6459,-81.4084
Taco Bell,OH,Wilmington,45177,-83.83714767725601,39.46011477863748,34.2099,-77.8866
Taco Bell,OH,Wintersville,43953,-80.70776321083237,40.358102302098594,,
Taco Bell,OH,Woodsfield,43793,-81.09987507641904,39.743309173521304,,
Taco Bell,OH,Wooster,44691,-81.979541620161,40.805717895576436,40.8172,-81.9336
Taco Bell,OH,Wooster,44691,-81.979541620161,40.805717895576436,40.8172,-81.9336
Taco Bell,OH,Xenia,45385,-83.91314174239227,39.669797886067514,39.6829,-83.9413
Taco Bell,OH,Youngstown,44512,-80.66774082139025,41.024996649843764,41.0993,-80.6463
Taco Bell,OH,Youngstown,44514,-80.6080965682666,40.998926913268114,41.0993,-80.6463
Taco Bell,OH,Youngstown,44515,-80.76377555890434,41.101247936802615,41.0993,-80.6463
Taco Bell,OH,Youngstown,44512,-80.66774082139025,41.024996649843764,41.0993,-80.6463
Taco Bell,OH,Youngstown,44514,-80.6080965682666,40.998926913268114,41.0993,-80.6463
Taco Bell,OH,Youngstown,44502,-80.64249927649153,41.08450714497995,41.0993,-80.6463
Taco Bell,OH,Youngstown,44507,-80.65526613606433,41.07425699353664,41.0993,-80.6463
Taco Bell,OH,Youngstown,44505,-80.61956850099854,41.127966467302,41.0993,-80.6463
Taco Bell,OH,Zanesville,43701,-81.99400095939983,39.96006016500661,39.9565,-82.0132
Taco Bell,OH,Zanesville,43701,-81.99400095939983,39.96006016500661,39.9565,-82.0132
Taco Bell,OH,Zanesville,43701,-81.99400095939983,39.96006016500661,39.9565,-82.0132
Taco Bell,OK,Ada,74820,-96.71080234819676,34.78901750578516,34.7662,-96.6681
Taco Bell,OK,Altus,73521,-99.31552831729253,34.640108386349326,34.6565,-99.3061
Taco Bell,OK,Anadarko,73005,-98.23818096650902,35.05783297159282,,
Taco Bell,OK,Ardmore,73401,-97.11481522356962,34.20307150015802,34.1949,-97.1256
Taco Bell,OK,Ardmore,73401,-97.11481522356962,34.20307150015802,34.1949,-97.1256
Taco Bell,OK,Atoka,74525,-96.06885335989381,34.335089090945374,35.4239,-89.7861
Taco Bell,OK,Bartlesville,74006,-95.89222604489602,36.714312223879354,36.7365,-95.9456
Taco Bell,OK,Bixby,74008,-95.87251810361953,35.92458812660893,35.9454,-95.8776
Taco Bell,OK,Blanchard,73010,-97.67844282632818,35.10620849254407,35.1524,-97.6602
Taco Bell,OK,Bristow,74010,-96.36493784246302,35.81444729446765,,
Taco Bell,OK,Arrow,74012,-95.80493963022589,36.053609754846924,,
Taco Bell,OK,Arrow,74012,-95.80493963022589,36.053609754846924,,
Taco Bell,OK,Arrow,74012,-95.80493963022589,36.053609754846924,,
Taco Bell,OK,Arrow,74014,-95.6751504837711,36.05997094783971,,
Taco Bell,OK,Arrow,74011,-95.80942830198869,35.98163632649867,,
Taco Bell,OK,Catoosa,74015,-95.70744983479685,36.18232403651238,,
Taco Bell,OK,Chandler,74834,-96.88246814703189,35.70138583251763,33.2825,-111.8514
Taco Bell,OK,Checotah,74426,-95.5289142443488,35.449921400323994,,
Taco Bell,OK,Chickasha,73018,-97.94096438655004,35.05123048157376,35.0409,-97.9474
Taco Bell,OK,Choctaw,73020,-97.26216458484575,35.45870893878541,35.4802,-97.2666
Taco Bell,OK,Claremore,74017,-95.58349053777177,36.39318451929917,36.3146,-95.6095
Taco Bell,OK,Cushing,74023,-96.74971457966403,35.958023225147386,,
Taco Bell,OK,City,73115,-97.44152676037385,35.442340850953535,,
Taco Bell,OK,Duncan,73533,-97.8543130724241,34.497735504122836,34.5408,-97.9215
Taco Bell,OK,Durant,74701,-96.37811557164329,34.00731082501578,33.9949,-96.3923
Taco Bell,OK,Edmond,73013,-97.48115844501234,35.619464118943725,35.6689,-97.416
Taco Bell,OK,Edmond,73003,-97.4971735900363,35.668978194173505,35.6689,-97.416
Taco Bell,OK,Edmond,73034,-97.42549721144553,35.70188828103491,35.6689,-97.416
Taco Bell,OK,Edmond,73034,-97.42549721144553,35.70188828103491,35.6689,-97.416
Taco Bell,OK,Edmond,73003,-97.4971735900363,35.668978194173505,35.6689,-97.416
Taco Bell,OK,Edmond,73012,-97.59363078862532,35.66750816403764,35.6689,-97.416
Taco Bell,OK,Edmond,73034,-97.42549721144553,35.70188828103491,35.6689,-97.416
Taco Bell,OK,Reno,73036,-97.95959203468162,35.50997638116762,39.5497,-119.8483
Taco Bell,OK,City,73644,-99.43893546081613,35.418518805758055,,
Taco Bell,OK,Enid,73701,-97.78617235566618,36.42778730665724,36.4063,-97.87
Taco Bell,OK,Sill,73503,-98.49714175823206,34.6786177106546,,
Taco Bell,OK,Glenpool,74033,-96.00751888495846,35.94589978581385,35.9488,-96.0052
Taco Bell,OK,Grove,74344,-94.73849120858999,36.59728499082321,,
Taco Bell,OK,Guthrie,73044,-97.42483090857367,35.863254773192885,35.8424,-97.4366
Taco Bell,OK,Guymon,73942,-101.51134144989655,36.74517543815162,36.6903,-101.4774
Taco Bell,OK,Henryetta,74437,-95.92802193459434,35.45453884047587,,
Taco Bell,OK,Hugo,74743,-95.49415543372658,34.00824591450534,45.1671,-92.9588
Taco Bell,OK,Idabel,74745,-94.81154007180879,33.86500424434529,,
Taco Bell,OK,Jay,74346,-94.750429484205,36.43791703056909,,
Taco Bell,OK,Jenks,74037,-95.9782823781704,36.001895344461595,35.9981,-95.9736
Taco Bell,OK,Kingfisher,73750,-97.95229650018155,35.85546820052814,,
Taco Bell,OK,Lawton,73505,-98.47856859519295,34.57886892806742,34.6175,-98.4202
Taco Bell,OK,Lawton,73505,-98.47856859519295,34.57886892806742,34.6175,-98.4202
Taco Bell,OK,Lawton,73505,-98.47856859519295,34.57886892806742,34.6175,-98.4202
Taco Bell,OK,Lawton,73505,-98.47856859519295,34.57886892806742,34.6175,-98.4202
Taco Bell,OK,Madill,73446,-96.77799962045437,34.08958207007994,,
Taco Bell,OK,McAlester,74501,-95.79550355286065,34.98237578130996,34.9257,-95.7734
Taco Bell,OK,Miami,74354,-94.88270252463161,36.88589258696197,25.784,-80.2101
Taco Bell,OK,City,73110,-97.39764187423624,35.46118276970388,,
Taco Bell,OK,City,73130,-97.34558724404384,35.458653363503636,,
Taco Bell,OK,City,73110,-97.39764187423624,35.46118276970388,,
Taco Bell,OK,Moore,73160,-97.4754256859912,35.33208666105988,35.3293,-97.4757
Taco Bell,OK,Moore,73160,-97.4754256859912,35.33208666105988,35.3293,-97.4757
Taco Bell,OK,Muskogee,74403,-95.30676205096353,35.671635262696846,35.7432,-95.3567
Taco Bell,OK,Muskogee,74401,-95.46533539451109,35.721824089685775,35.7432,-95.3567
Taco Bell,OK,Mustang,73064,-97.74554654044442,35.37518532167476,35.3917,-97.7246
Taco Bell,OK,Newcastle,73065,-97.61208609970075,35.25212218742556,47.5304,-122.1633
Taco Bell,OK,Norman,73071,-97.41141192086222,35.23901001770939,35.2335,-97.3471
Taco Bell,OK,Norman,73069,-97.46290887683652,35.24963373994206,35.2335,-97.3471
Taco Bell,OK,Norman,73071,-97.41141192086222,35.23901001770939,35.2335,-97.3471
Taco Bell,OK,Norman,73071,-97.41141192086222,35.23901001770939,35.2335,-97.3471
Taco Bell,OK,Norman,73069,-97.46290887683652,35.24963373994206,35.2335,-97.3471
Taco Bell,OK,City,73103,-97.51890880685589,35.48907349389408,,
Taco Bell,OK,City,73159,-97.57679037287659,35.390102676207086,,
Taco Bell,OK,City,73116,-97.56416275470832,35.54633324941137,,
Taco Bell,OK,City,73122,-97.61433006826425,35.51987272718762,,
Taco Bell,OK,City,73142,-97.6424534859567,35.61374078520393,,
Taco Bell,OK,City,73118,-97.52952920210149,35.51831150872357,,
Taco Bell,OK,City,73141,-97.39777168761763,35.51693635936204,,
Taco Bell,OK,City,73129,-97.4842823830966,35.43148071954298,,
Taco Bell,OK,City,73128,-97.64343677852546,35.45034130826769,,
Taco Bell,OK,City,73159,-97.57679037287659,35.390102676207086,,
Taco Bell,OK,City,73162,-97.64144359804652,35.58110802033377,,
Taco Bell,OK,City,73139,-97.52559188326688,35.38473402070028,,
Taco Bell,OK,City,73162,-97.64144359804652,35.58110802033377,,
Taco Bell,OK,City,73119,-97.56612641562383,35.422006746482076,,
Taco Bell,OK,City,73134,-97.568313820879,35.61421629517573,,
Taco Bell,OK,City,73120,-97.57223398111907,35.58042325977824,,
Taco Bell,OK,City,73128,-97.64343677852546,35.45034130826769,,
Taco Bell,OK,City,73106,-97.53681133631991,35.48197382688737,,
Taco Bell,OK,City,73107,-97.57560242805312,35.48159937618976,,
Taco Bell,OK,Okmulgee,74447,-96.00319074125858,35.651234917783086,35.6134,-96.0068
Taco Bell,OK,Owasso,74055,-95.81893692300567,36.27844329618081,36.2878,-95.8311
Taco Bell,OK,Owasso,74055,-95.81893692300567,36.27844329618081,36.2878,-95.8311
Taco Bell,OK,Valley,73075,-97.23350112053531,34.75159058797004,32.8088,-85.181
Taco Bell,OK,City,74601,-97.14622324211894,36.70063965297706,,
Taco Bell,OK,Poteau,74953,-94.60702466984367,35.04466666947253,35.0282,-94.6346
Taco Bell,OK,Pryor,74361,-95.30664506332539,36.30293998566326,,
Taco Bell,OK,Purcell,73080,-97.46232748051068,35.00656652937302,,
Taco Bell,OK,Roland,74954,-94.49708249948715,35.426687171794875,,
Taco Bell,OK,Sallisaw,74955,-94.7566193751842,35.49390379532663,35.4606,-94.8072
Taco Bell,OK,Sallisaw,74955,-94.7566193751842,35.49390379532663,35.4606,-94.8072
Taco Bell,OK,Sapulpa,74066,-96.16465371523901,35.99282786113198,36.0091,-96.1003
Taco Bell,OK,Sayre,73662,-99.67524491959155,35.2986236648762,,
Taco Bell,OK,Seminole,74868,-96.64620215667354,35.26719614285049,27.8435,-82.784
Taco Bell,OK,Shawnee,74804,-96.92026528959276,35.39284798085743,39.0158,-94.8076
Taco Bell,OK,Shawnee,74801,-96.96868286196745,35.31630191677649,39.0158,-94.8076
Taco Bell,OK,Skiatook,74070,-96.07442994780749,36.388372468566416,36.3699,-95.9856
Taco Bell,OK,Stigler,74462,-95.15534640620137,35.283173422235905,,
Taco Bell,OK,Stillwater,74075,-97.07905520051028,36.17191388207113,36.1317,-97.0742
Taco Bell,OK,Stilwell,74960,-94.64972893645287,35.81041280791031,,
Taco Bell,OK,Sulphur,73086,-96.96619821699554,34.48378075689266,30.2286,-93.3566
Taco Bell,OK,Tahlequah,74464,-94.98501961234727,35.92728391053797,35.9112,-94.977
Taco Bell,OK,Tahlequah,74464,-94.98501961234727,35.92728391053797,35.9112,-94.977
Taco Bell,OK,Tecumseh,74873,-96.97339393492796,35.21878816386596,42.0066,-83.945
Taco Bell,OK,Afb,73145,-97.39403944273333,35.41909036064351,,
Taco Bell,OK,Tonkawa,74653,-97.35169594021247,36.65115680811019,,
Taco Bell,OK,Tulsa,74133,-95.87939816832584,36.041475915514184,36.1283,-95.9042
Taco Bell,OK,Tulsa,74115,-95.90940833689316,36.1923779650463,36.1283,-95.9042
Taco Bell,OK,Tulsa,74105,-95.96408694434311,36.0974269722371,36.1283,-95.9042
Taco Bell,OK,Tulsa,74135,-95.92331603231479,36.09730570054648,36.1283,-95.9042
Taco Bell,OK,Tulsa,74104,-95.95400287980587,36.14646784784598,36.1283,-95.9042
Taco Bell,OK,Tulsa,74128,-95.85148049703264,36.14746303253914,36.1283,-95.9042
Taco Bell,OK,Tulsa,74136,-95.94234720236574,36.06141614835992,36.1283,-95.9042
Taco Bell,OK,Tulsa,74106,-95.9842600046275,36.19198627047473,36.1283,-95.9042
Taco Bell,OK,Tulsa,74107,-96.04145266514449,36.106912959127335,36.1283,-95.9042
Taco Bell,OK,Tulsa,74146,-95.8532511985772,36.09781352067791,36.1283,-95.9042
Taco Bell,OK,Tulsa,74133,-95.87939816832584,36.041475915514184,36.1283,-95.9042
Taco Bell,OK,Tulsa,74114,-95.9467377999085,36.12698385719628,36.1283,-95.9042
Taco Bell,OK,Vinita,74301,-95.22873995918916,36.67734811128672,,
Taco Bell,OK,Wagoner,74467,-95.39264613931911,35.966283962991135,,
Taco Bell,OK,Acres,73132,-97.63993919685743,35.550917307843264,,
Taco Bell,OK,Weatherford,73096,-98.73747399608443,35.51536964125126,32.7536,-97.7723
Taco Bell,OK,Woodward,73801,-99.43638413938153,36.478735161479435,36.4247,-99.4058
Taco Bell,OK,Yukon,73099,-97.76238934234675,35.52826498819064,35.5201,-97.7639
Taco Bell,OK,Yukon,73099,-97.76238934234675,35.52826498819064,35.5201,-97.7639
Taco Bell,OK,Yukon,73099,-97.76238934234675,35.52826498819064,35.5201,-97.7639
Taco Bell,OR,Albany,97322,-123.0189316275451,44.626012131181824,42.6664,-73.7987
Taco Bell,OR,Albany,97321,-123.13327374787617,44.6519659614151,42.6664,-73.7987
Taco Bell,OR,Aloha,97006,-122.85985842754039,45.51701976530871,45.492,-122.8725
Taco Bell,OR,Ashland,97520,-122.55125224911069,42.15770289663477,37.6942,-122.1159
Taco Bell,OR,City,97814,-117.76248220979723,44.82654874866399,,
Taco Bell,OR,Beaverton,97008,-122.80419806806292,45.4601886209905,45.4779,-122.8168
Taco Bell,OR,Beaverton,97005,-122.80358839190642,45.49095629061076,45.4779,-122.8168
Taco Bell,OR,Beaverton,97006,-122.85985842754039,45.51701976530871,45.4779,-122.8168
Taco Bell,OR,Beaverton,97005,-122.80358839190642,45.49095629061076,45.4779,-122.8168
Taco Bell,OR,Bend,97701,-121.33106190922567,44.01484461415501,44.0563,-121.3095
Taco Bell,OR,Bend,97701,-121.33106190922567,44.01484461415501,44.0563,-121.3095
Taco Bell,OR,Brookings,97415,-124.23607238893419,42.136864771082834,44.3022,-96.7859
Taco Bell,OR,Canby,97013,-122.6716966022084,45.218125649291174,45.2652,-122.6867
Taco Bell,OR,Point,97502,-122.95623924496331,42.41722740768615,,
Taco Bell,OR,Clackamas,97015,-122.53842023095656,45.41481696326786,,
Taco Bell,OR,Bay,97420,-124.15190901140937,43.35500984730142,,
Taco Bell,OR,Bay,97420,-124.15190901140937,43.35500984730142,,
Taco Bell,OR,Corvallis,97330,-123.27660499370046,44.636413083154714,44.5698,-123.2779
Taco Bell,OR,Corvallis,97333,-123.30732913940241,44.47368028015202,44.5698,-123.2779
Taco Bell,OR,Grove,97424,-123.05440673483457,43.74445767779277,,
Taco Bell,OR,Creswell,97426,-123.03668010035963,43.8999081410528,,
Taco Bell,OR,Dallas,97338,-123.34630421948994,44.92700259992155,32.7935,-96.7667
Taco Bell,OR,Eugene,97402,-123.23003062770572,44.051551256304464,44.0564,-123.1174
Taco Bell,OR,Eugene,97402,-123.23003062770572,44.051551256304464,44.0564,-123.1174
Taco Bell,OR,Eugene,97402,-123.23003062770572,44.051551256304464,44.0564,-123.1174
Taco Bell,OR,Eugene,97408,-123.05443793133567,44.14459176769838,44.0564,-123.1174
Taco Bell,OR,Eugene,97404,-123.13300076526812,44.1048866626355,44.0564,-123.1174
Taco Bell,OR,Eugene,97402,-123.23003062770572,44.051551256304464,44.0564,-123.1174
Taco Bell,OR,Florence,97439,-124.04166378921474,44.06487483087215,34.178,-79.7898
Taco Bell,OR,Grove,97116,-123.17353567619878,45.58259491465011,,
Taco Bell,OR,Gladstone,97027,-122.59284783298976,45.386905420651196,39.2134,-94.5592
Taco Bell,OR,Pass,97526,-123.34028092675041,42.5140493015002,,
Taco Bell,OR,Pass,97526,-123.34028092675041,42.5140493015002,,
Taco Bell,OR,Pass,97527,-123.4081115464679,42.3822764288049,,
Taco Bell,OR,Gresham,97030,-122.4319476060001,45.508956202438334,45.5021,-122.4413
Taco Bell,OR,Gresham,97030,-122.4319476060001,45.508956202438334,45.5021,-122.4413
Taco Bell,OR,Valley,97015,-122.53842023095656,45.41481696326786,32.8088,-85.181
Taco Bell,OR,Hermiston,97838,-119.2869118241813,45.852970398600554,45.8326,-119.2854
Taco Bell,OR,Hillsboro,97123,-122.98415029374225,45.44161799627743,45.5273,-122.936
Taco Bell,OR,Hillsboro,97124,-122.9464535807654,45.56781610107119,45.5273,-122.936
Taco Bell,OR,Hillsboro,97123,-122.98415029374225,45.44161799627743,45.5273,-122.936
Taco Bell,OR,River,97031,-121.54561567445336,45.62489761664289,,
Taco Bell,OR,City,97850,-118.11669206019846,45.30158611339286,,
Taco Bell,OR,City,97448,-123.28153889488286,44.21055429248811,,
Taco Bell,OR,Keizer,97303,-123.02438172109166,45.03040415869964,45.0028,-123.0243
Taco Bell,OR,Keizer,97303,-123.02438172109166,45.03040415869964,45.0028,-123.0243
Taco Bell,OR,Falls,97603,-121.68074759522044,42.140888911823595,40.1686,-74.7915
Taco Bell,OR,Falls,97603,-121.68074759522044,42.140888911823595,40.1686,-74.7915
Taco Bell,OR,Pine,97739,-121.46219478384876,43.69959814783227,40.6437,-80.0315
Taco Bell,OR,Lebanon,97355,-122.82271122680311,44.53099126469881,40.3412,-76.4228
Taco Bell,OR,City,97367,-123.97521591547299,44.915573379264835,,
Taco Bell,OR,Madras,97741,-121.05269014370708,44.6518260705817,,
Taco Bell,OR,McMinnville,97128,-123.25455605380999,45.197030156751005,45.211,-123.1918
Taco Bell,OR,Medford,97501,-122.905414619772,42.28176892140176,42.3372,-122.854
Taco Bell,OR,Medford,97504,-122.79864603377521,42.32691404497719,42.3372,-122.854
Taco Bell,OR,Medford,97501,-122.905414619772,42.28176892140176,42.3372,-122.854
Taco Bell,OR,Medford,97501,-122.905414619772,42.28176892140176,42.3372,-122.854
Taco Bell,OR,Freewater,97862,-118.3101774764643,45.923494070669676,,
Taco Bell,OR,Milwaukie,97267,-122.61486543969177,45.40772947473342,45.4445,-122.6219
Taco Bell,OR,Milwaukie,97222,-122.61710552787588,45.44130343775378,45.4445,-122.6219
Taco Bell,OR,Molalla,97038,-122.55767962803145,45.08756434634243,45.1502,-122.5845
Taco Bell,OR,Monmouth,97361,-123.33913849550413,44.76918840117445,44.8505,-123.2284
Taco Bell,OR,Newberg,97132,-122.98711018100678,45.322296741815826,45.3075,-122.9601
Taco Bell,OR,Newport,97365,-124.01491811901823,44.668547244321054,41.4801,-71.3203
Taco Bell,OR,Bend,97459,-124.17648932242321,43.48706759126217,44.0563,-121.3095
Taco Bell,OR,Plains,97133,-123.01960207440305,45.682005307942994,41.2657,-75.8131
Taco Bell,OR,Ontario,97914,-117.08405282447568,44.11323670879858,34.0393,-117.6064
Taco Bell,OR,City,97045,-122.5307524937381,45.32843742838988,,
Taco Bell,OR,Pendleton,97801,-118.81572312829375,45.6682018823352,45.6757,-118.8201
Taco Bell,OR,Portland,97216,-122.55840346302423,45.513887314121604,45.5371,-122.65
Taco Bell,OR,Portland,97206,-122.59865986790447,45.4819474593053,45.5371,-122.65
Taco Bell,OR,Portland,97219,-122.69986773407003,45.45397698343184,45.5371,-122.65
Taco Bell,OR,Portland,97211,-122.63429113858436,45.58138002330163,45.5371,-122.65
Taco Bell,OR,Portland,97232,-122.64360800844042,45.529219349841746,45.5371,-122.65
Taco Bell,OR,Portland,97206,-122.59865986790447,45.4819474593053,45.5371,-122.65
Taco Bell,OR,Portland,97203,-122.75368570600672,45.6064184207514,45.5371,-122.65
Taco Bell,OR,Portland,97229,-122.80993945018253,45.550631171998724,45.5371,-122.65
Taco Bell,OR,Portland,97217,-122.70386599687538,45.59993232107375,45.5371,-122.65
Taco Bell,OR,Portland,97266,-122.55844613818522,45.482645541025654,45.5371,-122.65
Taco Bell,OR,Portland,97220,-122.55920014412847,45.549742306399985,45.5371,-122.65
Taco Bell,OR,Portland,97209,-122.68439398267901,45.530954336690954,45.5371,-122.65
Taco Bell,OR,Portland,97230,-122.50746955530452,45.55819419534061,45.5371,-122.65
Taco Bell,OR,Portland,97233,-122.49944561038504,45.51405305982663,45.5371,-122.65
Taco Bell,OR,Portland,97229,-122.80993945018253,45.550631171998724,45.5371,-122.65
Taco Bell,OR,Portland,97236,-122.51055429763478,45.484719732370415,45.5371,-122.65
Taco Bell,OR,Portland,97217,-122.70386599687538,45.59993232107375,45.5371,-122.65
Taco Bell,OR,Portland,97220,-122.55920014412847,45.549742306399985,45.5371,-122.65
Taco Bell,OR,Portland,97218,-122.60078491738139,45.57678376091197,45.5371,-122.65
Taco Bell,OR,Portland,97086,-122.52812422321668,45.44519048579652,45.5371,-122.65
Taco Bell,OR,Portland,97225,-122.77006046457622,45.50216578724384,45.5371,-122.65
Taco Bell,OR,Prineville,97754,-120.57082983523762,44.15227590142394,44.2985,-120.8607
Taco Bell,OR,Redmond,97756,-121.21384320380807,44.278552957980146,47.6763,-122.1169
Taco Bell,OR,Roseburg,97470,-123.23433016788242,43.229747283734,43.2231,-123.352
Taco Bell,OR,Roseburg,97471,-123.47585269504202,43.22016111359602,43.2231,-123.352
Taco Bell,OR,Helens,97051,-122.91217640075442,45.88470493725443,,
Taco Bell,OR,Salem,97306,-123.07969200108595,44.84466197280472,44.9233,-123.0244
Taco Bell,OR,Salem,97301,-123.0039779525192,44.94902647321957,44.9233,-123.0244
Taco Bell,OR,Salem,97304,-123.10809319750003,45.008998673077286,44.9233,-123.0244
Taco Bell,OR,Salem,97302,-123.06785739220611,44.9018772190708,44.9233,-123.0244
Taco Bell,OR,Salem,97305,-122.92871056565984,45.01435565410505,44.9233,-123.0244
Taco Bell,OR,Salem,97303,-123.02438172109166,45.03040415869964,44.9233,-123.0244
Taco Bell,OR,Sandy,97055,-122.15498201742346,45.388655357440776,40.5709,-111.8506
Taco Bell,OR,Seaside,97138,-123.67360487309242,45.902757000995024,36.6224,-121.8199
Taco Bell,OR,Sherwood,97140,-122.86426496740496,45.35502865403277,34.8507,-92.2029
Taco Bell,OR,Silverton,97381,-122.74570379631093,44.97266686385966,45.003,-122.7808
Taco Bell,OR,Springfield,97478,-122.85139076408821,44.09093656847453,42.1155,-72.5395
Taco Bell,OR,Springfield,97477,-123.01118431138578,44.058775754314944,42.1155,-72.5395
Taco Bell,OR,Springfield,97477,-123.01118431138578,44.058775754314944,42.1155,-72.5395
Taco Bell,OR,Stayton,97383,-122.72164405152513,44.793610395410866,,
Taco Bell,OR,Sutherlin,97479,-123.1997514271582,43.402412163009345,43.3882,-123.3242
Taco Bell,OR,Home,97386,-122.75170895736534,44.35983297230821,,
Taco Bell,OR,Dalles,97058,-121.1533173629032,45.53874181467158,,
Taco Bell,OR,Tigard,97224,-122.79505272290088,45.40549220668039,45.4237,-122.7845
Taco Bell,OR,Tigard,97223,-122.77949421190924,45.440315603811825,45.4237,-122.7845
Taco Bell,OR,Tigard,97223,-122.77949421190924,45.440315603811825,45.4237,-122.7845
Taco Bell,OR,Troutdale,97060,-122.37030763382663,45.53424412323833,45.5372,-122.3955
Taco Bell,OR,Troutdale,97060,-122.37030763382663,45.53424412323833,45.5372,-122.3955
Taco Bell,OR,Tualatin,97062,-122.76197532843638,45.368758788652464,45.3772,-122.7748
Taco Bell,OR,Warrenton,97146,-123.9470619204352,46.1322312837411,38.7176,-77.7976
Taco Bell,OR,Wasco,97065,-120.65764227347844,45.59893961262226,35.5938,-119.3671
Taco Bell,OR,City,97503,-122.92742296778493,42.59032344582791,,
Taco Bell,OR,Wilsonville,97070,-122.77149059651164,45.30761846685586,45.3109,-122.7702
Taco Bell,OR,Woodburn,97071,-122.82654596853939,45.13593434232622,45.1472,-122.8603
Taco Bell,OR,Woodburn,97071,-122.82654596853939,45.13593434232622,45.1472,-122.8603
Taco Bell,PA,Aliquippa,15001,-80.31974619578911,40.592108880656646,40.6155,-80.2547
Taco Bell,PA,Allentown,18103,-75.48231900249917,40.570461633944056,40.5961,-75.4756
Taco Bell,PA,Allentown,18109,-75.4404737583646,40.63657607682105,40.5961,-75.4756
Taco Bell,PA,Allentown,18106,-75.59615272920892,40.57568915015429,40.5961,-75.4756
Taco Bell,PA,Allentown,18103,-75.48231900249917,40.570461633944056,40.5961,-75.4756
Taco Bell,PA,Altoona,16602,-78.37220021492703,40.51241710176182,40.5082,-78.4007
Taco Bell,PA,Altoona,16601,-78.37016148739323,40.555664810234255,40.5082,-78.4007
Taco Bell,PA,Aston,19014,-75.43359830512341,39.863661219247085,39.8719,-75.4349
Taco Bell,PA,Audubon,19403,-75.37963869030098,40.149636622443,40.1304,-75.428
Taco Bell,PA,Avondale,19311,-75.76899607410945,39.82269684031685,33.3873,-112.3235
Taco Bell,PA,Baden,15005,-80.17588727233573,40.6446132621592,,
Taco Bell,PA,Cynwyd,19004,-75.2300268487617,40.013741611880654,,
Taco Bell,PA,Falls,15010,-80.35919510424493,40.768705018790456,40.1686,-74.7915
Taco Bell,PA,Bedford,15522,-78.55184466076996,39.94935167906758,32.8464,-97.135
Taco Bell,PA,Vernon,15012,-79.81218456551119,40.1587877848254,41.1973,-74.4857
Taco Bell,PA,Bentleyville,15314,-80.01811133233363,40.14566524085271,,
Taco Bell,PA,Berwick,18603,-76.24892574103707,41.08292607003107,41.0555,-76.2492
Taco Bell,PA,Bethlehem,18017,-75.38679914521394,40.659733506384335,40.6266,-75.3679
Taco Bell,PA,Blairsville,15717,-79.24301073202325,40.45265809254347,,
Taco Bell,PA,Bloomsburg,17815,-76.42382882411542,41.01702411733011,41.0027,-76.4561
Taco Bell,PA,Bradford,16701,-78.76297502450248,41.917888097502185,,
Taco Bell,PA,Breinigsville,18031,-75.65286683165046,40.55398816654007,,
Taco Bell,PA,Bridgeville,15017,-80.12813355966622,40.34035022805291,,
Taco Bell,PA,Bristol,19007,-74.85862804546525,40.113904037456535,36.5572,-82.2154
Taco Bell,PA,Brodheadsville,18322,-75.39881091660655,40.92284296422788,,
Taco Bell,PA,Brookhaven,19015,-75.3928513057219,39.86924327863094,40.832,-72.9517
Taco Bell,PA,Brookville,15825,-79.04038717199316,41.175298263966084,,
Taco Bell,PA,Butler,16001,-79.94378450689317,40.90949986390997,40.8616,-79.8962
Taco Bell,PA,Butler,16001,-79.94378450689317,40.90949986390997,40.8616,-79.8962
Taco Bell,PA,Hill,17011,-76.92915411907333,40.235163231813594,,
Taco Bell,PA,Canonsburg,15317,-80.16678793384848,40.27061857067995,40.2643,-80.1867
Taco Bell,PA,Carbondale,18407,-75.52784387345262,41.59955048325276,37.7221,-89.2237
Taco Bell,PA,Carlisle,17013,-77.19825195863197,40.241737258538095,40.2,-77.2034
Taco Bell,PA,Chambersburg,17201,-77.6561727348814,39.961063328946025,39.9315,-77.6556
Taco Bell,PA,Clarion,16214,-79.35752811439745,41.20314415396189,,
Taco Bell,PA,Summit,18411,-75.74519702664826,41.45429848932173,40.7154,-74.3647
Taco Bell,PA,Heights,19018,-75.29859023936334,39.92306118073915,,
Taco Bell,PA,Connellsville,15425,-79.55656506904378,40.02651525436022,,
Taco Bell,PA,Corry,16407,-79.66324199497403,41.91969254451996,,
Taco Bell,PA,Cranberry,16319,-79.63168700793703,41.319745912232456,40.7104,-80.1059
Taco Bell,PA,Cresco,18326,-75.2725713098167,41.15412109214388,,
Taco Bell,PA,Dallas,18612,-75.98335711133129,41.349390562496744,32.7935,-96.7667
Taco Bell,PA,Danville,17821,-76.63926289176563,40.98871637078913,37.8121,-121.9698
Taco Bell,PA,Delmont,15626,-79.57615868207235,40.40699393134917,,
Taco Bell,PA,City,18519,-75.63071734395048,41.46193869790352,,
Taco Bell,PA,Douglassville,19518,-75.75308078599402,40.26887209172519,,
Taco Bell,PA,Downingtown,19335,-75.72015850246905,40.022849857167856,,
Taco Bell,PA,Bois,15801,-78.72553742080997,41.12497462315083,,
Taco Bell,PA,Duquesne,15110,-79.85010833700652,40.37319425127813,,
Taco Bell,PA,Freedom,16637,-78.46724108569191,40.3411009188202,,
Taco Bell,PA,Stroudsburg,18302,-75.11882508969988,41.09366774724943,,
Taco Bell,PA,Easton,18042,-75.22398564601455,40.65157062964214,40.6858,-75.2209
Taco Bell,PA,Ebensburg,15931,-78.75701775422915,40.51599184944266,,
Taco Bell,PA,Edinboro,16412,-80.16633607206865,41.883245290934205,,
Taco Bell,PA,Elizabethtown,17022,-76.60865743198042,40.1663401469036,37.7031,-85.8773
Taco Bell,PA,Elizabethville,17023,-76.81626412375167,40.584274651822206,,
Taco Bell,PA,Elverson,19520,-75.79711761055368,40.16253392932995,,
Taco Bell,PA,Enola,17025,-76.97600928032661,40.29507315614783,,
Taco Bell,PA,Ephrata,17522,-76.1707491788111,40.1722209921073,40.1811,-76.1812
Taco Bell,PA,Erie,16509,-80.04255859032081,42.058749807026665,42.1167,-80.0733
Taco Bell,PA,Erie,16509,-80.04255859032081,42.058749807026665,42.1167,-80.0733
Taco Bell,PA,Erie,16509,-80.04255859032081,42.058749807026665,42.1167,-80.0733
Taco Bell,PA,Erie,16510,-79.95454806626785,42.112883882545766,42.1167,-80.0733
Taco Bell,PA,Erie,16505,-80.14553476614498,42.11895299935921,42.1167,-80.0733
Taco Bell,PA,Erie,16501,-80.08916766985055,42.12131835878271,42.1167,-80.0733
Taco Bell,PA,Erie,16510,-79.95454806626785,42.112883882545766,42.1167,-80.0733
Taco Bell,PA,Etters,17319,-76.7940987045042,40.1604348794263,,
Taco Bell,PA,Exton,19341,-75.63668237482294,40.041058789091664,,
Taco Bell,PA,Hills,19030,-74.83717907751324,40.18064828910695,,
Taco Bell,PA,Feasterville,19053,-74.97955511502552,40.15470583384627,,
Taco Bell,PA,Hills,15221,-79.86548391496305,40.43460997126152,,
Taco Bell,PA,Gettysburg,17325,-77.22676828377655,39.8278377651761,,
Taco Bell,PA,Gibsonia,15044,-79.94997839108531,40.63901892976025,,
Taco Bell,PA,Gilbertsville,19525,-75.58676127323555,40.30761068977416,,
Taco Bell,PA,Girard,16417,-80.3133098734833,41.97085353493137,41.1665,-80.6963
Taco Bell,PA,Glenolden,19036,-75.29335484781657,39.9035790172581,,
Taco Bell,PA,Greencastle,17225,-77.75933238049204,39.78641384429305,39.6432,-86.8418
Taco Bell,PA,Greensburg,15601,-79.5355434177249,40.31518099095316,40.3113,-79.5445
Taco Bell,PA,Greenville,16125,-80.37338208415707,41.40595814377485,34.8354,-82.3646
Taco Bell,PA,City,16127,-80.07283461955085,41.172869235168704,,
Taco Bell,PA,Hamburg,19526,-75.99624694480826,40.54659592886213,42.7394,-78.8581
Taco Bell,PA,Hanover,17331,-76.9783080935956,39.79015411059758,39.8118,-76.9836
Taco Bell,PA,Harleysville,19438,-75.39513800645491,40.269789038637164,40.2792,-75.3873
Taco Bell,PA,Harrisburg,17101,-76.88764161245363,40.259149269564325,40.2752,-76.8843
Taco Bell,PA,Harrisburg,17109,-76.82429903419882,40.289948595860245,40.2752,-76.8843
Taco Bell,PA,Township,18202,-76.04682407886105,40.95147943007878,,
Taco Bell,PA,Hazleton,18202,-76.04682407886105,40.95147943007878,40.9505,-75.9725
Taco Bell,PA,Hermitage,16148,-80.43196376356279,41.231162010104406,41.2305,-80.4413
Taco Bell,PA,Hermitage,16148,-80.43196376356279,41.231162010104406,41.2305,-80.4413
Taco Bell,PA,Hummelstown,17036,-76.69871445125253,40.2854632636577,,
Taco Bell,PA,Huntingdon,16652,-77.95687718992018,40.51476456720649,,
Taco Bell,PA,Indiana,15701,-79.14962649650806,40.62826771136324,40.622,-79.1552
Taco Bell,PA,Irwin,15642,-79.7204519305506,40.319178274626914,,
Taco Bell,PA,Johnstown,15904,-78.84492033005802,40.30342264214619,40.326,-78.9194
Taco Bell,PA,Johnstown,15904,-78.84492033005802,40.30342264214619,40.326,-78.9194
Taco Bell,PA,Prussia,19406,-75.3824117860373,40.09442041492383,,
Taco Bell,PA,Kingston,18704,-75.89462233437396,41.27658980315985,41.9295,-73.9968
Taco Bell,PA,Kittanning,16201,-79.47289545208699,40.80911752369798,,
Taco Bell,PA,Lancaster,17602,-76.24598063658105,40.01500951909606,40.042,-76.3012
Taco Bell,PA,Lancaster,17603,-76.35228639663197,40.01298262775532,40.042,-76.3012
Taco Bell,PA,Lansdale,19446,-75.3036807723866,40.23198177039086,40.2417,-75.2812
Taco Bell,PA,Latrobe,15650,-79.39320575299605,40.27574834457882,,
Taco Bell,PA,Lebanon,17042,-76.42496900712845,40.29454879211293,40.3412,-76.4228
Taco Bell,PA,Leechburg,15656,-79.62208269410655,40.64635351968142,,
Taco Bell,PA,Lehighton,18235,-75.69744331276713,40.82987327733792,,
Taco Bell,PA,Lemoyne,17043,-76.90011610954117,40.24690911115513,,
Taco Bell,PA,Levittown,19055,-74.83876343130852,40.14968449782809,40.7241,-73.5125
Taco Bell,PA,Lewisburg,17837,-76.94855022735656,40.981098823849074,35.451,-86.7901
Taco Bell,PA,Lewistown,17044,-77.5942754556981,40.578438603521576,40.5964,-77.573
Taco Bell,PA,Lititz,17543,-76.30152786091378,40.18460296267424,40.154,-76.3044
Taco Bell,PA,Rocks,15136,-80.10435160037522,40.46793638375884,,
Taco Bell,PA,Rocks,15136,-80.10435160037522,40.46793638375884,,
Taco Bell,PA,McKeesport,15131,-79.80015447687252,40.33596808457248,40.3418,-79.844
Taco Bell,PA,McMurray,15317,-80.16678793384848,40.27061857067995,,
Taco Bell,PA,Meadville,16335,-80.15632521313651,41.630941628557515,41.6476,-80.1468
Taco Bell,PA,Meadville,16335,-80.15632521313651,41.630941628557515,41.6476,-80.1468
Taco Bell,PA,Mechanicsburg,17055,-77.00358273300652,40.178957190669564,40.2115,-77.006
Taco Bell,PA,Mechanicsburg,17055,-77.00358273300652,40.178957190669564,40.2115,-77.006
Taco Bell,PA,Mercer,16137,-80.23844708905636,41.23012399394162,,
Taco Bell,PA,Middletown,17057,-76.72519267133143,40.19379072101814,39.5033,-84.3659
Taco Bell,PA,Milford,18337,-74.87890946806812,41.32713003328721,42.1565,-71.5188
Taco Bell,PA,Monaca,15061,-80.31808901439491,40.65876661268885,,
Taco Bell,PA,Monroeville,15146,-79.76043447220381,40.426251717561605,40.4262,-79.7605
Taco Bell,PA,Joy,17552,-76.51035171656984,40.10824532627661,,
Taco Bell,PA,Pleasant,15666,-79.51443058700013,40.15619263270776,,
Taco Bell,PA,Pocono,18344,-75.34097601491683,41.11849097566488,41.0612,-75.3102
Taco Bell,PA,Top,18707,-75.92639172962218,41.1337780668289,,
Taco Bell,PA,Muncy,17756,-76.73739355214512,41.20791861871491,,
Taco Bell,PA,Heights,15065,-79.7272830204587,40.64212091025686,,
Taco Bell,PA,Castle,16101,-80.28712241576258,40.985309001896425,,
Taco Bell,PA,Castle,16105,-80.33816633107332,41.05352560886402,,
Taco Bell,PA,Castle,16101,-80.28712241576258,40.985309001896425,,
Taco Bell,PA,Kensington,15068,-79.71290766322697,40.56164355722716,41.6284,-72.7686
Taco Bell,PA,Stanton,15672,-79.6311257744768,40.24366037862254,33.8003,-117.9935
Taco Bell,PA,Norristown,19401,-75.33131590669953,40.13033744701247,40.1225,-75.3398
Taco Bell,PA,Wales,19454,-75.24308556811795,40.22346270321222,,
Taco Bell,PA,Philadelphia,19132,-75.1708548536605,39.99626195942729,40.0077,-75.1339
Taco Bell,PA,Philadelphia,19148,-75.1513950851357,39.91164560103643,40.0077,-75.1339
Taco Bell,PA,Philadelphia,19111,-75.08051587248426,40.06021229992925,40.0077,-75.1339
Taco Bell,PA,Philadelphia,19141,-75.14569481151175,40.03757510369984,40.0077,-75.1339
Taco Bell,PA,Philadelphia,19144,-75.17494265232965,40.03307740419628,40.0077,-75.1339
Taco Bell,PA,Philadelphia,19145,-75.19206338555867,39.91486124664759,40.0077,-75.1339
Taco Bell,PA,Philadelphia,19107,-75.15865288056055,39.95173710962788,40.0077,-75.1339
Taco Bell,PA,Philadelphia,19152,-75.04674354642572,40.06077274207009,40.0077,-75.1339
Taco Bell,PA,Philadelphia,19104,-75.19838244974068,39.95908782529545,40.0077,-75.1339
Taco Bell,PA,Philadelphia,19149,-75.0657611628287,40.037722249857815,40.0077,-75.1339
Taco Bell,PA,Philadelphia,19114,-75.00359633826983,40.06740512594688,40.0077,-75.1339
Taco Bell,PA,Philadelphia,19154,-74.98157778133084,40.09507006507534,40.0077,-75.1339
Taco Bell,PA,Philadelphia,19134,-75.10836939152139,39.98982901631611,40.0077,-75.1339
Taco Bell,PA,Philadelphia,19140,-75.14500604361977,40.01233591663376,40.0077,-75.1339
Taco Bell,PA,Philadelphia,19102,-75.16558609580352,39.952783706702654,40.0077,-75.1339
Taco Bell,PA,Philadelphia,19133,-75.1415069873438,39.99262830667965,40.0077,-75.1339
Taco Bell,PA,Philipsburg,16866,-78.17474499437323,40.866969774491146,,
Taco Bell,PA,Phoenixville,19460,-75.53009075781047,40.12704245625088,40.1359,-75.5201
Taco Bell,PA,Pittsburgh,15237,-80.04745663981183,40.54884048145938,40.4397,-79.9763
Taco Bell,PA,Pittsburgh,15220,-80.04898611438077,40.4197013625359,40.4397,-79.9763
Taco Bell,PA,Pittsburgh,15238,-79.88048405137022,40.53463151640179,40.4397,-79.9763
Taco Bell,PA,Pittsburgh,15235,-79.82242732221431,40.45978887300672,40.4397,-79.9763
Taco Bell,PA,Pittsburgh,15238,-79.88048405137022,40.53463151640179,40.4397,-79.9763
Taco Bell,PA,Pittsburgh,15233,-80.03480373379568,40.46084604280198,40.4397,-79.9763
Taco Bell,PA,Pittsburgh,15218,-79.88998248227534,40.423711050203394,40.4397,-79.9763
Taco Bell,PA,Pittsburgh,15223,-79.95283807430208,40.50507226470111,40.4397,-79.9763
Taco Bell,PA,Pittsburgh,15205,-80.09909086491693,40.43808703819629,40.4397,-79.9763
Taco Bell,PA,Pittsburgh,15237,-80.04745663981183,40.54884048145938,40.4397,-79.9763
Taco Bell,PA,Pittsburgh,15205,-80.09909086491693,40.43808703819629,40.4397,-79.9763
Taco Bell,PA,Pittston,18640,-75.74026611609341,41.29713281350192,,
Taco Bell,PA,Punxsutawney,15767,-78.96752839213616,40.96004640696979,,
Taco Bell,PA,Quakertown,18951,-75.34461335017703,40.45239877585019,40.4398,-75.3455
Taco Bell,PA,Reading,19605,-75.9436423275473,40.398249150393326,40.34,-75.9267
Taco Bell,PA,Reading,19606,-75.85739120051531,40.33713618912252,40.34,-75.9267
Taco Bell,PA,Richboro,18954,-74.99939178418133,40.22260657899142,,
Taco Bell,PA,Royersford,19468,-75.53287024918421,40.2075451780135,,
Taco Bell,PA,Clair,17970,-76.19194945875444,40.72020627308769,,
Taco Bell,PA,Marys,15857,-78.53423514309644,41.45706260876264,,
Taco Bell,PA,Sayre,18840,-76.53583447699582,41.97181082481398,,
Taco Bell,PA,Scranton,18508,-75.65793220701056,41.454950856256886,41.4044,-75.6649
Taco Bell,PA,Scranton,18505,-75.65312266360272,41.38783611549447,41.4044,-75.6649
Taco Bell,PA,Selinsgrove,17870,-76.8865666013088,40.813123020795906,,
Taco Bell,PA,Sewickley,15143,-80.14652893757432,40.57323238699826,,
Taco Bell,PA,Shippensburg,17257,-77.49136028899044,40.049123127645366,,
Taco Bell,PA,Shrewsbury,17361,-76.67706504100256,39.76551517997316,42.2842,-71.7154
Taco Bell,PA,Rock,16057,-80.05682081013661,41.03454375122955,,
Taco Bell,PA,Somerset,15501,-79.12872744533455,40.035943469304286,40.5083,-74.501
Taco Bell,PA,Springfield,19064,-75.34113508784188,39.93329698366441,42.1155,-72.5395
Taco Bell,PA,College,16801,-77.84135966106955,40.778898567467614,64.8694,-147.8216
Taco Bell,PA,College,16801,-77.84135966106955,40.778898567467614,64.8694,-147.8216
Taco Bell,PA,College,16803,-77.8996340773918,40.80165876477636,64.8694,-147.8216
Taco Bell,PA,Stroudsburg,18360,-75.28364398687508,40.973918650049995,,
Taco Bell,PA,Tamaqua,18252,-75.97614887786393,40.77232831752378,,
Taco Bell,PA,Titusville,16354,-79.70641661854644,41.613734019177635,28.5727,-80.8193
Taco Bell,PA,Uniontown,15401,-79.74725412366874,39.90107959124329,39.8993,-79.7246
Taco Bell,PA,Darby,19082,-75.27041881771913,39.96043308712613,39.921,-75.261
Taco Bell,PA,Walnutport,18088,-75.55657400369964,40.76595060120825,,
Taco Bell,PA,Warminster,18974,-75.07300058560546,40.215954065967715,40.2043,-75.0915
Taco Bell,PA,Warren,16365,-79.15830165262231,41.84173905522629,42.4934,-83.027
Taco Bell,PA,Washington,15301,-80.25282057291552,40.16204349834123,38.9047,-77.0163
Taco Bell,PA,Washington,15301,-80.25282057291552,40.16204349834123,38.9047,-77.0163
Taco Bell,PA,Waynesburg,15370,-80.175644261101,39.87576777031834,,
Taco Bell,PA,Chester,19382,-75.61229131052434,39.928080750263135,39.8456,-75.3718
Taco Bell,PA,Mifflin,15122,-79.90517033497854,40.36027063021613,,
Taco Bell,PA,View,15229,-80.037053850851,40.520352986399665,,
Taco Bell,PA,Wexford,15090,-80.06883610821733,40.625671864598246,,
Taco Bell,PA,Whitehall,18052,-75.50456543658744,40.6567970675226,40.6571,-75.5046
Taco Bell,PA,Barre,18702,-75.77363172659953,41.22085774451669,,
Taco Bell,PA,Barre,18706,-75.91132742182367,41.20440940070852,,
Taco Bell,PA,Williamsport,17701,-76.90228706283258,41.33755847462032,41.2399,-77.037
Taco Bell,PA,Street,17584,-76.2650339665462,39.958789758023244,,
Taco Bell,PA,Gap,18091,-75.32005462614619,40.8261342690472,,
Taco Bell,PA,Woodlyn,19094,-75.34664058947901,39.87488095494997,39.8774,-75.3445
Taco Bell,PA,Wyomissing,19610,-75.97605219568047,40.340065989416196,40.3317,-75.9703
Taco Bell,PA,York,17403,-76.71335968723302,39.922960638600934,39.9651,-76.7315
Taco Bell,PA,York,17402,-76.6592227620926,39.958975519244824,39.9651,-76.7315
Taco Bell,PA,York,17404,-76.77126020214547,40.00232403166151,39.9651,-76.7315
Taco Bell,PA,York,17402,-76.6592227620926,39.958975519244824,39.9651,-76.7315
Taco Bell,PA,York,17404,-76.77126020214547,40.00232403166151,39.9651,-76.7315
Taco Bell,RI,Coventry,02816,-71.6197607820596,41.690858081784256,41.6934,-71.6611
Taco Bell,RI,Cranston,02920,-71.4660058142617,41.7673472936707,41.7658,-71.4858
Taco Bell,RI,Cranston,02910,-71.43570891189394,41.775593815712526,41.7658,-71.4858
Taco Bell,RI,Greenville,02828,-71.55937428728902,41.878041518614644,34.8354,-82.3646
Taco Bell,RI,Johnston,02919,-71.52001669539938,41.82737412877677,41.8274,-71.5202
Taco Bell,RI,Middletown,02842,-71.27773727179701,41.51724774019025,39.5033,-84.3659
Taco Bell,RI,Providence,02904,-71.43536743955117,41.860341719283575,41.823,-71.4187
Taco Bell,RI,Smithfield,02896,-71.55105940885724,41.97239466390342,41.9014,-71.5308
Taco Bell,RI,Pawtucket,02861,-71.35230961797461,41.878608097791876,41.8744,-71.3743
Taco Bell,RI,Providence,02908,-71.43686749551885,41.839124490911445,41.823,-71.4187
Taco Bell,RI,Providence,02905,-71.3959287527224,41.78454071413283,41.823,-71.4187
Taco Bell,RI,Wakefield,02879,-71.53660624016561,41.42605899298164,42.5035,-71.0656
Taco Bell,RI,Warwick,02886,-71.4551861255672,41.70351782674299,41.7062,-71.4334
Taco Bell,RI,Warwick,02889,-71.37796228143628,41.70056819727344,41.7062,-71.4334
Taco Bell,RI,Warwick,02886,-71.4551861255672,41.70351782674299,41.7062,-71.4334
Taco Bell,RI,Woonsocket,02895,-71.49932299728871,42.00102384578453,42.001,-71.4993
Taco Bell,SC,Abbeville,29620,-82.42870873335522,34.17874263615785,29.9751,-92.1265
Taco Bell,SC,Aiken,29801,-81.69698936750727,33.58945828836524,33.5303,-81.7271
Taco Bell,SC,Aiken,29803,-81.68006939390918,33.421844967917835,33.5303,-81.7271
Taco Bell,SC,Anderson,29624,-82.62514618597972,34.43730833669236,40.0891,-85.6892
Taco Bell,SC,Anderson,29621,-82.60540320970387,34.50707545385881,40.0891,-85.6892
Taco Bell,SC,Beaufort,29902,-80.69492672275048,32.368460977449175,32.4597,-80.7235
Taco Bell,SC,Beaufort,29907,-80.60034719148516,32.454051067643164,32.4597,-80.7235
Taco Bell,SC,Belton,29627,-82.47665649835129,34.51780154284623,38.8192,-94.5335
Taco Bell,SC,Bennettsville,29512,-79.7098629679921,34.62628202721026,,
Taco Bell,SC,Blacksburg,29702,-81.47682025389125,35.11342106828122,37.23,-80.4279
Taco Bell,SC,Bluffton,29910,-80.8848129914814,32.22079314011597,32.2135,-80.9316
Taco Bell,SC,Blythewood,29016,-80.99573683686064,34.202440595540764,,
Taco Bell,SC,Cayce,29033,-81.0578313145705,33.956615343078916,33.9459,-81.0429
Taco Bell,SC,Chapin,29036,-81.33686361228786,34.1329012651804,,
Taco Bell,SC,Charleston,29412,-79.94947261894029,32.71094430608414,32.8168,-79.9687
Taco Bell,SC,Charleston,29403,-79.94377481534943,32.804631671544044,32.8168,-79.9687
Taco Bell,SC,Charleston,29407,-79.99866097133933,32.799159820455856,32.8168,-79.9687
Taco Bell,SC,Charleston,29407,-79.99866097133933,32.799159820455856,32.8168,-79.9687
Taco Bell,SC,Cheraw,29520,-79.92720954437617,34.679556422207206,,
Taco Bell,SC,Chester,29706,-81.23292365029884,34.71675600306815,39.8456,-75.3718
Taco Bell,SC,Clemson,29631,-82.81718201164394,34.681306404901946,34.6837,-82.8124
Taco Bell,SC,Clinton,29325,-81.84267582270951,34.472267141964345,38.7499,-76.9063
Taco Bell,SC,Clover,29710,-81.220329304014,35.10645802625244,,
Taco Bell,SC,Clover,29710,-81.220329304014,35.10645802625244,,
Taco Bell,SC,Columbia,29223,-80.92145033213745,34.092401021634856,34.0378,-80.9036
Taco Bell,SC,Columbia,29209,-80.9532760795252,33.924041460000694,34.0378,-80.9036
Taco Bell,SC,Columbia,29206,-80.95839888319598,34.02822240372832,34.0378,-80.9036
Taco Bell,SC,Columbia,29229,-80.88922168441202,34.13879004525739,34.0378,-80.9036
Taco Bell,SC,Columbia,29210,-81.10664242212357,34.04611686062999,34.0378,-80.9036
Taco Bell,SC,Columbia,29203,-81.04356197079666,34.10336408148045,34.0378,-80.9036
Taco Bell,SC,Columbia,29212,-81.19937286734965,34.077918362481036,34.0378,-80.9036
Taco Bell,SC,Conway,29526,-78.96948535984198,33.863742869785426,35.0753,-92.4692
Taco Bell,SC,Darlington,29532,-79.87245870523115,34.27888051948381,,
Taco Bell,SC,Dillon,29536,-79.37301532977696,34.4189679829899,,
Taco Bell,SC,Duncan,29334,-82.12595883023926,34.90536277431935,34.5408,-97.9215
Taco Bell,SC,Easley,29640,-82.57772216100923,34.888328048068395,34.8188,-82.5827
Taco Bell,SC,Elgin,29045,-80.80989403993752,34.182412815686256,42.0383,-88.324
Taco Bell,SC,Florence,29501,-79.82545446777912,34.206171490651286,34.178,-79.7898
Taco Bell,SC,Florence,29505,-79.6892500597647,34.12308663881048,34.178,-79.7898
Taco Bell,SC,Florence,29501,-79.82545446777912,34.206171490651286,34.178,-79.7898
Taco Bell,SC,Florence,29506,-79.64680569082029,34.215299172732905,34.178,-79.7898
Taco Bell,SC,Mill,29707,-80.8582926047123,34.97726621627817,,
Taco Bell,SC,Gaffney,29341,-81.7131965255262,35.11766859949173,35.0743,-81.6552
Taco Bell,SC,Georgetown,29440,-79.32868935483235,33.37682108070239,30.666,-97.6966
Taco Bell,SC,Creek,29445,-79.98998382984715,32.99781258295353,,
Taco Bell,SC,Creek,29445,-79.98998382984715,32.99781258295353,,
Taco Bell,SC,Greenville,29615,-82.29513252029652,34.85582518957622,34.8354,-82.3646
Taco Bell,SC,Greenville,29611,-82.45925812783891,34.82918358750348,34.8354,-82.3646
Taco Bell,SC,Greenville,29609,-82.389037564723,34.912371293292715,34.8354,-82.3646
Taco Bell,SC,Greenville,29615,-82.29513252029652,34.85582518957622,34.8354,-82.3646
Taco Bell,SC,Greenville,29605,-82.3801716682644,34.77533338649823,34.8354,-82.3646
Taco Bell,SC,Greenville,29607,-82.33131943130356,34.8115471950548,34.8354,-82.3646
Taco Bell,SC,Greenwood,29649,-82.14247849134858,34.24271703439943,39.6019,-86.1073
Taco Bell,SC,Greer,29651,-82.22596002988888,34.94716490103249,34.933,-82.2313
Taco Bell,SC,Hampton,29924,-81.11325550162479,32.87671191011772,37.0551,-76.363
Taco Bell,SC,Hardeeville,29927,-81.04402740631026,32.23047215957513,32.2949,-81.0321
Taco Bell,SC,Hardeeville,29927,-81.04402740631026,32.23047215957513,32.2949,-81.0321
Taco Bell,SC,Hartsville,29550,-80.07732451477597,34.39886162935237,36.3921,-86.1568
Taco Bell,SC,Land,29707,-80.8582926047123,34.97726621627817,,
Taco Bell,SC,Inman,29349,-82.06701647944178,35.07022416099885,,
Taco Bell,SC,Irmo,29063,-81.20559700661086,34.14019502971015,34.1018,-81.1956
Taco Bell,SC,Irmo,29063,-81.20559700661086,34.14019502971015,34.1018,-81.1956
Taco Bell,SC,Island,29455,-80.09081761806205,32.693425304060874,,
Taco Bell,SC,Kingstree,29556,-79.75940030281875,33.66675747726014,,
Taco Bell,SC,Ladson,29456,-80.11399578749129,32.986565356340726,33.0093,-80.1078
Taco Bell,SC,City,29560,-79.7477109695726,33.83429886467268,,
Taco Bell,SC,Lancaster,29720,-80.73585397481897,34.740963450603836,40.042,-76.3012
Taco Bell,SC,Laurens,29360,-82.04671075202853,34.4966540272607,34.5022,-82.0207
Taco Bell,SC,Leesville,29070,-81.45614772954542,33.91763747491635,,
Taco Bell,SC,Lexington,29072,-81.27545863700735,34.00046787627516,38.0423,-84.4587
Taco Bell,SC,Lexington,29073,-81.23820261347349,33.89374739582282,38.0423,-84.4587
Taco Bell,SC,Lexington,29072,-81.27545863700735,34.00046787627516,38.0423,-84.4587
Taco Bell,SC,Lexington,29073,-81.23820261347349,33.89374739582282,38.0423,-84.4587
Taco Bell,SC,Longs,29568,-78.75207880148758,33.90772688076695,,
Taco Bell,SC,Lugoff,29078,-80.69909467448046,34.18347042838342,34.2113,-80.6973
Taco Bell,SC,Manning,29102,-80.19120289384246,33.64503245145999,,
Taco Bell,SC,Manning,29102,-80.19120289384246,33.64503245145999,,
Taco Bell,SC,Corner,29461,-80.00010637032975,33.15873114802923,,
Taco Bell,SC,Pleasant,29464,-79.85772817471201,32.81829520907691,,
Taco Bell,SC,Pleasant,29464,-79.85772817471201,32.81829520907691,,
Taco Bell,SC,Pleasant,29466,-79.78990466624404,32.878481064159494,,
Taco Bell,SC,Mullins,29574,-79.26506795479791,34.172425373963954,,
Taco Bell,SC,Beach,29588,-79.02449168655846,33.67166049798239,,
Taco Bell,SC,Beach,29577,-78.90334027914652,33.69858215537917,,
Taco Bell,SC,Beach,29588,-79.02449168655846,33.67166049798239,,
Taco Bell,SC,Beach,29579,-78.91727490128713,33.75477041844466,,
Taco Bell,SC,Beach,29579,-78.91727490128713,33.75477041844466,,
Taco Bell,SC,Newberry,29108,-81.62475504534949,34.2987560202441,40.1286,-76.7919
Taco Bell,SC,Augusta,29841,-81.93944483631532,33.525077158457925,33.3645,-82.0708
Taco Bell,SC,Charleston,29406,-80.03256954801277,32.93534294209376,32.8168,-79.9687
Taco Bell,SC,Charleston,29406,-80.03256954801277,32.93534294209376,32.8168,-79.9687
Taco Bell,SC,Charleston,29418,-80.06478744612954,32.88919913411065,32.8168,-79.9687
Taco Bell,SC,Charleston,29420,-80.10254768538024,32.93363247914553,32.8168,-79.9687
Taco Bell,SC,Beach,29582,-78.66047328989035,33.83427751817173,,
Taco Bell,SC,Orangeburg,29115,-80.84880553895987,33.477700676890365,33.4928,-80.8671
Taco Bell,SC,Orangeburg,29115,-80.84880553895987,33.477700676890365,33.4928,-80.8671
Taco Bell,SC,Pageland,29728,-80.40239862929988,34.76815333413812,,
Taco Bell,SC,Pelzer,29669,-82.41660723248847,34.64147833709525,,
Taco Bell,SC,Pickens,29671,-82.7215079301502,34.935098818008385,,
Taco Bell,SC,Piedmont,29673,-82.45719269540476,34.71930826033331,37.8225,-122.2301
Taco Bell,SC,Richburg,29729,-81.00586497894942,34.676693382501135,,
Taco Bell,SC,Hill,29732,-81.07935349960964,34.96967447506983,,
Taco Bell,SC,Hill,29732,-81.07935349960964,34.96967447506983,,
Taco Bell,SC,Hill,29730,-81.02083274138667,34.886704580900236,,
Taco Bell,SC,Hill,29730,-81.02083274138667,34.886704580900236,,
Taco Bell,SC,George,29477,-80.57062698352098,33.16747914354676,,
Taco Bell,SC,Santee,29142,-80.52513646960499,33.46345426492344,32.8554,-116.9851
Taco Bell,SC,Seneca,29678,-82.94104530137164,34.63301982210936,34.6818,-82.96
Taco Bell,SC,Afb,29152,-80.47174861532346,33.974939371602744,,
Taco Bell,SC,Simpsonville,29681,-82.224789256161,34.76913945096656,34.7287,-82.2569
Taco Bell,SC,Spartanburg,29303,-81.96735033550652,34.99338048598195,34.9442,-81.9251
Taco Bell,SC,Spartanburg,29301,-82.01164475951296,34.9348702009146,34.9442,-81.9251
Taco Bell,SC,Spartanburg,29307,-81.83125737604591,34.9839181130949,34.9442,-81.9251
Taco Bell,SC,Spartanburg,29303,-81.96735033550652,34.99338048598195,34.9442,-81.9251
Taco Bell,SC,Summerville,29485,-80.19349983172022,32.9526053710314,33.0016,-80.1799
Taco Bell,SC,Summerville,29483,-80.18745568644633,33.051351494125605,33.0016,-80.1799
Taco Bell,SC,Summerville,29485,-80.19349983172022,32.9526053710314,33.0016,-80.1799
Taco Bell,SC,Sumter,29150,-80.35449923828946,33.87556560303283,33.9392,-80.393
Taco Bell,SC,Sumter,29150,-80.35449923828946,33.87556560303283,33.9392,-80.393
Taco Bell,SC,Sumter,29154,-80.44010382448174,33.879657621615685,33.9392,-80.393
Taco Bell,SC,Cay,29708,-80.98582183621623,35.04664880101601,,
Taco Bell,SC,Rest,29690,-82.4215319773263,35.059289658750245,,
Taco Bell,SC,Walterboro,29488,-80.67207435469064,32.906577586113386,,
Taco Bell,SC,Columbia,29170,-81.14550275240178,33.93807723939707,34.0378,-80.9036
Taco Bell,SC,Columbia,29169,-81.09720828477886,33.99651934918275,34.0378,-80.9036
Taco Bell,SC,Winnsboro,29180,-81.09595387745637,34.36737626925475,,
Taco Bell,SC,York,29745,-81.21598925879772,34.994850215274916,39.9651,-76.7315
Taco Bell,SD,Aberdeen,57401,-98.5275477445669,45.476487334685984,45.4649,-98.4686
Taco Bell,SD,Brookings,57006,-96.79636134936692,44.315136122902466,44.3022,-96.7859
Taco Bell,SD,Mitchell,57301,-98.04727638945326,43.71380353453433,43.7294,-98.0337
Taco Bell,SD,City,57701,-103.20517754662403,44.14147187288079,,
Taco Bell,SD,City,57701,-103.20517754662403,44.14147187288079,,
Taco Bell,SD,City,57701,-103.20517754662403,44.14147187288079,,
Taco Bell,SD,City,57702,-103.39047122775722,44.03377153017929,,
Taco Bell,SD,City,57703,-103.04379538498624,44.002845677498875,,
Taco Bell,SD,Falls,57104,-96.70743507452852,43.604719892315885,40.1686,-74.7915
Taco Bell,SD,Falls,57105,-96.73533776493416,43.520658839530945,40.1686,-74.7915
Taco Bell,SD,Falls,57106,-96.83900324774979,43.51052634353958,40.1686,-74.7915
Taco Bell,SD,Falls,57103,-96.6889670923588,43.54647046126086,40.1686,-74.7915
Taco Bell,SD,Falls,57105,-96.73533776493416,43.520658839530945,40.1686,-74.7915
Taco Bell,SD,Spearfish,57783,-103.92834947141263,44.45602074192452,44.4909,-103.8155
Taco Bell,SD,Watertown,57201,-97.09464220495775,44.93792049770734,43.9734,-75.9094
Taco Bell,SD,Yankton,57078,-97.44364442181224,42.91596099373228,42.8901,-97.3927
Taco Bell,TN,Alcoa,37701,-83.98460646767367,35.79424632639191,35.8076,-83.9753
Taco Bell,TN,Alcoa,37701,-83.98460646767367,35.79424632639191,35.8076,-83.9753
Taco Bell,TN,Alcoa,37701,-83.98460646767367,35.79424632639191,35.8076,-83.9753
Taco Bell,TN,Antioch,37013,-86.63242696350409,36.04705294135351,37.9787,-121.796
Taco Bell,TN,Ardmore,38449,-86.82592759449113,35.04822710102868,34.1949,-97.1256
Taco Bell,TN,Arlington,38002,-89.70839865292882,35.28693546117932,32.6998,-97.125
Taco Bell,TN,City,37015,-87.07724845785344,36.284177541391216,,
Taco Bell,TN,Athens,37303,-84.6431994114685,35.44069419544367,33.9508,-83.3689
Taco Bell,TN,Athens,37303,-84.6431994114685,35.44069419544367,33.9508,-83.3689
Taco Bell,TN,Atoka,38004,-89.76743339852683,35.418848172526936,35.4239,-89.7861
Taco Bell,TN,Bartlett,38133,-89.7942954681085,35.212884358263196,35.2337,-89.8195
Taco Bell,TN,Bartlett,38134,-89.85991147361972,35.17693788340194,35.2337,-89.8195
Taco Bell,TN,Baxter,38544,-85.66489275416323,36.11987550398906,46.3426,-94.2793
Taco Bell,TN,Bellevue,37221,-86.97339034723974,36.05562801638165,47.5951,-122.1535
Taco Bell,TN,Blaine,37709,-83.66478071331143,36.16497743799516,45.1696,-93.2077
Taco Bell,TN,Blountville,37617,-82.37208409661173,36.53066060616057,,
Taco Bell,TN,Bolivar,38008,-88.99495726097079,35.24683047630559,37.6059,-93.4175
Taco Bell,TN,Brentwood,37027,-86.78392716154805,35.99938797004406,37.9356,-121.719
Taco Bell,TN,Brentwood,37027,-86.78392716154805,35.99938797004406,37.9356,-121.719
Taco Bell,TN,Bristol,37620,-82.09764386851643,36.551407127837905,36.5572,-82.2154
Taco Bell,TN,Bristol,37620,-82.09764386851643,36.551407127837905,36.5572,-82.2154
Taco Bell,TN,Brownsville,38012,-89.27013423781408,35.608250990910086,25.9975,-97.458
Taco Bell,TN,Gap,37711,-83.03737040224657,36.283212089840994,,
Taco Bell,TN,Camden,38320,-88.11364472496875,36.05141612009249,39.9361,-75.1073
Taco Bell,TN,Carthage,37030,-85.94762711534165,36.27437138223182,37.1503,-94.3225
Taco Bell,TN,Chattanooga,37408,-85.30855355292772,35.02863342866042,35.066,-85.2481
Taco Bell,TN,Chattanooga,37421,-85.15095622970215,35.0289059069782,35.066,-85.2481
Taco Bell,TN,Chattanooga,37419,-85.40818654178754,35.03830968606812,35.066,-85.2481
Taco Bell,TN,Chattanooga,37415,-85.2801438379857,35.12733740169132,35.066,-85.2481
Taco Bell,TN,Chattanooga,37407,-85.28960810211822,35.00205459743728,35.066,-85.2481
Taco Bell,TN,Chattanooga,37416,-85.17661264228158,35.10445637070935,35.066,-85.2481
Taco Bell,TN,Chattanooga,37421,-85.15095622970215,35.0289059069782,35.066,-85.2481
Taco Bell,TN,Chattanooga,37421,-85.15095622970215,35.0289059069782,35.066,-85.2481
Taco Bell,TN,Chattanooga,37421,-85.15095622970215,35.0289059069782,35.066,-85.2481
Taco Bell,TN,Clarksville,37042,-87.41694721531813,36.569104650422815,36.5692,-87.3413
Taco Bell,TN,Clarksville,37042,-87.41694721531813,36.569104650422815,36.5692,-87.3413
Taco Bell,TN,Clarksville,37043,-87.23241977641608,36.49576965977284,36.5692,-87.3413
Taco Bell,TN,Clarksville,37040,-87.33340513436039,36.523295705381024,36.5692,-87.3413
Taco Bell,TN,Clarksville,37040,-87.33340513436039,36.523295705381024,36.5692,-87.3413
Taco Bell,TN,Clarksville,37042,-87.41694721531813,36.569104650422815,36.5692,-87.3413
Taco Bell,TN,Cleveland,37311,-84.92862462860742,35.11288409334227,41.4764,-81.6805
Taco Bell,TN,Cleveland,37323,-84.82056517535696,35.09720552190764,41.4764,-81.6805
Taco Bell,TN,Cleveland,37312,-84.8706456159586,35.2298564855628,41.4764,-81.6805
Taco Bell,TN,Cleveland,37312,-84.8706456159586,35.2298564855628,41.4764,-81.6805
Taco Bell,TN,Clinton,37716,-84.16805826963456,36.09953741845397,38.7499,-76.9063
Taco Bell,TN,Clinton,37716,-84.16805826963456,36.09953741845397,38.7499,-76.9063
Taco Bell,TN,Collierville,38017,-89.65069168832815,35.0674455819052,35.047,-89.6987
Taco Bell,TN,Columbia,38401,-87.02061583787598,35.62903340459565,34.0378,-80.9036
Taco Bell,TN,Columbia,38401,-87.02061583787598,35.62903340459565,34.0378,-80.9036
Taco Bell,TN,Cookeville,38506,-85.44080710620679,36.18188422951728,36.1482,-85.5109
Taco Bell,TN,Cookeville,38501,-85.53845588833191,36.2282347818924,36.1482,-85.5109
Taco Bell,TN,Cookeville,38501,-85.53845588833191,36.2282347818924,36.1482,-85.5109
Taco Bell,TN,Cordova,38018,-89.76598217110846,35.13814052169526,,
Taco Bell,TN,Cordova,38018,-89.76598217110846,35.13814052169526,,
Taco Bell,TN,Covington,38019,-89.63020732615114,35.56347064696189,39.0334,-84.5166
Taco Bell,TN,Crossville,38555,-84.98068760626823,35.88934228358005,35.9526,-85.0295
Taco Bell,TN,Crossville,38555,-84.98068760626823,35.88934228358005,35.9526,-85.0295
Taco Bell,TN,Dandridge,37725,-83.39816040885799,35.99869821691913,,
Taco Bell,TN,Dayton,37321,-85.0076685068032,35.50221573720649,39.7805,-84.2003
Taco Bell,TN,Decherd,37324,-85.9912836870398,35.255130028748454,,
Taco Bell,TN,Dickson,37055,-87.44265322374002,36.078504037180664,36.0637,-87.3665
Taco Bell,TN,Dickson,37055,-87.44265322374002,36.078504037180664,36.0637,-87.3665
Taco Bell,TN,Dunlap,37327,-85.40584305615378,35.422750147400855,,
Taco Bell,TN,Dyersburg,38024,-89.38072409776711,36.03640681916753,36.0465,-89.3777
Taco Bell,TN,Ridge,37412,-85.22743129501502,34.99752293506851,40.9068,-72.8816
Taco Bell,TN,Elizabethton,37643,-82.13641365680873,36.3773386842303,36.3367,-82.237
Taco Bell,TN,Erwin,37650,-82.45619161062963,36.10445343357583,,
Taco Bell,TN,Fairview,37062,-87.13346467846951,35.983204997366045,40.1735,-76.8655
Taco Bell,TN,Fayetteville,37334,-86.58110876828938,35.16680861329812,36.0714,-94.1661
Taco Bell,TN,Franklin,37064,-86.95882792168521,35.88755510767891,35.92,-86.8516
Taco Bell,TN,Franklin,37067,-86.77835094786772,35.91370257582356,35.92,-86.8516
Taco Bell,TN,Franklin,37064,-86.95882792168521,35.88755510767891,35.92,-86.8516
Taco Bell,TN,Gallatin,37066,-86.45527185370531,36.398691254456985,36.3782,-86.4698
Taco Bell,TN,Gallatin,37066,-86.45527185370531,36.398691254456985,36.3782,-86.4698
Taco Bell,TN,Germantown,38138,-89.79933437828278,35.08482737596766,39.1755,-77.2643
Taco Bell,TN,Goodlettsville,37072,-86.7442372806745,36.357524900413175,36.333,-86.7026
Taco Bell,TN,Gordonsville,38563,-86.02202807437054,36.20008773979146,,
Taco Bell,TN,Gray,37615,-82.4522546571658,36.39959354445081,,
Taco Bell,TN,Greenbrier,37073,-86.81412290717266,36.427904383774745,,
Taco Bell,TN,Greeneville,37745,-82.82388854258073,36.27441211900823,36.168,-82.8197
Taco Bell,TN,Greeneville,37743,-82.85680600598363,36.06548294134249,36.168,-82.8197
Taco Bell,TN,Harriman,37748,-84.51339468619858,35.94878280679807,,
Taco Bell,TN,Henderson,38340,-88.68045805591643,35.39986278432779,36.0133,-115.0381
Taco Bell,TN,Hendersonville,37075,-86.6065939480636,36.34001650526762,36.3063,-86.5997
Taco Bell,TN,Hendersonville,37075,-86.6065939480636,36.34001650526762,36.3063,-86.5997
Taco Bell,TN,Hendersonville,37075,-86.6065939480636,36.34001650526762,36.3063,-86.5997
Taco Bell,TN,Hermitage,37076,-86.58185461754155,36.149423876273374,41.2305,-80.4413
Taco Bell,TN,Hermitage,37076,-86.58185461754155,36.149423876273374,41.2305,-80.4413
Taco Bell,TN,Hixson,37343,-85.2091235805912,35.16886014837855,,
Taco Bell,TN,Hixson,37343,-85.2091235805912,35.16886014837855,,
Taco Bell,TN,Hohenwald,38462,-87.55161243234964,35.53111548743384,,
Taco Bell,TN,Humboldt,38343,-88.92624294627107,35.82688014006983,,
Taco Bell,TN,Huntingdon,38344,-88.42845054687271,35.978286744355366,,
Taco Bell,TN,Jacksboro,37757,-84.14314916422055,36.301661053197655,,
Taco Bell,TN,Jackson,38305,-88.7679267679256,35.70199220567667,32.3157,-90.2125
Taco Bell,TN,Jackson,38305,-88.7679267679256,35.70199220567667,32.3157,-90.2125
Taco Bell,TN,Jackson,38301,-88.85281176491124,35.58601987363008,32.3157,-90.2125
Taco Bell,TN,Jackson,38305,-88.7679267679256,35.70199220567667,32.3157,-90.2125
Taco Bell,TN,Jamestown,38556,-84.92372945926738,36.409399642395215,42.0976,-79.2367
Taco Bell,TN,City,37760,-83.46450724016272,36.11045766784426,,
Taco Bell,TN,Joelton,37080,-86.91675909998507,36.328238273555456,,
Taco Bell,TN,City,37604,-82.38318606284513,36.29957962335878,,
Taco Bell,TN,City,37601,-82.3214685562112,36.33029043597365,,
Taco Bell,TN,City,37614,-82.37124155917661,36.3013866778883,,
Taco Bell,TN,Jonesborough,37659,-82.49389489124819,36.28009580588721,,
Taco Bell,TN,Kimball,37347,-85.61894025191377,35.06113578100697,,
Taco Bell,TN,Kingsport,37663,-82.4863072695382,36.465720149875686,36.5224,-82.5454
Taco Bell,TN,Kingsport,37660,-82.57450867307294,36.529074335035745,36.5224,-82.5454
Taco Bell,TN,Kingsport,37664,-82.5057274880939,36.51331330766464,36.5224,-82.5454
Taco Bell,TN,Kingsport,37660,-82.57450867307294,36.529074335035745,36.5224,-82.5454
Taco Bell,TN,Kingston,37763,-84.49248029377105,35.822529309086626,41.9295,-73.9968
Taco Bell,TN,Knoxville,37923,-84.08014156357773,35.9261168294127,35.9692,-83.9496
Taco Bell,TN,Knoxville,37919,-84.00106356172316,35.91431902807433,35.9692,-83.9496
Taco Bell,TN,Knoxville,37914,-83.79915601455295,35.97959901800853,35.9692,-83.9496
Taco Bell,TN,Knoxville,37918,-83.90934861580081,36.0608462800731,35.9692,-83.9496
Taco Bell,TN,Knoxville,37912,-83.9848529219796,36.007544656147445,35.9692,-83.9496
Taco Bell,TN,Knoxville,37920,-83.85927717786913,35.91071405976072,35.9692,-83.9496
Taco Bell,TN,Knoxville,37918,-83.90934861580081,36.0608462800731,35.9692,-83.9496
Taco Bell,TN,Knoxville,37921,-84.00291916388775,35.979295603244665,35.9692,-83.9496
Taco Bell,TN,Knoxville,37912,-83.9848529219796,36.007544656147445,35.9692,-83.9496
Taco Bell,TN,Knoxville,37922,-84.1003083411886,35.86153014605529,35.9692,-83.9496
Taco Bell,TN,Knoxville,37917,-83.9137020653448,36.00118629384006,35.9692,-83.9496
Taco Bell,TN,Knoxville,37916,-83.93345605109866,35.953117732248785,35.9692,-83.9496
Taco Bell,TN,Knoxville,37922,-84.1003083411886,35.86153014605529,35.9692,-83.9496
Taco Bell,TN,Knoxville,37918,-83.90934861580081,36.0608462800731,35.9692,-83.9496
Taco Bell,TN,Knoxville,37924,-83.80247242364791,36.03577765534613,35.9692,-83.9496
Taco Bell,TN,Knoxville,37923,-84.08014156357773,35.9261168294127,35.9692,-83.9496
Taco Bell,TN,Knoxville,37919,-84.00106356172316,35.91431902807433,35.9692,-83.9496
Taco Bell,TN,Knoxville,37922,-84.1003083411886,35.86153014605529,35.9692,-83.9496
Taco Bell,TN,Knoxville,37931,-84.1251877519137,35.97602620585392,35.9692,-83.9496
Taco Bell,TN,Kodak,37764,-83.61712713918565,35.97096429657329,,
Taco Bell,TN,Vergne,37086,-86.5591909615871,36.02120770635319,,
Taco Bell,TN,Lafayette,37083,-86.00239693999514,36.543994514935775,30.2082,-92.0325
Taco Bell,TN,Lakeland,38002,-89.70839865292882,35.28693546117932,28.0557,-81.9545
Taco Bell,TN,Lawrenceburg,38464,-87.42956610567465,35.28669181431921,38.0332,-84.9031
Taco Bell,TN,Lebanon,37087,-86.27212682475512,36.27276794999843,40.3412,-76.4228
Taco Bell,TN,Lebanon,37087,-86.27212682475512,36.27276794999843,40.3412,-76.4228
Taco Bell,TN,Lebanon,37090,-86.29663338624626,36.12506908440997,40.3412,-76.4228
Taco Bell,TN,City,37771,-84.31655491265307,35.83929690909069,,
Taco Bell,TN,Lewisburg,37091,-86.76277468785536,35.48619098536062,35.451,-86.7901
Taco Bell,TN,Lexington,38351,-88.40305791379474,35.66539302170732,38.0423,-84.4587
Taco Bell,TN,Livingston,38570,-85.32082579931108,36.37413443316889,40.7855,-74.3291
Taco Bell,TN,Loudon,37774,-84.35411226934343,35.730413753184195,,
Taco Bell,TN,Madison,37115,-86.69605617898911,36.25447771036904,43.0822,-89.393
Taco Bell,TN,Madison,37115,-86.69605617898911,36.25447771036904,43.0822,-89.393
Taco Bell,TN,Madisonville,37354,-84.3484597497057,35.50009588189899,37.3409,-87.5034
Taco Bell,TN,Manchester,37355,-86.08475353433475,35.50099191655648,42.9848,-71.4447
Taco Bell,TN,Martin,38237,-88.83436002718443,36.35950000482346,36.3385,-88.8513
Taco Bell,TN,Maryville,37801,-84.08769069936416,35.668110904014604,35.7468,-83.9789
Taco Bell,TN,Maryville,37801,-84.08769069936416,35.668110904014604,35.7468,-83.9789
Taco Bell,TN,Maryville,37804,-83.89315983182291,35.7920524262483,35.7468,-83.9789
Taco Bell,TN,McDonald,37353,-84.98666983592867,35.118644257943984,,
Taco Bell,TN,McMinnville,37110,-85.7446282109344,35.64416229386114,45.211,-123.1918
Taco Bell,TN,Memphis,38119,-89.84588026232085,35.07980671819204,35.1087,-89.9663
Taco Bell,TN,Memphis,38106,-90.09688385742474,35.10141479698146,35.1087,-89.9663
Taco Bell,TN,Memphis,38133,-89.7942954681085,35.212884358263196,35.1087,-89.9663
Taco Bell,TN,Memphis,38125,-89.78863570903073,35.025912140616704,35.1087,-89.9663
Taco Bell,TN,Memphis,38115,-89.8636177334866,35.05496631815522,35.1087,-89.9663
Taco Bell,TN,Memphis,38118,-89.93151371752596,35.03599032149549,35.1087,-89.9663
Taco Bell,TN,Memphis,38141,-89.85479033249563,35.01603266544294,35.1087,-89.9663
Taco Bell,TN,Memphis,38122,-89.92121611509543,35.15893032722706,35.1087,-89.9663
Taco Bell,TN,Memphis,38116,-90.01096467638507,35.03341056318718,35.1087,-89.9663
Taco Bell,TN,Memphis,38109,-90.14952970168181,35.03382535552113,35.1087,-89.9663
Taco Bell,TN,Memphis,38118,-89.93151371752596,35.03599032149549,35.1087,-89.9663
Taco Bell,TN,Memphis,38118,-89.93151371752596,35.03599032149549,35.1087,-89.9663
Taco Bell,TN,Memphis,38116,-90.01096467638507,35.03341056318718,35.1087,-89.9663
Taco Bell,TN,Memphis,38111,-89.94414694316598,35.11016766088374,35.1087,-89.9663
Taco Bell,TN,Memphis,38127,-90.01758805277534,35.23765768431387,35.1087,-89.9663
Taco Bell,TN,Memphis,38128,-89.92615400295101,35.226092639104294,35.1087,-89.9663
Taco Bell,TN,Memphis,38114,-89.98585476873349,35.09648101793002,35.1087,-89.9663
Taco Bell,TN,Memphis,38118,-89.93151371752596,35.03599032149549,35.1087,-89.9663
Taco Bell,TN,Memphis,38127,-90.01758805277534,35.23765768431387,35.1087,-89.9663
Taco Bell,TN,Memphis,38133,-89.7942954681085,35.212884358263196,35.1087,-89.9663
Taco Bell,TN,Memphis,38134,-89.85991147361972,35.17693788340194,35.1087,-89.9663
Taco Bell,TN,Memphis,38104,-90.0037288658669,35.13254903299128,35.1087,-89.9663
Taco Bell,TN,Memphis,38104,-90.0037288658669,35.13254903299128,35.1087,-89.9663
Taco Bell,TN,Memphis,38119,-89.84588026232085,35.07980671819204,35.1087,-89.9663
Taco Bell,TN,Milan,38358,-88.75925983317912,35.91667916052874,,
Taco Bell,TN,Millington,38053,-89.95338994861855,35.3442095570998,35.335,-89.8991
Taco Bell,TN,Monteagle,37356,-85.82421115589928,35.22899674419925,,
Taco Bell,TN,Monterey,38574,-85.23314924199414,36.13735848544313,36.5919,-121.8808
Taco Bell,TN,Morristown,37813,-83.26502684406519,36.175993161210904,36.2043,-83.3001
Taco Bell,TN,Morristown,37814,-83.33153705456843,36.235622659142564,36.2043,-83.3001
Taco Bell,TN,Juliet,37122,-86.48888334721774,36.17751571145111,,
Taco Bell,TN,Juliet,37122,-86.48888334721774,36.17751571145111,,
Taco Bell,TN,City,37683,-81.82204524324224,36.454743871904725,,
Taco Bell,TN,Murfreesboro,37129,-86.44047952025988,35.92714437060022,35.849,-86.4121
Taco Bell,TN,Murfreesboro,37128,-86.47276773787351,35.79916284070942,35.849,-86.4121
Taco Bell,TN,Murfreesboro,37129,-86.44047952025988,35.92714437060022,35.849,-86.4121
Taco Bell,TN,Murfreesboro,37127,-86.3277237592579,35.781213030540805,35.849,-86.4121
Taco Bell,TN,Murfreesboro,37130,-86.32911873348107,35.878978158492686,35.849,-86.4121
Taco Bell,TN,Murfreesboro,37130,-86.32911873348107,35.878978158492686,35.849,-86.4121
Taco Bell,TN,Murfreesboro,37128,-86.47276773787351,35.79916284070942,35.849,-86.4121
Taco Bell,TN,Murfreesboro,37130,-86.32911873348107,35.878978158492686,35.849,-86.4121
Taco Bell,TN,Murfreesboro,37127,-86.3277237592579,35.781213030540805,35.849,-86.4121
Taco Bell,TN,Murfreesboro,37128,-86.47276773787351,35.79916284070942,35.849,-86.4121
Taco Bell,TN,Nashville,37232,,,36.1715,-86.7842
Taco Bell,TN,Nashville,37207,-86.77652902112403,36.23284895584128,36.1715,-86.7842
Taco Bell,TN,Nashville,37228,-86.80408812168925,36.19503453815626,36.1715,-86.7842
Taco Bell,TN,Nashville,37207,-86.77652902112403,36.23284895584128,36.1715,-86.7842
Taco Bell,TN,Nashville,37214,-86.66510086038578,36.163083815041354,36.1715,-86.7842
Taco Bell,TN,Nashville,37216,-86.7264271155115,36.21604527378259,36.1715,-86.7842
Taco Bell,TN,Nashville,37209,-86.92159633320458,36.15547096665634,36.1715,-86.7842
Taco Bell,TN,Nashville,37204,-86.77428306755048,36.106735606901985,36.1715,-86.7842
Taco Bell,TN,Nashville,37221,-86.97339034723974,36.05562801638165,36.1715,-86.7842
Taco Bell,TN,Nashville,37214,-86.66510086038578,36.163083815041354,36.1715,-86.7842
Taco Bell,TN,Nashville,37217,-86.65899942761773,36.105130771604586,36.1715,-86.7842
Taco Bell,TN,Nashville,37211,-86.72370013970612,36.06722780462911,36.1715,-86.7842
Taco Bell,TN,Nashville,37211,-86.72370013970612,36.06722780462911,36.1715,-86.7842
Taco Bell,TN,Nashville,37211,-86.72370013970612,36.06722780462911,36.1715,-86.7842
Taco Bell,TN,Nashville,37201,-86.77741670042528,36.1659781256268,36.1715,-86.7842
Taco Bell,TN,Nashville,37211,-86.72370013970612,36.06722780462911,36.1715,-86.7842
Taco Bell,TN,Nashville,37217,-86.65899942761773,36.105130771604586,36.1715,-86.7842
Taco Bell,TN,Newport,37821,-83.19481010591176,35.976219814928065,41.4801,-71.3203
Taco Bell,TN,Ridge,37830,-84.29123271878461,35.9649919127567,40.9068,-72.8816
Taco Bell,TN,Ridge,37830,-84.29123271878461,35.9649919127567,40.9068,-72.8816
Taco Bell,TN,Oakland,38060,-89.50331306677451,35.20909047672195,37.7904,-122.2166
Taco Bell,TN,Hickory,37138,-86.6193556806854,36.2466780940023,35.741,-81.3223
Taco Bell,TN,Oneida,37841,-84.57838002775428,36.51841771778872,43.0769,-75.6622
Taco Bell,TN,Ooltewah,37363,-85.064296759068,35.11407619613428,,
Taco Bell,TN,Ooltewah,37363,-85.064296759068,35.11407619613428,,
Taco Bell,TN,Paris,38242,-88.3280149667687,36.303723167514484,33.6688,-95.546
Taco Bell,TN,Forge,37863,-83.56221727117968,35.78596573102322,,
Taco Bell,TN,Forge,37863,-83.56221727117968,35.78596573102322,,
Taco Bell,TN,Pikeville,37367,-85.22661807148896,35.63169756814292,,
Taco Bell,TN,Flats,37686,-82.34492211212729,36.44201740404659,,
Taco Bell,TN,View,37146,-87.03330953195731,36.401651274888614,,
Taco Bell,TN,Portland,37148,-86.50180830457955,36.57394300379754,45.5371,-122.65
Taco Bell,TN,Powell,37849,-84.04312449537045,36.058501968217506,40.1689,-83.0829
Taco Bell,TN,Pulaski,38478,-87.01128041528297,35.21489269362453,37.0528,-80.7624
Taco Bell,TN,Bank,37415,-85.2801438379857,35.12733740169132,,
Taco Bell,TN,Ripley,38063,-89.63996818237321,35.755789878294415,,
Taco Bell,TN,Rockwood,37854,-84.71717450620618,35.878672188549,37.463,-77.5744
Taco Bell,TN,Top,37769,-84.15333493106012,36.21841151187465,,
Taco Bell,TN,Rogersville,37857,-82.94222833679586,36.42007294165462,,
Taco Bell,TN,Savannah,38372,-88.14370102504154,35.16948177523079,32.0286,-81.1821
Taco Bell,TN,Selmer,38375,-88.58932931474166,35.15769767476878,,
Taco Bell,TN,Sevierville,37864,,,35.8872,-83.5678
Taco Bell,TN,Sevierville,37876,-83.47940179282817,35.865831476460215,35.8872,-83.5678
Taco Bell,TN,Seymour,37865,-83.74097446720336,35.84935719416437,38.9476,-85.8911
Taco Bell,TN,Shelbyville,37160,-86.48382566547303,35.46394715026318,35.4987,-86.4517
Taco Bell,TN,Smithville,37166,-85.78930595269375,35.924595817111836,39.3919,-94.5747
Taco Bell,TN,Smyrna,37167,-86.5327144575444,35.958557010356024,33.8633,-84.5168
Taco Bell,TN,Smyrna,37167,-86.5327144575444,35.958557010356024,33.8633,-84.5168
Taco Bell,TN,Smyrna,37167,-86.5327144575444,35.958557010356024,33.8633,-84.5168
Taco Bell,TN,Smyrna,37167,-86.5327144575444,35.958557010356024,33.8633,-84.5168
Taco Bell,TN,Daisy,37379,-85.17353261672098,35.29450696406895,,
Taco Bell,TN,Sparta,38583,-85.43926851546603,35.94325285858557,41.0486,-74.6264
Taco Bell,TN,Hill,37174,-86.8998571452321,35.72175740978686,,
Taco Bell,TN,Hill,37174,-86.8998571452321,35.72175740978686,,
Taco Bell,TN,Springfield,37172,-86.86096526297645,36.53549529489181,42.1155,-72.5395
Taco Bell,TN,Sweetwater,37874,-84.45766993488444,35.598104917541036,25.7785,-80.376
Taco Bell,TN,Talbott,37877,-83.40300192984046,36.150939698098554,,
Taco Bell,TN,Tazewell,37879,-83.4952374233435,36.47713797468157,,
Taco Bell,TN,Trenton,38382,-88.9929056896428,35.96723589163253,40.2237,-74.7641
Taco Bell,TN,Tullahoma,37388,-86.2199837419847,35.34684072120051,35.3721,-86.2172
Taco Bell,TN,City,38261,-89.11648514041637,36.432385875781065,,
Taco Bell,TN,Wartburg,37887,-84.58468321217723,36.096669074696806,,
Taco Bell,TN,Westmoreland,37186,-86.230123374445,36.58708818408457,,
Taco Bell,TN,House,37188,-86.68130336837767,36.48021443768032,,
Taco Bell,TN,Pine,37890,-83.29331538435761,36.081511796225925,40.6437,-80.0315
Taco Bell,TN,Woodbury,37190,-86.03990019192291,35.82912314744665,44.9057,-92.923
Taco Bell,TX,Abilene,79605,-99.78196850671355,32.4339713427069,32.4543,-99.7384
Taco Bell,TX,Abilene,79605,-99.78196850671355,32.4339713427069,32.4543,-99.7384
Taco Bell,TX,Abilene,79601,-99.66351263918673,32.57963945585561,32.4543,-99.7384
Taco Bell,TX,Abilene,79605,-99.78196850671355,32.4339713427069,32.4543,-99.7384
Taco Bell,TX,Aledo,76008,-97.62370106887954,32.6928178976949,,
Taco Bell,TX,Alice,78332,-98.14281695740844,27.718429899804793,27.7556,-98.0653
Taco Bell,TX,Allen,75002,-96.60756630860084,33.089657369223445,33.1088,-96.6735
Taco Bell,TX,Allen,75002,-96.60756630860084,33.089657369223445,33.1088,-96.6735
Taco Bell,TX,Allen,75013,-96.69409197891432,33.11463107908148,33.1088,-96.6735
Taco Bell,TX,Allen,75002,-96.60756630860084,33.089657369223445,33.1088,-96.6735
Taco Bell,TX,Alleyton,78935,-96.43037537718935,29.690363342857715,,
Taco Bell,TX,Alvarado,76009,-97.20169495075653,32.41578123275316,,
Taco Bell,TX,Alvin,77511,-95.24203287037038,29.381457426387076,29.3872,-95.2938
Taco Bell,TX,Amarillo,79109,-101.88644924105597,35.16634726207146,35.1984,-101.8316
Taco Bell,TX,Amarillo,79102,-101.84667586578922,35.19952564216829,35.1984,-101.8316
Taco Bell,TX,Amarillo,79109,-101.88644924105597,35.16634726207146,35.1984,-101.8316
Taco Bell,TX,Amarillo,79107,-101.80226599244008,35.22940527605803,35.1984,-101.8316
Taco Bell,TX,Amarillo,79103,-101.7944046192182,35.177350895404665,35.1984,-101.8316
Taco Bell,TX,Amarillo,79106,-101.89514918546115,35.20321473280699,35.1984,-101.8316
Taco Bell,TX,Amarillo,79118,-101.73883922176768,35.09861940063187,35.1984,-101.8316
Taco Bell,TX,Angleton,77515,-95.44987077814022,29.174323559932546,29.1721,-95.4293
Taco Bell,TX,Anna,75409,-96.5273402200967,33.35196371753172,33.3472,-96.5508
Taco Bell,TX,Anthony,79821,-106.59779667906122,31.976931391021026,32.0131,-106.5984
Taco Bell,TX,Argyle,76226,-97.16945037758057,33.110357559254666,,
Taco Bell,TX,Arlington,76017,-97.16255704485586,32.66205754610543,32.6998,-97.125
Taco Bell,TX,Arlington,76010,-97.080311128844,32.72282791343483,32.6998,-97.125
Taco Bell,TX,Arlington,76013,-97.15644776686156,32.72030410691586,32.6998,-97.125
Taco Bell,TX,Arlington,76011,-97.08255240407121,32.754238889094964,32.6998,-97.125
Taco Bell,TX,Arlington,76010,-97.080311128844,32.72282791343483,32.6998,-97.125
Taco Bell,TX,Arlington,76017,-97.16255704485586,32.66205754610543,32.6998,-97.125
Taco Bell,TX,Arlington,76002,-97.09224665812262,32.62262092759411,32.6998,-97.125
Taco Bell,TX,Arlington,76017,-97.16255704485586,32.66205754610543,32.6998,-97.125
Taco Bell,TX,Arlington,76018,-97.09001697915883,32.66078135646916,32.6998,-97.125
Taco Bell,TX,Athens,75751,-95.90830261342883,32.096421396603056,33.9508,-83.3689
Taco Bell,TX,Atlanta,75551,-94.2019864269486,33.11557046476117,33.7628,-84.422
Taco Bell,TX,Aubrey,76227,-96.990511078662,33.27391347813822,,
Taco Bell,TX,Austin,78752,-97.70428355904077,30.331815217842106,30.3005,-97.7522
Taco Bell,TX,Austin,78758,-97.70684726574639,30.38798838784761,30.3005,-97.7522
Taco Bell,TX,Austin,78750,-97.80246404697479,30.41825461176788,30.3005,-97.7522
Taco Bell,TX,Austin,78748,-97.823450525149,30.165356157036843,30.3005,-97.7522
Taco Bell,TX,Austin,78723,-97.68571332837318,30.30426972534033,30.3005,-97.7522
Taco Bell,TX,Austin,78759,-97.76103913079963,30.4026673475692,30.3005,-97.7522
Taco Bell,TX,Austin,78727,-97.71740669061043,30.4295009699904,30.3005,-97.7522
Taco Bell,TX,Austin,78745,-97.79738103945827,30.206850681601125,30.3005,-97.7522
Taco Bell,TX,Austin,78726,-97.84206609065487,30.429505627105375,30.3005,-97.7522
Taco Bell,TX,Austin,78744,-97.72919937149345,30.18277560290645,30.3005,-97.7522
Taco Bell,TX,Austin,78704,-97.76536643966934,30.243160007682395,30.3005,-97.7522
Taco Bell,TX,Austin,78745,-97.79738103945827,30.206850681601125,30.3005,-97.7522
Taco Bell,TX,Austin,78717,-97.75399101262369,30.489915296235395,30.3005,-97.7522
Taco Bell,TX,Austin,78722,-97.71469992894531,30.289957836005946,30.3005,-97.7522
Taco Bell,TX,Austin,78757,-97.73256961199942,30.351538266131723,30.3005,-97.7522
Taco Bell,TX,Austin,78753,-97.67363258730377,30.3820285116024,30.3005,-97.7522
Taco Bell,TX,Austin,78741,-97.7140165038073,30.230488859883668,30.3005,-97.7522
Taco Bell,TX,Austin,78754,-97.64482248675738,30.355762374314406,30.3005,-97.7522
Taco Bell,TX,Austin,78704,-97.76536643966934,30.243160007682395,30.3005,-97.7522
Taco Bell,TX,Austin,78748,-97.823450525149,30.165356157036843,30.3005,-97.7522
Taco Bell,TX,Austin,78728,-97.68989781144569,30.456572015503998,30.3005,-97.7522
Taco Bell,TX,Azle,76020,-97.56544819656155,32.90002899106604,32.8955,-97.5379
Taco Bell,TX,Springs,75180,-96.61843371223026,32.71890112415488,41.0212,-72.1584
Taco Bell,TX,Bastrop,78602,-97.3284267259118,30.123800503994122,30.1113,-97.3176
Taco Bell,TX,Baytown,77521,-94.96589012869802,29.798488312494317,29.7587,-94.9671
Taco Bell,TX,Baytown,77521,-94.96589012869802,29.798488312494317,29.7587,-94.9671
Taco Bell,TX,Baytown,77520,-94.99418882970542,29.732976113880188,29.7587,-94.9671
Taco Bell,TX,Baytown,77520,-94.99418882970542,29.732976113880188,29.7587,-94.9671
Taco Bell,TX,Beaumont,77706,-94.17074920239918,30.09975128414483,30.0849,-94.1451
Taco Bell,TX,Beaumont,77706,-94.17074920239918,30.09975128414483,30.0849,-94.1451
Taco Bell,TX,Beaumont,77705,-94.16147307212917,29.904589769902756,30.0849,-94.1451
Taco Bell,TX,Beaumont,77701,-94.10596624098457,30.073148327806738,30.0849,-94.1451
Taco Bell,TX,Bedford,76021,-97.13122963666737,32.85229501543254,32.8464,-97.135
Taco Bell,TX,Bedford,76022,-97.14516295004698,32.830658342918355,32.8464,-97.135
Taco Bell,TX,Beeville,78102,-97.71085930981032,28.402475478008448,28.4053,-97.749
Taco Bell,TX,Belton,76513,-97.49964575396812,31.051359091337908,38.8192,-94.5335
Taco Bell,TX,Belton,76513,-97.49964575396812,31.051359091337908,38.8192,-94.5335
Taco Bell,TX,Lake,76932,-101.54093827104342,31.269472314571228,,
Taco Bell,TX,Spring,79720,-101.47295395899476,32.25360887407213,30.0613,-95.383
Taco Bell,TX,Boerne,78006,-98.72261771280544,29.85533543650183,29.7847,-98.7292
Taco Bell,TX,Bonham,75418,-96.17764758211067,33.5726981574958,33.588,-96.1901
Taco Bell,TX,Borger,79007,-101.39790282870243,35.69975520758964,35.6598,-101.4012
Taco Bell,TX,Brenham,77833,-96.40705506552662,30.210677899433637,30.1584,-96.3966
Taco Bell,TX,City,77611,-93.82256182563025,30.013200909634918,,
Taco Bell,TX,Bridgeport,76426,-97.84272333734184,33.16681899177232,41.1918,-73.1954
Taco Bell,TX,Brookshire,77423,-95.98252645189466,29.838913747934896,,
Taco Bell,TX,Brownfield,79316,-102.31615340454657,33.144351550395,33.1757,-102.273
Taco Bell,TX,Brownsville,78520,-97.55033783237583,25.963596269578893,25.9975,-97.458
Taco Bell,TX,Brownsville,78521,-97.31974006172928,25.951427736742236,25.9975,-97.458
Taco Bell,TX,Brownwood,76801,-99.03991427722805,31.742503984509394,31.7127,-98.9767
Taco Bell,TX,Bryan,77803,-96.38544202565207,30.680762924185604,30.665,-96.3807
Taco Bell,TX,Bryan,77802,-96.32261205782739,30.661247263248914,30.665,-96.3807
Taco Bell,TX,Bryan,77808,-96.31434143626642,30.789340287443352,30.665,-96.3807
Taco Bell,TX,Bryan,77803,-96.38544202565207,30.680762924185604,30.665,-96.3807
Taco Bell,TX,Buda,78610,-97.83738678252968,30.077218490404462,30.0758,-97.8487
Taco Bell,TX,Buffalo,75831,-96.01471299121842,31.462304048112724,42.9018,-78.8487
Taco Bell,TX,Bulverde,78070,-98.40629700522645,29.89823191094116,,
Taco Bell,TX,Burkburnett,76354,-98.62125338691447,34.0973872586134,34.0746,-98.5672
Taco Bell,TX,Burleson,76028,-97.30317754577048,32.52603292109373,32.517,-97.3344
Taco Bell,TX,Burnet,78611,-98.26015965744143,30.791772816975964,,
Taco Bell,TX,Canton,75103,-95.88234291134576,32.51192673346268,40.8078,-81.3676
Taco Bell,TX,Canyon,79015,-101.91640541926671,34.94033462972236,34.9911,-101.919
Taco Bell,TX,Carrollton,75010,-96.8967469484685,33.03426475067113,32.989,-96.8999
Taco Bell,TX,Carrollton,75006,-96.8970025475561,32.961853224745596,32.989,-96.8999
Taco Bell,TX,Carrollton,75007,-96.89711061195383,33.00461873100372,32.989,-96.8999
Taco Bell,TX,Carrollton,75007,-96.89711061195383,33.00461873100372,32.989,-96.8999
Taco Bell,TX,Carthage,75633,-94.27708554469635,32.12893308461726,37.1503,-94.3225
Taco Bell,TX,Hill,75104,-96.9661659495112,32.580443283898674,,
Taco Bell,TX,Park,78613,-97.82460670549338,30.50396748902014,,
Taco Bell,TX,Park,78613,-97.82460670549338,30.50396748902014,,
Taco Bell,TX,Celina,75009,-96.7503557571113,33.34028974151725,33.3154,-96.7941
Taco Bell,TX,Center,75935,-94.20157422383848,31.732684276392437,40.6483,-80.2977
Taco Bell,TX,Chandler,75758,-95.50735959794241,32.27539639224639,33.2825,-111.8514
Taco Bell,TX,Channelview,77530,-95.11151047474087,29.788355367596115,29.7914,-95.1144
Taco Bell,TX,Childress,79201,-100.28089851546402,34.43715035691888,,
Taco Bell,TX,Cibolo,78108,-98.21881040334935,29.574328493538207,29.5634,-98.2115
Taco Bell,TX,Cleburne,76033,-97.51138302067228,32.28510288320663,32.3568,-97.4151
Taco Bell,TX,Cleburne,76033,-97.51138302067228,32.28510288320663,32.3568,-97.4151
Taco Bell,TX,Cleveland,77327,-94.92633387782519,30.321547559876613,41.4764,-81.6805
Taco Bell,TX,Clute,77531,-95.39242600079884,29.049342828512387,29.0256,-95.3975
Taco Bell,TX,Station,77845,-96.27562987585556,30.56253546937022,,
Taco Bell,TX,Station,77840,-96.3259955897652,30.609071721220825,,
Taco Bell,TX,Station,77840,-96.3259955897652,30.609071721220825,,
Taco Bell,TX,Station,77845,-96.27562987585556,30.56253546937022,,
Taco Bell,TX,Colleyville,76034,-97.14878712673622,32.89120244697841,32.8913,-97.1486
Taco Bell,TX,Commerce,75428,-95.91605077043789,33.26848769557536,33.9963,-118.1519
Taco Bell,TX,Conroe,77301,-95.43431203957768,30.307954970278278,30.3238,-95.4824
Taco Bell,TX,Conroe,77304,-95.51411980867367,30.329506113367046,30.3238,-95.4824
Taco Bell,TX,Conroe,77303,-95.38143963173192,30.376658882371892,30.3238,-95.4824
Taco Bell,TX,Conroe,77385,-95.422247571255,30.18889703942372,30.3238,-95.4824
Taco Bell,TX,Converse,78109,-98.2914851354274,29.487859413102363,29.5091,-98.3084
Taco Bell,TX,Coppell,75019,-96.98550609352698,32.963280378570865,32.9639,-96.9903
Taco Bell,TX,Cove,76522,-97.97337751369139,31.216044278405306,,
Taco Bell,TX,Corinth,76210,-97.09596622829682,33.15036974866803,33.1434,-97.0682
Taco Bell,TX,Christi,78414,-97.36893034130993,27.660300727578957,,
Taco Bell,TX,Christi,78411,-97.38569214154609,27.72953988888842,,
Taco Bell,TX,Christi,78415,-97.48180620852094,27.65655860258574,,
Taco Bell,TX,Christi,78411,-97.38569214154609,27.72953988888842,,
Taco Bell,TX,Christi,78405,-97.43877364625712,27.774248388218023,,
Taco Bell,TX,Christi,78412,-97.34297417792925,27.703826377293403,,
Taco Bell,TX,Christi,78418,-97.26048508617323,27.621631105187472,,
Taco Bell,TX,Christi,78410,-97.5965556671306,27.83850328138384,,
Taco Bell,TX,Christi,78413,-97.40538098314624,27.683521413241127,,
Taco Bell,TX,Christi,78410,-97.5965556671306,27.83850328138384,,
Taco Bell,TX,Corsicana,75110,-96.52878221876759,32.08693062174407,32.0824,-96.4665
Taco Bell,TX,Corsicana,75109,-96.35403467017203,32.04520646571583,32.0824,-96.4665
Taco Bell,TX,Crockett,75835,-95.49194122485929,31.293487434351064,,
Taco Bell,TX,Crosby,77532,-95.05656027142712,29.930184642239382,,
Taco Bell,TX,Roads,76227,-96.990511078662,33.27391347813822,,
Taco Bell,TX,Crowley,76036,-97.41283660701171,32.57704054903302,32.5781,-97.3585
Taco Bell,TX,Cypress,77429,-95.65883536068043,29.991025739436722,33.8171,-118.0386
Taco Bell,TX,Cypress,77433,-95.7392104650902,29.949131189288593,33.8171,-118.0386
Taco Bell,TX,Cypress,77433,-95.7392104650902,29.949131189288593,33.8171,-118.0386
Taco Bell,TX,Cypress,77429,-95.65883536068043,29.991025739436722,33.8171,-118.0386
Taco Bell,TX,Cypress,77429,-95.65883536068043,29.991025739436722,33.8171,-118.0386
Taco Bell,TX,Cypress,77433,-95.7392104650902,29.949131189288593,33.8171,-118.0386
Taco Bell,TX,Dalhart,79022,-102.61110733343348,36.1066197990189,,
Taco Bell,TX,Dallas,75217,-96.68118232730663,32.71215252521925,32.7935,-96.7667
Taco Bell,TX,Dallas,75211,-96.90297560755114,32.73494378138538,32.7935,-96.7667
Taco Bell,TX,Dallas,75211,-96.90297560755114,32.73494378138538,32.7935,-96.7667
Taco Bell,TX,Dallas,75243,-96.73564041679985,32.912137802203986,32.7935,-96.7667
Taco Bell,TX,Dallas,75241,-96.75902971736875,32.66568646064646,32.7935,-96.7667
Taco Bell,TX,Dallas,75235,-96.84850427507952,32.832532572527164,32.7935,-96.7667
Taco Bell,TX,Dallas,75223,-96.74400244884606,32.79224414881114,32.7935,-96.7667
Taco Bell,TX,Dallas,75217,-96.68118232730663,32.71215252521925,32.7935,-96.7667
Taco Bell,TX,Dallas,75204,-96.7888531715083,32.802126891097316,32.7935,-96.7667
Taco Bell,TX,Dallas,75216,-96.783659483323,32.711620628852884,32.7935,-96.7667
Taco Bell,TX,Dallas,75220,-96.87617940974646,32.86667615690486,32.7935,-96.7667
Taco Bell,TX,Dallas,75212,-96.87909606781298,32.78144134794044,32.7935,-96.7667
Taco Bell,TX,Dallas,75243,-96.73564041679985,32.912137802203986,32.7935,-96.7667
Taco Bell,TX,Dallas,75241,-96.75902971736875,32.66568646064646,32.7935,-96.7667
Taco Bell,TX,Dallas,75206,-96.77028841878956,32.83155491701727,32.7935,-96.7667
Taco Bell,TX,Dallas,75212,-96.87909606781298,32.78144134794044,32.7935,-96.7667
Taco Bell,TX,Dallas,75287,-96.84111017058639,33.00030404276477,32.7935,-96.7667
Taco Bell,TX,Dallas,75287,-96.84111017058639,33.00030404276477,32.7935,-96.7667
Taco Bell,TX,Dallas,75218,-96.70234953206543,32.84149399814168,32.7935,-96.7667
Taco Bell,TX,Dallas,75240,-96.78859675580732,32.9317580128874,32.7935,-96.7667
Taco Bell,TX,Dallas,75238,-96.70781868602926,32.878497889848184,32.7935,-96.7667
Taco Bell,TX,Dallas,75228,-96.67992261576336,32.824439144276674,32.7935,-96.7667
Taco Bell,TX,Dallas,75231,-96.74978181104365,32.87763289664761,32.7935,-96.7667
Taco Bell,TX,Dallas,75219,-96.81289713362027,32.8118139353197,32.7935,-96.7667
Taco Bell,TX,Dallas,75244,-96.83661700813768,32.92540744935255,32.7935,-96.7667
Taco Bell,TX,Dallas,75229,-96.86438313073242,32.89376105657244,32.7935,-96.7667
Taco Bell,TX,Dallas,75232,-96.84012789201552,32.66093985142471,32.7935,-96.7667
Taco Bell,TX,Dallas,75254,-96.80138062168274,32.94561698468618,32.7935,-96.7667
Taco Bell,TX,Dallas,75243,-96.73564041679985,32.912137802203986,32.7935,-96.7667
Taco Bell,TX,Dallas,75237,-96.87305608229941,32.66561941930426,32.7935,-96.7667
Taco Bell,TX,Dayton,77535,-94.91787067923977,30.057029217550067,39.7805,-84.2003
Taco Bell,TX,Decatur,76234,-97.51416775563875,33.272004117010965,39.8557,-88.9342
Taco Bell,TX,Park,77536,-95.12128835145468,29.69837394455449,,
Taco Bell,TX,Rio,78840,-100.8827059159962,29.74203393407592,,
Taco Bell,TX,Denison,75020,-96.6041368608321,33.77167527500205,33.7672,-96.5808
Taco Bell,TX,Denison,75020,-96.6041368608321,33.77167527500205,33.7672,-96.5808
Taco Bell,TX,Denton,76201,-97.14724744798545,33.22112916251512,33.2175,-97.1418
Taco Bell,TX,Denton,76210,-97.09596622829682,33.15036974866803,33.2175,-97.1418
Taco Bell,TX,Denton,76205,-97.12812156278913,33.190278744554185,33.2175,-97.1418
Taco Bell,TX,Denton,76201,-97.14724744798545,33.22112916251512,33.2175,-97.1418
Taco Bell,TX,Denton,76209,-97.10987191585745,33.23155321848213,33.2175,-97.1418
Taco Bell,TX,Desoto,75115,-96.86372976726328,32.59884429704036,,
Taco Bell,TX,Dickinson,77539,-95.03179925829312,29.45597840542343,46.8918,-102.7925
Taco Bell,TX,Springs,78620,-98.12893355565379,30.21895730107902,41.0212,-72.1584
Taco Bell,TX,Dumas,79029,-102.0242934790199,35.895172056779906,35.8613,-101.9642
Taco Bell,TX,Duncanville,75116,-96.91396407140964,32.660145542641565,32.646,-96.9127
Taco Bell,TX,Pass,78852,-100.31077626836841,28.752032104740163,,
Taco Bell,TX,Eastland,76448,-98.80079971960645,32.400136528595,,
Taco Bell,TX,Edinburg,78539,-98.18322866091991,26.27918587563528,26.3196,-98.1597
Taco Bell,TX,Campo,77437,-96.28032783649277,29.21304184235528,,
Taco Bell,TX,Paso,79924,-106.41324325975218,31.9024441988579,,
Taco Bell,TX,Paso,79912,-106.53264104339159,31.8482220779274,,
Taco Bell,TX,Paso,79936,-106.29784143235057,31.77618272209192,,
Taco Bell,TX,Paso,79936,-106.29784143235057,31.77618272209192,,
Taco Bell,TX,Paso,79904,-106.44650986566991,31.85288922444928,,
Taco Bell,TX,Paso,79907,-106.32680339597707,31.707517696025484,,
Taco Bell,TX,Paso,79912,-106.53264104339159,31.8482220779274,,
Taco Bell,TX,Paso,79938,-105.9701107449351,31.83092007428695,,
Taco Bell,TX,Paso,79936,-106.29784143235057,31.77618272209192,,
Taco Bell,TX,Paso,79925,-106.3633007464577,31.797722275259673,,
Taco Bell,TX,Paso,79912,-106.53264104339159,31.8482220779274,,
Taco Bell,TX,Paso,79906,-106.41643789740363,31.80923915094356,,
Taco Bell,TX,Paso,79925,-106.3633007464577,31.797722275259673,,
Taco Bell,TX,Paso,79907,-106.32680339597707,31.707517696025484,,
Taco Bell,TX,Paso,79934,-106.43394001228613,31.951939193118708,,
Taco Bell,TX,Paso,79912,-106.53264104339159,31.8482220779274,,
Taco Bell,TX,Paso,79938,-105.9701107449351,31.83092007428695,,
Taco Bell,TX,Paso,79924,-106.41324325975218,31.9024441988579,,
Taco Bell,TX,Paso,79925,-106.3633007464577,31.797722275259673,,
Taco Bell,TX,Paso,79902,-106.49792535018264,31.784128920283763,,
Taco Bell,TX,Paso,79928,-106.155963772229,31.628630547525464,,
Taco Bell,TX,Elgin,78621,-97.36146429118855,30.3385285872209,42.0383,-88.324
Taco Bell,TX,Elsa,78543,-97.99997415210257,26.29737505585323,,
Taco Bell,TX,Emory,75440,-95.75556686668614,32.8782360221022,,
Taco Bell,TX,Ennis,75119,-96.59330103931762,32.32976925040474,32.3254,-96.6347
Taco Bell,TX,Euless,76039,-97.08386546947348,32.85936146244309,32.8508,-97.08
Taco Bell,TX,Euless,76040,-97.09674774091343,32.814682423139374,32.8508,-97.08
Taco Bell,TX,Fairfield,75840,-96.08899698082352,31.782372289868615,38.2583,-122.0335
Taco Bell,TX,Fate,75189,-96.31193387348003,32.951828749828785,32.943,-96.3858
Taco Bell,TX,Ferris,75125,-96.62480435486117,32.53136510069276,,
Taco Bell,TX,Flint,75762,-95.41381002607557,32.21685387718016,43.0236,-83.6921
Taco Bell,TX,Floresville,78114,-98.20179483922477,29.118246138005112,,
Taco Bell,TX,Mound,75028,-97.06086054969946,33.03282713203653,44.9328,-93.6591
Taco Bell,TX,Mound,75028,-97.06086054969946,33.03282713203653,44.9328,-93.6591
Taco Bell,TX,Hill,76140,-97.27010234118559,32.62057748106465,,
Taco Bell,TX,Forney,75126,-96.45183707244952,32.74206430824203,32.744,-96.4529
Taco Bell,TX,Forney,75126,-96.45183707244952,32.74206430824203,32.744,-96.4529
Taco Bell,TX,Bliss,79916,-106.41813496463729,31.813968662029197,,
Taco Bell,TX,Stockton,79735,-102.78313220393055,30.74292438464801,37.9765,-121.3109
Taco Bell,TX,Worth,76108,-97.52195292188209,32.775937485013586,41.6877,-87.7916
Taco Bell,TX,Worth,76116,-97.44638874875307,32.721732501811324,41.6877,-87.7916
Taco Bell,TX,Worth,76102,-97.32977133605696,32.75922941966397,41.6877,-87.7916
Taco Bell,TX,Worth,76137,-97.29129177472065,32.85878280015486,41.6877,-87.7916
Taco Bell,TX,Worth,76112,-97.21846300037103,32.74808748803859,41.6877,-87.7916
Taco Bell,TX,Worth,76132,-97.41796720552138,32.66758135569398,41.6877,-87.7916
Taco Bell,TX,Worth,76106,-97.35250576941003,32.81449622530427,41.6877,-87.7916
Taco Bell,TX,Worth,76244,-97.28435538902474,32.93099215362588,41.6877,-87.7916
Taco Bell,TX,Worth,76155,-97.04868822929073,32.82399308245809,41.6877,-87.7916
Taco Bell,TX,Worth,76107,-97.38197727529453,32.741708869381625,41.6877,-87.7916
Taco Bell,TX,Worth,76133,-97.3772356377003,32.653935101495264,41.6877,-87.7916
Taco Bell,TX,Worth,76106,-97.35250576941003,32.81449622530427,41.6877,-87.7916
Taco Bell,TX,Worth,76110,-97.3388865065402,32.70695134974662,41.6877,-87.7916
Taco Bell,TX,Worth,76134,-97.33350021995983,32.64276101899451,41.6877,-87.7916
Taco Bell,TX,Worth,76120,-97.17819119122923,32.77219844544661,41.6877,-87.7916
Taco Bell,TX,Worth,76103,-97.26546211085405,32.7520718780279,41.6877,-87.7916
Taco Bell,TX,Worth,76140,-97.27010234118559,32.62057748106465,41.6877,-87.7916
Taco Bell,TX,Worth,76111,-97.29986450179419,32.77811277972734,41.6877,-87.7916
Taco Bell,TX,Worth,76123,-97.39314775601994,32.61897622229042,41.6877,-87.7916
Taco Bell,TX,Worth,76244,-97.28435538902474,32.93099215362588,41.6877,-87.7916
Taco Bell,TX,Worth,76177,-97.31117747236044,32.97524027874096,41.6877,-87.7916
Taco Bell,TX,Worth,76244,-97.28435538902474,32.93099215362588,41.6877,-87.7916
Taco Bell,TX,Freeport,77541,-95.30995432800373,29.026676716224667,40.6515,-73.585
Taco Bell,TX,Friendswood,77546,-95.19217962966549,29.514916919658692,29.511,-95.1981
Taco Bell,TX,Frisco,75034,-96.86032738120306,33.15193068815742,33.156,-96.8216
Taco Bell,TX,Frisco,75033,,,33.156,-96.8216
Taco Bell,TX,Frisco,75034,-96.86032738120306,33.15193068815742,33.156,-96.8216
Taco Bell,TX,Frisco,75033,,,33.156,-96.8216
Taco Bell,TX,Frisco,75035,-96.77270963752314,33.15536742397892,33.156,-96.8216
Taco Bell,TX,Gainesville,76240,-97.17454200452617,33.656147159254424,29.6804,-82.3459
Taco Bell,TX,Galveston,77551,-94.83299505110942,29.27842091151347,29.2484,-94.8913
Taco Bell,TX,Garland,75043,-96.57936630040727,32.85706973359274,32.91,-96.6304
Taco Bell,TX,Garland,75040,-96.6201036566218,32.927690437762486,32.91,-96.6304
Taco Bell,TX,Garland,75040,-96.6201036566218,32.927690437762486,32.91,-96.6304
Taco Bell,TX,Garland,75040,-96.6201036566218,32.927690437762486,32.91,-96.6304
Taco Bell,TX,Garland,75041,-96.65142279338345,32.8809164917601,32.91,-96.6304
Taco Bell,TX,Gatesville,76528,-97.76152748212724,31.420481445275144,31.4445,-97.7317
Taco Bell,TX,Georgetown,78626,-97.59734198707687,30.66535493122045,30.666,-97.6966
Taco Bell,TX,Georgetown,78626,-97.59734198707687,30.66535493122045,30.666,-97.6966
Taco Bell,TX,Giddings,78942,-96.92220830899706,30.169031672730007,,
Taco Bell,TX,Gilmer,75644,-94.99551686700964,32.7951013951099,,
Taco Bell,TX,Rose,76043,-97.79713287915585,32.20530462868014,,
Taco Bell,TX,Gonzales,78629,-97.45169444947513,29.47720613071443,30.2132,-90.9234
Taco Bell,TX,Graham,76450,-98.62580850208728,33.0625566907816,47.0322,-122.2827
Taco Bell,TX,Granbury,76048,-97.80876841193393,32.42319517775645,32.4475,-97.7702
Taco Bell,TX,Prairie,75050,-97.00534598538005,32.77409432403604,,
Taco Bell,TX,Prairie,75052,-97.02649341572197,32.66588886495859,,
Taco Bell,TX,Prairie,75051,-96.99440165648676,32.7275458529107,,
Taco Bell,TX,Prairie,75050,-97.00534598538005,32.77409432403604,,
Taco Bell,TX,Prairie,75052,-97.02649341572197,32.66588886495859,,
Taco Bell,TX,Prairie,75052,-97.02649341572197,32.66588886495859,,
Taco Bell,TX,Grapevine,76051,-97.07173990937122,32.92496406144235,32.9343,-97.0742
Taco Bell,TX,Grapevine,76051,-97.07173990937122,32.92496406144235,32.9343,-97.0742
Taco Bell,TX,Greenville,75401,-96.11950338360904,33.184250079387404,34.8354,-82.3646
Taco Bell,TX,Groves,77619,-93.91847967752209,29.94725123472461,29.9457,-93.9164
Taco Bell,TX,City,75156,-96.09978617891274,32.286885204512,,
Taco Bell,TX,City,76137,-97.29129177472065,32.85878280015486,,
Taco Bell,TX,City,76117,-97.2675618480666,32.80366890594845,,
Taco Bell,TX,Heights,76548,-97.64585849230097,31.050803132125335,,
Taco Bell,TX,Harlingen,78552,-97.75025185732466,26.195135594342293,26.1916,-97.6977
Taco Bell,TX,Harlingen,78550,-97.66667718642528,26.256661003533114,26.1916,-97.6977
Taco Bell,TX,Haslet,76052,-97.37655147484362,32.98624342770681,,
Taco Bell,TX,Helotes,78023,-98.74533170880703,29.610850822436394,29.5687,-98.696
Taco Bell,TX,Hempstead,77445,-96.06494995251697,30.09973789283013,40.6629,-73.6089
Taco Bell,TX,Henderson,75654,-94.82647731204214,32.080974246801894,36.0133,-115.0381
Taco Bell,TX,Hereford,79045,-102.55899701395637,34.912394657342844,34.8225,-102.4001
Taco Bell,TX,Village,75077,-97.06272405564971,33.07886331093888,,
Taco Bell,TX,Hillsboro,76645,-97.13363409828256,32.02171033714585,45.5273,-122.936
Taco Bell,TX,Hockley,77447,-95.83045077992372,30.051225979393042,,
Taco Bell,TX,Hondo,78861,-99.15449046161534,29.42669844118782,29.3531,-99.1616
Taco Bell,TX,City,79928,-106.155963772229,31.628630547525464,,
Taco Bell,TX,Houston,77038,-95.44165984610642,29.918590612454043,29.786,-95.3885
Taco Bell,TX,Houston,77095,-95.65321557101298,29.90816794079996,29.786,-95.3885
Taco Bell,TX,Houston,77018,-95.42592441585761,29.82693103583222,29.786,-95.3885
Taco Bell,TX,Houston,77064,-95.54707054822909,29.92215228970404,29.786,-95.3885
Taco Bell,TX,Houston,77042,-95.56056478004514,29.7411413090108,29.786,-95.3885
Taco Bell,TX,Houston,77089,-95.22520994039681,29.586700114710265,29.786,-95.3885
Taco Bell,TX,Houston,77022,-95.37699066755448,29.830562131550387,29.786,-95.3885
Taco Bell,TX,Houston,77026,-95.32946215931864,29.800121322904126,29.786,-95.3885
Taco Bell,TX,Houston,77057,-95.48863971811174,29.74534480907047,29.786,-95.3885
Taco Bell,TX,Houston,77036,-95.53592057245783,29.701688439911962,29.786,-95.3885
Taco Bell,TX,Houston,77066,-95.50207306000625,29.95666306723323,29.786,-95.3885
Taco Bell,TX,Houston,77063,-95.5216275510266,29.73550986641353,29.786,-95.3885
Taco Bell,TX,Houston,77024,-95.51163143419974,29.770814394083153,29.786,-95.3885
Taco Bell,TX,Houston,77044,-95.17696360566707,29.897913669111254,29.786,-95.3885
Taco Bell,TX,Houston,77030,-95.40259428728022,29.70627352015921,29.786,-95.3885
Taco Bell,TX,Houston,77070,-95.57316771410943,29.97775538443996,29.786,-95.3885
Taco Bell,TX,Houston,77077,-95.6153985463372,29.750099192266838,29.786,-95.3885
Taco Bell,TX,Houston,77034,-95.19246506389906,29.61754788956949,29.786,-95.3885
Taco Bell,TX,Houston,77044,-95.17696360566707,29.897913669111254,29.786,-95.3885
Taco Bell,TX,Houston,77086,-95.49111273353235,29.91829515471394,29.786,-95.3885
Taco Bell,TX,Houston,77084,-95.66213547819672,29.826451588661456,29.786,-95.3885
Taco Bell,TX,Houston,77045,-95.43300060140061,29.635744164232392,29.786,-95.3885
Taco Bell,TX,Houston,77038,-95.44165984610642,29.918590612454043,29.786,-95.3885
Taco Bell,TX,Houston,77040,-95.52782637852565,29.874422794325692,29.786,-95.3885
Taco Bell,TX,Houston,77058,-95.09284335663445,29.562860404084628,29.786,-95.3885
Taco Bell,TX,Houston,77099,-95.58514439410517,29.670778939797767,29.786,-95.3885
Taco Bell,TX,Houston,77068,-95.48691520454565,30.005982793988714,29.786,-95.3885
Taco Bell,TX,Houston,77070,-95.57316771410943,29.97775538443996,29.786,-95.3885
Taco Bell,TX,Houston,77021,-95.35746151624127,29.697104695060357,29.786,-95.3885
Taco Bell,TX,Houston,77084,-95.66213547819672,29.826451588661456,29.786,-95.3885
Taco Bell,TX,Houston,77093,-95.3410082508329,29.86228618328067,29.786,-95.3885
Taco Bell,TX,Houston,77065,-95.6037390175168,29.926941266012275,29.786,-95.3885
Taco Bell,TX,Houston,77051,-95.38010299656986,29.656197056283006,29.786,-95.3885
Taco Bell,TX,Houston,77085,-95.48433324036233,29.624389007107,29.786,-95.3885
Taco Bell,TX,Houston,77019,-95.41020099131107,29.75322174456966,29.786,-95.3885
Taco Bell,TX,Houston,77090,-95.44387608879524,30.008632042112882,29.786,-95.3885
Taco Bell,TX,Houston,77055,-95.49173907852224,29.797682044094756,29.786,-95.3885
Taco Bell,TX,Houston,77007,-95.41153267667302,29.771311336112852,29.786,-95.3885
Taco Bell,TX,Houston,77095,-95.65321557101298,29.90816794079996,29.786,-95.3885
Taco Bell,TX,Houston,77061,-95.28418737844812,29.65377739362337,29.786,-95.3885
Taco Bell,TX,Houston,77004,-95.36307047216677,29.724673195984714,29.786,-95.3885
Taco Bell,TX,Houston,77092,-95.4738440566645,29.829703189670365,29.786,-95.3885
Taco Bell,TX,Houston,77079,-95.60460942879835,29.776280906926996,29.786,-95.3885
Taco Bell,TX,Houston,77063,-95.5216275510266,29.73550986641353,29.786,-95.3885
Taco Bell,TX,Houston,77054,-95.40495568802385,29.680881053165027,29.786,-95.3885
Taco Bell,TX,Houston,77032,-95.34159535130684,29.964945136284722,29.786,-95.3885
Taco Bell,TX,Houston,77083,-95.64889844246511,29.693227518616833,29.786,-95.3885
Taco Bell,TX,Houston,77091,-95.44065901009442,29.853782741304993,29.786,-95.3885
Taco Bell,TX,Houston,77071,-95.52029152393594,29.652962477378374,29.786,-95.3885
Taco Bell,TX,Houston,77023,-95.31845644296453,29.72164017919698,29.786,-95.3885
Taco Bell,TX,Houston,77039,-95.34117796744077,29.90926542524845,29.786,-95.3885
Taco Bell,TX,Houston,77084,-95.66213547819672,29.826451588661456,29.786,-95.3885
Taco Bell,TX,Houston,77081,-95.48120740130872,29.711897019205466,29.786,-95.3885
Taco Bell,TX,Houston,77087,-95.30346872926066,29.686111361115568,29.786,-95.3885
Taco Bell,TX,Houston,77015,-95.17342182633892,29.764361410514447,29.786,-95.3885
Taco Bell,TX,Houston,77015,-95.17342182633892,29.764361410514447,29.786,-95.3885
Taco Bell,TX,Houston,77049,-95.14732615305786,29.83414160243008,29.786,-95.3885
Taco Bell,TX,Houston,77055,-95.49173907852224,29.797682044094756,29.786,-95.3885
Taco Bell,TX,Houston,77008,-95.41760622109182,29.798594418371906,29.786,-95.3885
Taco Bell,TX,Houston,77020,-95.31384660485855,29.7730135694445,29.786,-95.3885
Taco Bell,TX,Houston,77090,-95.44387608879524,30.008632042112882,29.786,-95.3885
Taco Bell,TX,Houston,77089,-95.22520994039681,29.586700114710265,29.786,-95.3885
Taco Bell,TX,Houston,77043,-95.58127059281011,29.811861650139846,29.786,-95.3885
Taco Bell,TX,Houston,77036,-95.53592057245783,29.701688439911962,29.786,-95.3885
Taco Bell,TX,Houston,77060,-95.39692912877345,29.935171496800685,29.786,-95.3885
Taco Bell,TX,Houston,77047,-95.38661561663962,29.6084370206036,29.786,-95.3885
Taco Bell,TX,Houston,77076,-95.38352722921171,29.859595747529177,29.786,-95.3885
Taco Bell,TX,Oaks,76087,-97.78317702569551,32.67076759467052,,
Taco Bell,TX,Humble,77338,-95.29019033376463,30.006795602223033,29.9921,-95.2655
Taco Bell,TX,Humble,77338,-95.29019033376463,30.006795602223033,29.9921,-95.2655
Taco Bell,TX,Humble,77338,-95.29019033376463,30.006795602223033,29.9921,-95.2655
Taco Bell,TX,Humble,77346,-95.17717228858346,29.994970447086963,29.9921,-95.2655
Taco Bell,TX,Humble,77396,-95.25988866675917,29.94822241652063,29.9921,-95.2655
Taco Bell,TX,Huntsville,77340,-95.53985479443082,30.643686768977535,34.6981,-86.6412
Taco Bell,TX,Huntsville,77340,-95.53985479443082,30.643686768977535,34.6981,-86.6412
Taco Bell,TX,Hurst,76053,-97.17949253641048,32.81708909934566,32.8353,-97.1809
Taco Bell,TX,Hutto,78634,-97.54471086714402,30.559086675466844,30.5396,-97.544
Taco Bell,TX,Ingleside,78362,-97.20117548154433,27.86634862248856,27.8703,-97.2075
Taco Bell,TX,Park,76367,-98.72275801172162,33.97432582613092,,
Taco Bell,TX,Irving,75038,-96.99754881351805,32.87459959947024,32.8583,-96.9702
Taco Bell,TX,Irving,75062,-96.9569154435033,32.847037571472754,32.8583,-96.9702
Taco Bell,TX,Irving,75062,-96.9569154435033,32.847037571472754,32.8583,-96.9702
Taco Bell,TX,Irving,75060,-96.95448153091333,32.795947751421,32.8583,-96.9702
Taco Bell,TX,Irving,75063,-96.98595617809043,32.92047171870657,32.8583,-96.9702
Taco Bell,TX,Irving,75060,-96.95448153091333,32.795947751421,32.8583,-96.9702
Taco Bell,TX,Italy,76651,-96.86701469112764,32.1807015583628,,
Taco Bell,TX,Jacksonville,75766,-95.25701084163468,31.946182225214745,30.3322,-81.6749
Taco Bell,TX,Jarrell,76537,-97.60544748998394,30.817491110255883,,
Taco Bell,TX,Jasper,75951,-94.05381873156355,30.941521332479688,38.3933,-86.9402
Taco Bell,TX,Justin,76247,-97.3249598855809,33.09842279484037,,
Taco Bell,TX,Katy,77494,-95.82860245529457,29.743279571063123,29.7905,-95.8353
Taco Bell,TX,Katy,77494,-95.82860245529457,29.743279571063123,29.7905,-95.8353
Taco Bell,TX,Katy,77450,-95.73831731551621,29.746295763578583,29.7905,-95.8353
Taco Bell,TX,Katy,77449,-95.7381351972983,29.835557084343108,29.7905,-95.8353
Taco Bell,TX,Katy,77449,-95.7381351972983,29.835557084343108,29.7905,-95.8353
Taco Bell,TX,Kaufman,75142,-96.24715309419283,32.5735870656444,,
Taco Bell,TX,Kenedy,78119,-97.89598091631044,28.730256991598612,,
Taco Bell,TX,Kerrville,78028,-99.15818822661366,30.034235377769836,30.0398,-99.132
Taco Bell,TX,Kilgore,75662,-94.87015234457998,32.38398397522735,32.398,-94.8602
Taco Bell,TX,Killeen,76549,-97.82996653119116,31.01316820393293,31.0753,-97.7297
Taco Bell,TX,Killeen,76541,-97.72886342442737,31.114133808769644,31.0753,-97.7297
Taco Bell,TX,Killeen,76541,-97.72886342442737,31.114133808769644,31.0753,-97.7297
Taco Bell,TX,Killeen,76543,-97.64313068134629,31.138902465490666,31.0753,-97.7297
Taco Bell,TX,Killeen,76542,-97.74604944869616,31.01058249177721,31.0753,-97.7297
Taco Bell,TX,Killeen,76542,-97.74604944869616,31.01058249177721,31.0753,-97.7297
Taco Bell,TX,Kingsville,78363,-97.86248015305614,27.44943047432051,27.5094,-97.861
Taco Bell,TX,Kingwood,77339,-95.22129038866476,30.049307848151248,,
Taco Bell,TX,Kingwood,77339,-95.22129038866476,30.049307848151248,,
Taco Bell,TX,Kyle,78640,-97.82813774753141,29.994951029121218,29.9932,-97.8852
Taco Bell,TX,Kyle,78640,-97.82813774753141,29.994951029121218,29.9932,-97.8852
Taco Bell,TX,Grange,78945,-96.88948566835082,29.915677788366626,,
Taco Bell,TX,Marque,77568,-94.9797398577682,29.363828006842354,,
Taco Bell,TX,Porte,77571,-95.0528674187993,29.690476108809783,,
Taco Bell,TX,Porte,77571,-95.0528674187993,29.690476108809783,,
Taco Bell,TX,Vernia,78121,-98.10726835335065,29.351524667718557,,
Taco Bell,TX,Lakeview,76705,-97.09606486486044,31.62654249733807,,
Taco Bell,TX,Jackson,77566,-95.4754430573253,29.050249367984648,32.3157,-90.2125
Taco Bell,TX,Worth,76135,-97.46488093828617,32.8343392899071,41.6877,-87.7916
Taco Bell,TX,Lakeway,78734,-97.94962818525053,30.378533011053037,30.3544,-97.9864
Taco Bell,TX,Lamesa,79331,-102.0105357913753,32.69327988920257,32.7333,-101.9541
Taco Bell,TX,Lampasas,76550,-98.22872958959944,31.087560992819675,,
Taco Bell,TX,Lancaster,75146,-96.75066955403938,32.57460401648013,40.042,-76.3012
Taco Bell,TX,Laredo,78041,-99.46338841846067,27.554155266974284,27.5625,-99.4874
Taco Bell,TX,Laredo,78045,-99.6688793301008,27.85006546080237,27.5625,-99.4874
Taco Bell,TX,Laredo,78041,-99.46338841846067,27.554155266974284,27.5625,-99.4874
Taco Bell,TX,Laredo,78045,-99.6688793301008,27.85006546080237,27.5625,-99.4874
Taco Bell,TX,Lavon,75166,-96.45018155229931,33.012443899372414,,
Taco Bell,TX,City,77573,-95.08649688162058,29.502076386536395,,
Taco Bell,TX,City,77573,-95.08649688162058,29.502076386536395,,
Taco Bell,TX,City,77573,-95.08649688162058,29.502076386536395,,
Taco Bell,TX,Leander,78641,-97.91516431501071,30.561737354596463,30.5728,-97.8618
Taco Bell,TX,Leander,78641,-97.91516431501071,30.561737354596463,30.5728,-97.8618
Taco Bell,TX,Levelland,79336,-102.4027292109579,33.60536189306019,33.5806,-102.3635
Taco Bell,TX,Lewisville,75067,-97.00018043998696,33.01368580958035,33.0454,-96.9815
Taco Bell,TX,Lewisville,75057,-96.98382134977692,33.04954026071882,33.0454,-96.9815
Taco Bell,TX,Lewisville,75067,-97.00018043998696,33.01368580958035,33.0454,-96.9815
Taco Bell,TX,Lewisville,75067,-97.00018043998696,33.01368580958035,33.0454,-96.9815
Taco Bell,TX,Liberty,77575,-94.73396826840877,30.07535997693662,39.2394,-94.4191
Taco Bell,TX,Hill,78642,-97.94695550294571,30.697269151224255,,
Taco Bell,TX,Lindale,75771,-95.43457398966149,32.53610566987843,,
Taco Bell,TX,Elm,75068,-96.95053512094658,33.176460100285496,,
Taco Bell,TX,Livingston,77351,-94.82191030149237,30.712701669256777,40.7855,-74.3291
Taco Bell,TX,Llano,78643,-98.6947499542564,30.69030228510673,,
Taco Bell,TX,Lockhart,78644,-97.67526270330582,29.870485594264313,28.627,-81.4354
Taco Bell,TX,Longview,75602,-94.65992478293448,32.45900418062576,32.5193,-94.7622
Taco Bell,TX,Longview,75605,-94.72063519751167,32.58258947328191,32.5193,-94.7622
Taco Bell,TX,Longview,75604,-94.82773815041674,32.509648248275745,32.5193,-94.7622
Taco Bell,TX,Longview,75601,-94.72383995462005,32.50858693415598,32.5193,-94.7622
Taco Bell,TX,Lubbock,79423,-101.85078379366897,33.44038659836965,33.5657,-101.8879
Taco Bell,TX,Lubbock,79424,-101.94095325533571,33.46996338743259,33.5657,-101.8879
Taco Bell,TX,Lubbock,79414,-101.91944521617627,33.548705856358225,33.5657,-101.8879
Taco Bell,TX,Lubbock,79424,-101.94095325533571,33.46996338743259,33.5657,-101.8879
Taco Bell,TX,Lubbock,79401,-101.85142139688504,33.587881890463926,33.5657,-101.8879
Taco Bell,TX,Lubbock,79416,-101.97646766544446,33.60429964947091,33.5657,-101.8879
Taco Bell,TX,Lubbock,79407,-102.07927457303641,33.56317512377164,33.5657,-101.8879
Taco Bell,TX,Lubbock,79412,-101.85740794061988,33.54545261111401,33.5657,-101.8879
Taco Bell,TX,Lufkin,75904,-94.8217313577735,31.339671843463314,31.3217,-94.7277
Taco Bell,TX,Lufkin,75901,-94.65550561392406,31.301358173468852,31.3217,-94.7277
Taco Bell,TX,Lumberton,77657,-94.19611226093333,30.225576408642326,34.6312,-79.0186
Taco Bell,TX,Lytle,78052,-98.77534807386185,29.204503250322187,,
Taco Bell,TX,Madisonville,77864,-95.90561446167119,30.95409444470995,37.3409,-87.5034
Taco Bell,TX,Magnolia,77354,-95.64790830488442,30.211073152260678,33.2775,-93.2261
Taco Bell,TX,Magnolia,77354,-95.64790830488442,30.211073152260678,33.2775,-93.2261
Taco Bell,TX,Magnolia,77354,-95.64790830488442,30.211073152260678,33.2775,-93.2261
Taco Bell,TX,Manor,78653,-97.52367728517544,30.339408282757788,39.9848,-76.4216
Taco Bell,TX,Mansfield,76063,-97.14275622919126,32.569778930761345,40.7656,-82.5275
Taco Bell,TX,Manvel,77578,-95.36557872086568,29.481329836711016,29.4798,-95.3635
Taco Bell,TX,Falls,78654,-98.2072976912874,30.572317201915425,40.1686,-74.7915
Taco Bell,TX,Marshall,75670,-94.42297873494212,32.5729876584698,32.537,-94.3515
Taco Bell,TX,McAllen,78505,,,26.2252,-98.2467
Taco Bell,TX,McAllen,78501,-98.23917010849391,26.215807609937784,26.2252,-98.2467
Taco Bell,TX,McKinney,75070,-96.69773976055565,33.17307144345233,33.2016,-96.667
Taco Bell,TX,McKinney,75070,-96.69773976055565,33.17307144345233,33.2016,-96.667
Taco Bell,TX,McKinney,75071,-96.62899714752005,33.24665255061522,33.2016,-96.667
Taco Bell,TX,McKinney,75070,-96.69773976055565,33.17307144345233,33.2016,-96.667
Taco Bell,TX,McKinney,75070,-96.69773976055565,33.17307144345233,33.2016,-96.667
Taco Bell,TX,McKinney,75070,-96.69773976055565,33.17307144345233,33.2016,-96.667
Taco Bell,TX,Melissa,75454,-96.56321321503185,33.28334429579908,33.2891,-96.5573
Taco Bell,TX,Mesquite,75150,-96.63036831666203,32.81577153475914,32.7602,-96.5865
Taco Bell,TX,Mesquite,75150,-96.63036831666203,32.81577153475914,32.7602,-96.5865
Taco Bell,TX,Mesquite,75149,-96.61487123571946,32.76999632807725,32.7602,-96.5865
Taco Bell,TX,Mesquite,75149,-96.61487123571946,32.76999632807725,32.7602,-96.5865
Taco Bell,TX,Mexia,76667,-96.46850657216508,31.655313061348348,,
Taco Bell,TX,Midland,79705,-102.05953021392801,32.05115871192714,32.0243,-102.1147
Taco Bell,TX,Midland,79707,-102.21159204185466,32.033435671723474,32.0243,-102.1147
Taco Bell,TX,Midlothian,76065,-96.98898531046584,32.47052004091338,32.4669,-96.989
Taco Bell,TX,Mineola,75773,-95.44588660973433,32.67875446326817,40.747,-73.6394
Taco Bell,TX,Wells,76067,-98.12754909588767,32.80005290288954,43.3267,-70.6336
Taco Bell,TX,Mission,78572,-98.37665671468136,26.228062366050935,26.2039,-98.3256
Taco Bell,TX,Mission,78572,-98.37665671468136,26.228062366050935,26.2039,-98.3256
Taco Bell,TX,City,77459,-95.53297586304623,29.525655101817986,,
Taco Bell,TX,City,77459,-95.53297586304623,29.525655101817986,,
Taco Bell,TX,Belvieu,77523,-94.86719611863948,29.787271663788843,,
Taco Bell,TX,Montgomery,77356,-95.70183104597118,30.45055629384492,32.3482,-86.2668
Taco Bell,TX,Montgomery,77356,-95.70183104597118,30.45055629384492,32.3482,-86.2668
Taco Bell,TX,Pleasant,75455,-94.97819334891746,33.217000088603065,,
Taco Bell,TX,Murphy,75094,-96.6150503614581,33.019066563072286,33.0186,-96.6105
Taco Bell,TX,Nacogdoches,75965,-94.62609136265459,31.72384153795663,31.6134,-94.6528
Taco Bell,TX,Nacogdoches,75964,-94.74495507851759,31.621689744917024,31.6134,-94.6528
Taco Bell,TX,Nederland,77627,-94.00912669525557,29.98744330539714,29.9707,-94.0015
Taco Bell,TX,Boston,75570,-94.43753867318146,33.46193707863128,42.3188,-71.0852
Taco Bell,TX,Braunfels,78130,-98.07019790293717,29.6977318845316,,
Taco Bell,TX,Braunfels,78132,-98.19108884435842,29.763137284086,,
Taco Bell,TX,Braunfels,78130,-98.07019790293717,29.6977318845316,,
Taco Bell,TX,Caney,77357,-95.19111633034373,30.15845212298314,,
Taco Bell,TX,Caney,77357,-95.19111633034373,30.15845212298314,,
Taco Bell,TX,Caney,77357,-95.19111633034373,30.15845212298314,,
Taco Bell,TX,Hills,76180,-97.22502212795173,32.83997078278647,,
Taco Bell,TX,Odessa,79762,-102.35442943558284,31.926476403084322,31.8801,-102.3448
Taco Bell,TX,Odessa,79763,-102.4679036705608,31.799150520834417,31.8801,-102.3448
Taco Bell,TX,Orange,77630,-93.86457665094446,30.071110114138644,33.8038,-117.8218
Taco Bell,TX,Orange,77630,-93.86457665094446,30.071110114138644,33.8038,-117.8218
Taco Bell,TX,Palestine,75801,-95.53314835838871,31.734562740412986,31.7544,-95.6471
Taco Bell,TX,Pampa,79065,-100.89979392701542,35.54204864175486,35.5479,-100.9651
Taco Bell,TX,Paris,75462,-95.48379484026258,33.62385124537672,33.6688,-95.546
Taco Bell,TX,Pasadena,77506,-95.20018559600553,29.71489823248459,29.6575,-95.1498
Taco Bell,TX,Pasadena,77502,-95.19978178588296,29.679516576827353,29.6575,-95.1498
Taco Bell,TX,Pasadena,77504,-95.19001847049097,29.648009757567273,29.6575,-95.1498
Taco Bell,TX,Pasadena,77503,-95.15943286482768,29.70219737652345,29.6575,-95.1498
Taco Bell,TX,Pasadena,77505,-95.138259704721,29.646084869259354,29.6575,-95.1498
Taco Bell,TX,Pearland,77584,-95.35080065746804,29.54598999659096,29.5581,-95.3218
Taco Bell,TX,Pearland,77581,-95.27756284119013,29.560504158512295,29.5581,-95.3218
Taco Bell,TX,Pearland,77581,-95.27756284119013,29.560504158512295,29.5581,-95.3218
Taco Bell,TX,Pearland,77584,-95.35080065746804,29.54598999659096,29.5581,-95.3218
Taco Bell,TX,Pflugerville,78660,-97.59550747636698,30.443052336077496,30.4515,-97.6018
Taco Bell,TX,Pflugerville,78660,-97.59550747636698,30.443052336077496,30.4515,-97.6018
Taco Bell,TX,Pharr,78577,-98.19103465262356,26.150614000034125,26.1685,-98.1904
Taco Bell,TX,Plainview,79072,-101.73872942882694,34.171580510774085,40.7832,-73.4732
Taco Bell,TX,Plano,75024,-96.80700557700399,33.0773612994688,33.0502,-96.7486
Taco Bell,TX,Plano,75025,-96.7412185607549,33.090925303462285,33.0502,-96.7486
Taco Bell,TX,Plano,75075,-96.74109315613562,33.021343773280044,33.0502,-96.7486
Taco Bell,TX,Plano,75074,-96.67429090943926,33.031896725639676,33.0502,-96.7486
Taco Bell,TX,Plano,75093,-96.81002796343361,33.03549057391373,33.0502,-96.7486
Taco Bell,TX,Plano,75075,-96.74109315613562,33.021343773280044,33.0502,-96.7486
Taco Bell,TX,Plano,75024,-96.80700557700399,33.0773612994688,33.0502,-96.7486
Taco Bell,TX,Pleasanton,78064,-98.42571022648043,28.936142620951674,37.6663,-121.8805
Taco Bell,TX,Lavaca,77979,-96.60784248604668,28.602296596090483,,
Taco Bell,TX,Porter,77365,-95.26749207194501,30.11108909813151,,
Taco Bell,TX,Porter,77365,-95.26749207194501,30.11108909813151,,
Taco Bell,TX,Portland,78374,-97.37813491282454,27.897675617187545,45.5371,-122.65
Taco Bell,TX,Princeton,75407,-96.48797399810772,33.15087281127294,25.5396,-80.3971
Taco Bell,TX,Quinlan,75474,-96.10898222398886,32.91951874338902,,
Taco Bell,TX,Oak,75154,-96.81010287124583,32.52277386955671,,
Taco Bell,TX,Richardson,75080,-96.74202094231231,32.97395461528964,32.9716,-96.7093
Taco Bell,TX,Richardson,75081,-96.71017835213745,32.94880701816332,32.9716,-96.7093
Taco Bell,TX,Richardson,75080,-96.74202094231231,32.97395461528964,32.9716,-96.7093
Taco Bell,TX,Richmond,77469,-95.6831025635231,29.480002077265468,37.5295,-77.4756
Taco Bell,TX,Richmond,77406,-95.79797080097435,29.64358154845096,37.5295,-77.4756
Taco Bell,TX,Richmond,77407,-95.71250038366142,29.676485869010584,37.5295,-77.4756
Taco Bell,TX,Richmond,77407,-95.71250038366142,29.676485869010584,37.5295,-77.4756
Taco Bell,TX,Richmond,77406,-95.79797080097435,29.64358154845096,37.5295,-77.4756
Taco Bell,TX,City,78582,-98.73562943485732,26.555502168347445,,
Taco Bell,TX,Oaks,76114,-97.40267895234062,32.77438910126284,,
Taco Bell,TX,Roanoke,76262,-97.22579786470827,33.00948643317076,37.2785,-79.9581
Taco Bell,TX,Robinson,76706,-97.09119587450031,31.46652544817727,40.4578,-80.1334
Taco Bell,TX,Rockport,78382,-97.0532082329679,28.13520781296015,28.029,-97.0722
Taco Bell,TX,Rockwall,75032,-96.42772317150285,32.85505770220635,32.9169,-96.4374
Taco Bell,TX,Rosenberg,77471,-95.8681355437678,29.545969950527727,29.5456,-95.8223
Taco Bell,TX,Rosenberg,77469,-95.6831025635231,29.480002077265468,29.5456,-95.8223
Taco Bell,TX,Rock,78665,-97.64375318784056,30.544860653728993,,
Taco Bell,TX,Rock,78664,-97.64574826670349,30.504801306009274,,
Taco Bell,TX,Rock,78664,-97.64574826670349,30.504801306009274,,
Taco Bell,TX,Rock,78681,-97.72469212550422,30.53329182846413,,
Taco Bell,TX,Rowlett,75089,-96.54978037492926,32.929742832296505,32.9155,-96.5489
Taco Bell,TX,Rowlett,75088,-96.54909769239701,32.89229569159899,32.9155,-96.5489
Taco Bell,TX,City,75189,-96.31193387348003,32.951828749828785,,
Taco Bell,TX,Rusk,75785,-95.17382936616218,31.779930896492356,,
Taco Bell,TX,Saginaw,76179,-97.43778062698398,32.91437010784546,43.4199,-83.9501
Taco Bell,TX,Angelo,76901,-100.62876951814886,31.540950922774627,,
Taco Bell,TX,Angelo,76903,-100.43723058744995,31.484801644872203,,
Taco Bell,TX,Angelo,76904,-100.3945245613058,31.283606316930896,,
Taco Bell,TX,Angelo,76903,-100.43723058744995,31.484801644872203,,
Taco Bell,TX,Antonio,78224,-98.53943764227954,29.29428666986604,,
Taco Bell,TX,Antonio,78238,-98.61824033816733,29.47139613188847,,
Taco Bell,TX,Antonio,78240,-98.60749474093203,29.524629311025212,,
Taco Bell,TX,Antonio,78254,-98.73772723360915,29.536885946603455,,
Taco Bell,TX,Antonio,78223,-98.39088989771295,29.312198779586037,,
Taco Bell,TX,Antonio,78212,-98.4926268147438,29.464563998669767,,
Taco Bell,TX,Antonio,78253,-98.79061490317554,29.46743073512536,,
Taco Bell,TX,Antonio,78209,-98.45672488421839,29.489048769566278,,
Taco Bell,TX,Antonio,78259,-98.42780171743496,29.626300124699597,,
Taco Bell,TX,Antonio,78217,-98.42011448997134,29.540439400906884,,
Taco Bell,TX,Antonio,78221,-98.47822384145644,29.28014377823615,,
Taco Bell,TX,Antonio,78247,-98.40708174287163,29.58546775846477,,
Taco Bell,TX,Antonio,78208,-98.45854957157408,29.439818406102017,,
Taco Bell,TX,Antonio,78216,-98.48928516669827,29.536464042983166,,
Taco Bell,TX,Antonio,78216,-98.48928516669827,29.536464042983166,,
Taco Bell,TX,Antonio,78259,-98.42780171743496,29.626300124699597,,
Taco Bell,TX,Antonio,78227,-98.62940188558498,29.40624423430274,,
Taco Bell,TX,Antonio,78222,-98.37783997769462,29.366187394543687,,
Taco Bell,TX,Antonio,78228,-98.57203407001167,29.46096718914581,,
Taco Bell,TX,Antonio,78251,-98.67600894206241,29.462191797671153,,
Taco Bell,TX,Antonio,78229,-98.57222509429734,29.5055475309554,,
Taco Bell,TX,Antonio,78242,-98.60743477468831,29.350652886459905,,
Taco Bell,TX,Antonio,78218,-98.40112380384807,29.491511199685576,,
Taco Bell,TX,Antonio,78249,-98.61347459821093,29.567951067146073,,
Taco Bell,TX,Antonio,78223,-98.39088989771295,29.312198779586037,,
Taco Bell,TX,Antonio,78227,-98.62940188558498,29.40624423430274,,
Taco Bell,TX,Antonio,78227,-98.62940188558498,29.40624423430274,,
Taco Bell,TX,Antonio,78221,-98.47822384145644,29.28014377823615,,
Taco Bell,TX,Antonio,78238,-98.61824033816733,29.47139613188847,,
Taco Bell,TX,Antonio,78233,-98.36176515980794,29.555527303581798,,
Taco Bell,TX,Antonio,78247,-98.40708174287163,29.58546775846477,,
Taco Bell,TX,Antonio,78224,-98.53943764227954,29.29428666986604,,
Taco Bell,TX,Antonio,78244,-98.35008377375472,29.473820347346976,,
Taco Bell,TX,Antonio,78249,-98.61347459821093,29.567951067146073,,
Taco Bell,TX,Antonio,78218,-98.40112380384807,29.491511199685576,,
Taco Bell,TX,Antonio,78233,-98.36176515980794,29.555527303581798,,
Taco Bell,TX,Antonio,78247,-98.40708174287163,29.58546775846477,,
Taco Bell,TX,Antonio,78237,-98.56932421716763,29.42111618309102,,
Taco Bell,TX,Antonio,78245,-98.73078502918727,29.40396200188648,,
Taco Bell,TX,Marcos,78666,-97.9664072611446,29.879590110265678,,
Taco Bell,TX,Marcos,78666,-97.9664072611446,29.879590110265678,,
Taco Bell,TX,Sanger,76266,-97.2141102928483,33.3672596638108,36.699,-119.5575
Taco Bell,TX,Schertz,78154,-98.26630910333742,29.546238406964612,29.565,-98.2535
Taco Bell,TX,Schulenburg,78956,-96.93415581516736,29.68792799275197,,
Taco Bell,TX,Seagoville,75159,-96.54087307709692,32.60747174118746,32.653,-96.5456
Taco Bell,TX,Sealy,77474,-96.17927071718832,29.773776094163654,,
Taco Bell,TX,Seguin,78155,-97.93884611496168,29.5334315161746,29.5891,-97.9676
Taco Bell,TX,Seguin,78715,,,29.5891,-97.9676
Taco Bell,TX,Seminole,79360,-102.7414296292291,32.689062731266105,27.8435,-82.784
Taco Bell,TX,Shamrock,79079,-100.24311145358286,35.20903345520962,,
Taco Bell,TX,Afb,76351,-98.67455886570431,33.56894507516188,,
Taco Bell,TX,Sherman,75090,-96.54560901885377,33.60450221143716,33.6273,-96.6221
Taco Bell,TX,Sherman,75090,-96.54560901885377,33.60450221143716,33.6273,-96.6221
Taco Bell,TX,Sherman,75090,-96.54560901885377,33.60450221143716,33.6273,-96.6221
Taco Bell,TX,Silsbee,77656,-94.17206413708072,30.41587722996251,,
Taco Bell,TX,Snyder,79549,-100.84503750151802,32.91367386305364,32.7133,-100.9116
Taco Bell,TX,Socorro,79927,-106.27372191169628,31.6445722353416,31.6383,-106.2601
Taco Bell,TX,Southlake,76092,-97.14858071518549,32.95998695271543,32.9545,-97.1503
Taco Bell,TX,Spring,77373,-95.3841799628085,30.061475344699414,30.0613,-95.383
Taco Bell,TX,Spring,77379,-95.53381777032908,30.03913492129415,30.0613,-95.383
Taco Bell,TX,Spring,77386,-95.35581753307274,30.101240631192706,30.0613,-95.383
Taco Bell,TX,Spring,77380,-95.468666257254,30.1364497543695,30.0613,-95.383
Taco Bell,TX,Spring,77379,-95.53381777032908,30.03913492129415,30.0613,-95.383
Taco Bell,TX,Spring,77379,-95.53381777032908,30.03913492129415,30.0613,-95.383
Taco Bell,TX,Spring,77386,-95.35581753307274,30.101240631192706,30.0613,-95.383
Taco Bell,TX,Spring,77379,-95.53381777032908,30.03913492129415,30.0613,-95.383
Taco Bell,TX,Springtown,76082,-97.71844490876887,32.97048950302582,,
Taco Bell,TX,Stafford,77477,-95.56674709118369,29.62569757074775,39.7049,-74.2643
Taco Bell,TX,Stephenville,76401,-98.19881595864382,32.28259413149721,32.2147,-98.2205
Taco Bell,TX,Land,77498,-95.65236138685042,29.643345495074517,,
Taco Bell,TX,Land,77479,-95.6355511168077,29.566446645157104,,
Taco Bell,TX,Land,77478,-95.60702137983425,29.619640447294163,,
Taco Bell,TX,Land,77498,-95.65236138685042,29.643345495074517,,
Taco Bell,TX,Springs,75482,-95.60680046761291,33.16815979868633,41.0212,-72.1584
Taco Bell,TX,Sweetwater,79556,-100.36403404865871,32.45432354613447,25.7785,-80.376
Taco Bell,TX,Taylor,76574,-97.38740539590614,30.584231042804728,42.226,-83.2688
Taco Bell,TX,Temple,76502,-97.41034922222272,31.09624511624976,31.1068,-97.3891
Taco Bell,TX,Temple,76504,-97.37258100284761,31.138071067706857,31.1068,-97.3891
Taco Bell,TX,Temple,76502,-97.41034922222272,31.09624511624976,31.1068,-97.3891
Taco Bell,TX,Temple,76501,-97.25435238636622,31.075041405462688,31.1068,-97.3891
Taco Bell,TX,Terrell,75160,-96.30018220711008,32.76169263094638,32.734,-96.2931
Taco Bell,TX,Texarkana,75503,-94.13040381837338,33.51346844336644,33.45,-94.0847
Taco Bell,TX,Texarkana,75501,-94.13145131613723,33.37359732376441,33.45,-94.0847
Taco Bell,TX,Texarkana,75503,-94.13040381837338,33.51346844336644,33.45,-94.0847
Taco Bell,TX,City,77590,-94.91985646973224,29.390832395512657,,
Taco Bell,TX,Colony,75056,-96.91484090411556,33.07394972811525,,
Taco Bell,TX,Colony,75056,-96.91484090411556,33.07394972811525,,
Taco Bell,TX,Woodlands,77384,-95.49526167764446,30.23492624692802,,
Taco Bell,TX,Woodlands,77381,-95.50141189490465,30.17818299424191,,
Taco Bell,TX,Woodlands,77380,-95.468666257254,30.1364497543695,,
Taco Bell,TX,Tomball,77375,-95.58943430500487,30.095448621533283,30.0951,-95.6194
Taco Bell,TX,Tomball,77375,-95.58943430500487,30.095448621533283,30.0951,-95.6194
Taco Bell,TX,Tyler,75703,-95.32062308063765,32.23854915424219,32.3184,-95.3062
Taco Bell,TX,Tyler,75703,-95.32062308063765,32.23854915424219,32.3184,-95.3062
Taco Bell,TX,Tyler,75701,-95.30095455541976,32.3232882645036,32.3184,-95.3062
Taco Bell,TX,Tyler,75703,-95.32062308063765,32.23854915424219,32.3184,-95.3062
Taco Bell,TX,Tyler,75701,-95.30095455541976,32.3232882645036,32.3184,-95.3062
Taco Bell,TX,Tyler,75701,-95.30095455541976,32.3232882645036,32.3184,-95.3062
Taco Bell,TX,Tyler,75702,-95.31530817923294,32.362855855490075,32.3184,-95.3062
Taco Bell,TX,City,78148,-98.29562472070168,29.543446616032483,,
Taco Bell,TX,Uvalde,78801,-99.87148869522207,29.35664474598421,29.2152,-99.7782
Taco Bell,TX,Van,75790,-95.64260957798382,32.532297411978355,,
Taco Bell,TX,Vernon,76384,-99.32556453640962,34.16766175347042,41.1973,-74.4857
Taco Bell,TX,Victoria,77901,-96.98470629966812,28.804957583091756,28.8287,-96.9849
Taco Bell,TX,Victoria,77901,-96.98470629966812,28.804957583091756,28.8287,-96.9849
Taco Bell,TX,Vidor,77662,-94.01840724594383,30.17843052942991,30.1291,-93.9967
Taco Bell,TX,Waco,76706,-97.09119587450031,31.46652544817727,31.5599,-97.1882
Taco Bell,TX,Waco,76710,-97.19524402220308,31.53876614678979,31.5599,-97.1882
Taco Bell,TX,Waco,76710,-97.19524402220308,31.53876614678979,31.5599,-97.1882
Taco Bell,TX,Waco,76712,-97.25565292676723,31.524029524256424,31.5599,-97.1882
Taco Bell,TX,Waco,76708,-97.21138848198639,31.626900276010158,31.5599,-97.1882
Taco Bell,TX,Watauga,76148,-97.2519693086205,32.868116024059994,32.8719,-97.2515
Taco Bell,TX,Waxahachie,75165,-96.79745462954173,32.36911489842891,32.4035,-96.8446
Taco Bell,TX,Waxahachie,75165,-96.79745462954173,32.36911489842891,32.4035,-96.8446
Taco Bell,TX,Weatherford,76086,-97.7899338900508,32.754809697551934,32.7536,-97.7723
Taco Bell,TX,Webster,77598,-95.13686423073722,29.537865111456487,43.2294,-77.4454
Taco Bell,TX,Weslaco,78596,-97.98924973348,26.158161486071087,26.1599,-97.9877
Taco Bell,TX,Oak,75693,-94.85989202273929,32.53386322771633,,
Taco Bell,TX,Whitehouse,75791,-95.22053536280667,32.221631091574174,32.2222,-95.221
Taco Bell,TX,Falls,76310,-98.51087033699908,33.79856471390717,40.1686,-74.7915
Taco Bell,TX,Falls,76306,-98.52391392622621,33.94501334712669,40.1686,-74.7915
Taco Bell,TX,Falls,76308,-98.54059209794325,33.85238049516463,40.1686,-74.7915
Taco Bell,TX,Falls,76309,-98.54428006118178,33.89523706948987,40.1686,-74.7915
Taco Bell,TX,Falls,76302,-98.49110588673761,33.86459869704426,40.1686,-74.7915
Taco Bell,TX,Willis,77378,-95.36869264131577,30.457415026056708,,
Taco Bell,TX,Wylie,75098,-96.53477158909966,33.01186375203984,33.0362,-96.5161
Taco Bell,UT,Fork,84003,-111.7191552927831,40.46015993820946,,
Taco Bell,UT,Bountiful,84010,-111.86722011962952,40.867782450437396,40.8721,-111.8647
Taco Bell,UT,City,84720,-113.16812562360906,37.58863101810593,,
Taco Bell,UT,City,84720,-113.16812562360906,37.58863101810593,,
Taco Bell,UT,Hills,84062,-111.67778235440555,40.43484652069866,,
Taco Bell,UT,Centerville,84014,-111.88504733062041,40.9321376231155,39.6339,-84.1449
Taco Bell,UT,Clearfield,84015,-112.0611816293931,41.12088714572934,41.103,-112.0238
Taco Bell,UT,Clinton,84015,-112.0611816293931,41.12088714572934,38.7499,-76.9063
Taco Bell,UT,Draper,84020,-111.86742739876156,40.50025355038574,40.4957,-111.8605
Taco Bell,UT,Mountain,84005,-111.99652974109628,40.325130219706764,,
Taco Bell,UT,West,84404,-112.11645063083058,41.27065468142872,,
Taco Bell,UT,City,84032,-111.20113185180668,40.361845648166415,,
Taco Bell,UT,Herriman,84096,-112.09851995920921,40.51367304718558,40.4899,-112.017
Taco Bell,UT,Herriman,84096,-112.09851995920921,40.51367304718558,40.4899,-112.017
Taco Bell,UT,Hurricane,84737,-113.23301498321948,37.09789175026071,37.1487,-113.3517
Taco Bell,UT,Kaysville,84037,-111.95055244142621,41.02502646540671,41.029,-111.9456
Taco Bell,UT,Kearns,84118,-112.01341004469133,40.65351040301375,40.6519,-112.0095
Taco Bell,UT,Layton,84041,-111.98381474254771,41.071442050768866,41.077,-111.962
Taco Bell,UT,Layton,84040,-111.9269660779738,41.09143362698708,41.077,-111.962
Taco Bell,UT,Lehi,84043,-111.87327700612263,40.41086847855177,40.4136,-111.8725
Taco Bell,UT,Lehi,84043,-111.87327700612263,40.41086847855177,40.4136,-111.8725
Taco Bell,UT,Lindon,84042,-111.72451586392962,40.34076874665718,40.3414,-111.7187
Taco Bell,UT,Logan,84321,-111.68546368755825,41.80000749394062,41.7399,-111.8422
Taco Bell,UT,Logan,84321,-111.68546368755825,41.80000749394062,41.7399,-111.8422
Taco Bell,UT,Magna,84044,-112.15592321499389,40.71979651424628,40.7634,-112.1599
Taco Bell,UT,Murray,84107,-111.88444610552884,40.65804085434985,40.6498,-111.8874
Taco Bell,UT,Nephi,84648,-111.86442949657138,39.68580875359186,,
Taco Bell,UT,Ogden,84403,-111.90256236221217,41.1944507177671,41.2279,-111.9682
Taco Bell,UT,Ogden,84404,-112.11645063083058,41.27065468142872,41.2279,-111.9682
Taco Bell,UT,Ogden,84404,-112.11645063083058,41.27065468142872,41.2279,-111.9682
Taco Bell,UT,Orem,84058,-111.72779975691364,40.28729084538709,40.2981,-111.6994
Taco Bell,UT,Orem,84057,-111.71039921157077,40.3142808181719,40.2981,-111.6994
Taco Bell,UT,Orem,84058,-111.72779975691364,40.28729084538709,40.2981,-111.6994
Taco Bell,UT,City,84098,-111.53431974361055,40.73471441872861,,
Taco Bell,UT,Parowan,84761,-112.84232464708347,37.87441519559848,,
Taco Bell,UT,Payson,84651,-111.71464316619476,39.95420630628174,40.0355,-111.739
Taco Bell,UT,Price,84501,-110.76040902319552,39.546962051387055,,
Taco Bell,UT,Provo,84601,-111.69696037299188,40.227223751493746,40.2457,-111.6457
Taco Bell,UT,Provo,84606,-111.62554725089993,40.21444150455509,40.2457,-111.6457
Taco Bell,UT,Provo,84604,-111.59130507740802,40.343199887069034,40.2457,-111.6457
Taco Bell,UT,Richfield,84701,-111.83314077253017,38.67465408828082,44.8763,-93.2829
Taco Bell,UT,Riverton,84065,-111.94442261695711,40.49540361569104,40.5176,-111.9636
Taco Bell,UT,Roosevelt,84066,-110.02871648072406,40.329257641551784,40.6797,-73.5837
Taco Bell,UT,Roy,84067,-112.04811839070283,41.17185653287431,41.1714,-112.0485
Taco Bell,UT,Roy,84067,-112.04811839070283,41.17185653287431,41.1714,-112.0485
Taco Bell,UT,George,84770,-113.60823628189353,37.17561989820628,,
Taco Bell,UT,George,84770,-113.60823628189353,37.17561989820628,,
Taco Bell,UT,George,84790,-113.55809805639947,37.046319315192946,,
Taco Bell,UT,George,84770,-113.60823628189353,37.17561989820628,,
Taco Bell,UT,City,84102,-111.86438638285657,40.76025016743712,,
Taco Bell,UT,City,84118,-112.01341004469133,40.65351040301375,,
Taco Bell,UT,City,84109,-111.70612638850166,40.70267729450445,,
Taco Bell,UT,City,84119,-111.94612922233031,40.70159048225729,,
Taco Bell,UT,City,84106,-111.85566152345534,40.70675528549008,,
Taco Bell,UT,City,84121,-111.69814832626682,40.62561533028476,,
Taco Bell,UT,City,84116,-111.95729879273192,40.7998820805606,,
Taco Bell,UT,City,84115,-111.89268993365856,40.71450507531144,,
Taco Bell,UT,Sandy,84070,-111.88904592339334,40.57711109646707,40.5709,-111.8506
Taco Bell,UT,Sandy,84070,-111.88904592339334,40.57711109646707,40.5709,-111.8506
Taco Bell,UT,Springs,84045,-111.91174355814809,40.33845232421578,41.0212,-72.1584
Taco Bell,UT,Jordan,84095,-111.97892304001688,40.557254070252164,,
Taco Bell,UT,Fork,84660,-111.56860308052086,40.06444744725504,,
Taco Bell,UT,Springville,84663,-111.4950588066087,40.16565239416002,40.1638,-111.6205
Taco Bell,UT,Springville,84663,-111.4950588066087,40.16565239416002,40.1638,-111.6205
Taco Bell,UT,Tooele,84074,-112.27332924108617,40.55927308419933,40.5393,-112.3082
Taco Bell,UT,Tooele,84074,-112.27332924108617,40.55927308419933,40.5393,-112.3082
Taco Bell,UT,Vernal,84078,-109.48287214146094,40.62968016031475,40.4517,-109.5378
Taco Bell,UT,Jordan,84084,-111.96454725838123,40.62287301646668,,
Taco Bell,UT,Jordan,84088,-111.96092027411075,40.595159316734296,,
Taco Bell,UT,Jordan,84081,-112.03763103407258,40.602837166808,,
Taco Bell,UT,City,84119,-111.94612922233031,40.70159048225729,,
Taco Bell,UT,City,84120,-112.0012393322352,40.697479260705926,,
Taco Bell,UT,City,84119,-111.94612922233031,40.70159048225729,,
Taco Bell,VA,Abingdon,24210,-82.02233295101807,36.77248528389148,,
Taco Bell,VA,Alexandria,22309,-77.10727709401694,38.719230078550616,38.8185,-77.0861
Taco Bell,VA,Alexandria,22306,-77.0929066604029,38.7567386043075,38.8185,-77.0861
Taco Bell,VA,Alexandria,22315,-77.15047133158347,38.7560680598851,38.8185,-77.0861
Taco Bell,VA,Alexandria,22304,-77.113997524584,38.81377938337958,38.8185,-77.0861
Taco Bell,VA,Alexandria,22314,-77.05699263268214,38.80703050521279,38.8185,-77.0861
Taco Bell,VA,Altavista,24517,-79.22975955375396,37.14937836761581,,
Taco Bell,VA,Annandale,22003,-77.21442648453385,38.83077293664341,38.8324,-77.196
Taco Bell,VA,Appomattox,24522,-78.78522355902938,37.37370484546763,,
Taco Bell,VA,Arlington,22207,-77.12376333970467,38.906650938895226,32.6998,-97.125
Taco Bell,VA,Arlington,22206,-77.08886788259949,38.844102915710096,32.6998,-97.125
Taco Bell,VA,Arlington,22202,-77.05154865748926,38.856512610760134,32.6998,-97.125
Taco Bell,VA,Arlington,22201,-77.0952398032243,38.88656624937405,32.6998,-97.125
Taco Bell,VA,Ashburn,20147,-77.47953404076287,39.0415330242048,39.0277,-77.4714
Taco Bell,VA,Ashburn,20148,-77.52736266435318,38.996100675401244,39.0277,-77.4714
Taco Bell,VA,Ashburn,20147,-77.47953404076287,39.0415330242048,39.0277,-77.4714
Taco Bell,VA,Ashland,23005,-77.48220348577142,37.759565047076116,37.6942,-122.1159
Taco Bell,VA,Ashland,23005,-77.48220348577142,37.759565047076116,37.6942,-122.1159
Taco Bell,VA,Bedford,24523,-79.52211280689268,37.340031951593346,32.8464,-97.135
Taco Bell,VA,Gap,24219,-82.75814688462471,36.84876947672902,,
Taco Bell,VA,Blacksburg,24060,-80.42108165147098,37.25675494639501,37.23,-80.4279
Taco Bell,VA,Bluefield,24605,-81.36639100479071,37.244776732234044,37.2608,-81.2143
Taco Bell,VA,Bristol,24202,-82.21263630725875,36.66092968704967,36.5572,-82.2154
Taco Bell,VA,Burke,22015,-77.28121861366711,38.78813999875464,38.7773,-77.2633
Taco Bell,VA,Burke,22015,-77.28121861366711,38.78813999875464,38.7773,-77.2633
Taco Bell,VA,Chantilly,20151,-77.44485711192374,38.89572885278027,38.8868,-77.4453
Taco Bell,VA,Chantilly,20151,-77.44485711192374,38.89572885278027,38.8868,-77.4453
Taco Bell,VA,Chantilly,20152,-77.50411789731382,38.91759370319414,38.8868,-77.4453
Taco Bell,VA,Charlottesville,22901,-78.55616161170529,38.08844760891673,38.0375,-78.4855
Taco Bell,VA,Charlottesville,22903,-78.5999626341025,38.006827752523066,38.0375,-78.4855
Taco Bell,VA,Charlottesville,22901,-78.55616161170529,38.08844760891673,38.0375,-78.4855
Taco Bell,VA,Charlottesville,22902,-78.46996511402423,37.95387174960394,38.0375,-78.4855
Taco Bell,VA,Chesapeake,23320,-76.21833336154229,36.75193831480363,36.6778,-76.3023
Taco Bell,VA,Chesapeake,23322,-76.22883544849552,36.63213304349485,36.6778,-76.3023
Taco Bell,VA,Chesapeake,23321,-76.42295457193627,36.801229140311754,36.6778,-76.3023
Taco Bell,VA,Chesapeake,23321,-76.42295457193627,36.801229140311754,36.6778,-76.3023
Taco Bell,VA,Chesapeake,23320,-76.21833336154229,36.75193831480363,36.6778,-76.3023
Taco Bell,VA,Chesapeake,23320,-76.21833336154229,36.75193831480363,36.6778,-76.3023
Taco Bell,VA,Chesapeake,23322,-76.22883544849552,36.63213304349485,36.6778,-76.3023
Taco Bell,VA,Chesapeake,23322,-76.22883544849552,36.63213304349485,36.6778,-76.3023
Taco Bell,VA,Chesapeake,23320,-76.21833336154229,36.75193831480363,36.6778,-76.3023
Taco Bell,VA,Chesapeake,23322,-76.22883544849552,36.63213304349485,36.6778,-76.3023
Taco Bell,VA,Chester,23836,-77.34475584863621,37.344231358620995,39.8456,-75.3718
Taco Bell,VA,Chester,23831,-77.44973086032024,37.345357397689675,39.8456,-75.3718
Taco Bell,VA,Chesterfield,23832,-77.59260399812592,37.39465646147057,38.6589,-90.5803
Taco Bell,VA,Chilhowie,24319,-81.64605798257024,36.74799515409501,,
Taco Bell,VA,Christiansburg,24073,-80.42213569259249,37.12851749302501,37.1406,-80.4036
Taco Bell,VA,Clintwood,24228,-82.44999744664293,37.169652628410034,,
Taco Bell,VA,Collinsville,24078,-79.91089931668641,36.72504678361316,38.677,-90.0063
Taco Bell,VA,Heights,23834,-77.40364770195082,37.28974687357793,,
Taco Bell,VA,Heights,23834,-77.40364770195082,37.28974687357793,,
Taco Bell,VA,Covington,24426,-80.07649450110456,37.768417326537225,39.0334,-84.5166
Taco Bell,VA,Culpeper,22701,-77.99756939584165,38.439125513472334,38.4704,-78.0001
Taco Bell,VA,City,22193,-77.34807015922661,38.64307398345641,,
Taco Bell,VA,Danville,24541,-79.51259331723983,36.592165968363744,37.8121,-121.9698
Taco Bell,VA,Danville,24540,-79.42340556956489,36.64308418205036,37.8121,-121.9698
Taco Bell,VA,Dublin,24084,-80.79321772554427,37.115837706076604,37.7161,-121.8963
Taco Bell,VA,Dulles,20166,-77.4552614175808,38.985765317730824,,
Taco Bell,VA,Dumfries,22026,-77.29205019674403,38.566878434212754,,
Taco Bell,VA,Emporia,23847,-77.55066904586711,36.670392353842686,38.4028,-96.1932
Taco Bell,VA,Fairfax,22033,-77.38448070127906,38.875230756905204,38.8531,-77.2997
Taco Bell,VA,Fairfax,22033,-77.38448070127906,38.875230756905204,38.8531,-77.2997
Taco Bell,VA,Church,22046,-77.18085171835425,38.88713749151886,,
Taco Bell,VA,Falmouth,22406,-77.55112384545686,38.40023395599105,41.5913,-70.5912
Taco Bell,VA,Farmville,23901,-78.41608472765625,37.31622234924384,,
Taco Bell,VA,Forest,24551,-79.32368451208775,37.35599231426201,37.3728,-79.2831
Taco Bell,VA,Franklin,23851,-76.9539030483658,36.65547434431482,35.92,-86.8516
Taco Bell,VA,Fredericksburg,22407,-77.57532185077987,38.283407391307684,38.2992,-77.4872
Taco Bell,VA,Fredericksburg,22407,-77.57532185077987,38.283407391307684,38.2992,-77.4872
Taco Bell,VA,Fredericksburg,22401,-77.48713886016799,38.29917859530343,38.2992,-77.4872
Taco Bell,VA,Fredericksburg,22408,-77.44519100977129,38.22077548528689,38.2992,-77.4872
Taco Bell,VA,Fredericksburg,22407,-77.57532185077987,38.283407391307684,38.2992,-77.4872
Taco Bell,VA,Royal,22630,-78.17672352953247,38.92855164620422,,
Taco Bell,VA,Royal,22630,-78.17672352953247,38.92855164620422,,
Taco Bell,VA,Gainesville,20155,-77.61837564080179,38.81016336395227,29.6804,-82.3459
Taco Bell,VA,Galax,24333,-80.92880305740961,36.63835439841626,,
Taco Bell,VA,City,24251,-82.60645380310025,36.65880636716132,,
Taco Bell,VA,Allen,23060,-77.53343698324645,37.65987782630339,33.1088,-96.6735
Taco Bell,VA,Gloucester,23061,-76.54074771491126,37.42738089066489,39.7924,-75.0363
Taco Bell,VA,Grafton,23692,-76.45738936759159,37.19133442579071,42.2085,-71.6838
Taco Bell,VA,Grundy,24614,-82.06490854687748,37.31061075208654,,
Taco Bell,VA,Hampton,23666,-76.40730880124458,37.05912011802395,37.0551,-76.363
Taco Bell,VA,Hampton,23663,-76.31429253618744,37.03295425969716,37.0551,-76.363
Taco Bell,VA,Hampton,23666,-76.40730880124458,37.05912011802395,37.0551,-76.363
Taco Bell,VA,Hampton,23666,-76.40730880124458,37.05912011802395,37.0551,-76.363
Taco Bell,VA,Hampton,23666,-76.40730880124458,37.05912011802395,37.0551,-76.363
Taco Bell,VA,Hampton,23661,-76.3867686598541,37.00798690438639,37.0551,-76.363
Taco Bell,VA,Harrisonburg,22801,-78.87712832503702,38.40457506129504,38.4362,-78.8735
Taco Bell,VA,Harrisonburg,22801,-78.87712832503702,38.40457506129504,38.4362,-78.8735
Taco Bell,VA,Harrisonburg,22801,-78.87712832503702,38.40457506129504,38.4362,-78.8735
Taco Bell,VA,Hayes,23072,-76.44817298163765,37.290588270891746,,
Taco Bell,VA,Haymarket,20169,-77.64539834337639,38.87342712740597,,
Taco Bell,VA,Herndon,20170,-77.38035819917584,38.980781205912635,38.9699,-77.3867
Taco Bell,VA,Herndon,20171,-77.39824165124419,38.923586006121155,38.9699,-77.3867
Taco Bell,VA,Hillsville,24343,-80.70144931735894,36.769582031172575,,
Taco Bell,VA,George,22485,-77.1595726817687,38.27195650727023,,
Taco Bell,VA,Ridge,22192,-77.31609194589467,38.683335906315925,40.9068,-72.8816
Taco Bell,VA,Lebanon,24266,-82.11864754409501,36.86437715954862,40.3412,-76.4228
Taco Bell,VA,Leesburg,20176,-77.53591631237659,39.182070244939,28.7672,-81.8962
Taco Bell,VA,Lexington,24450,-79.52386057413338,37.785783448134666,38.0423,-84.4587
Taco Bell,VA,Grove,22508,-77.7872612631397,38.31813557551897,,
Taco Bell,VA,Luray,22835,-78.45250614155856,38.672408278797086,,
Taco Bell,VA,Lynchburg,24502,-79.22056958378788,37.35808005679198,37.4003,-79.1909
Taco Bell,VA,Lynchburg,24501,-79.1558046539224,37.352978325848596,37.4003,-79.1909
Taco Bell,VA,Lynchburg,24502,-79.22056958378788,37.35808005679198,37.4003,-79.1909
Taco Bell,VA,Heights,24572,-79.09651439136917,37.46362307610074,,
Taco Bell,VA,Sabot,23103,-77.72554097392046,37.65063682652295,,
Taco Bell,VA,Manassas,20110,-77.48596103245303,38.74705154536179,38.7479,-77.4838
Taco Bell,VA,Manassas,20109,-77.52657690935712,38.79284547996219,38.7479,-77.4838
Taco Bell,VA,Manassas,20110,-77.48596103245303,38.74705154536179,38.7479,-77.4838
Taco Bell,VA,Manassas,20110,-77.48596103245303,38.74705154536179,38.7479,-77.4838
Taco Bell,VA,Marion,24354,-81.54322645629462,36.82713437537165,42.0451,-91.585
Taco Bell,VA,Martinsville,24112,-79.84429781179142,36.727292145120266,36.6826,-79.8636
Taco Bell,VA,Mechanicsville,23111,-77.24694508463395,37.61146160464015,37.6263,-77.3561
Taco Bell,VA,Midlothian,23112,-77.66205003728138,37.43499277838638,32.4669,-96.989
Taco Bell,VA,Midlothian,23113,-77.67757189307162,37.53843056920903,32.4669,-96.989
Taco Bell,VA,Midlothian,23112,-77.66205003728138,37.43499277838638,32.4669,-96.989
Taco Bell,VA,Midlothian,23236,-77.58630245908873,37.47437794436577,32.4669,-96.989
Taco Bell,VA,News,23601,-76.47821021485389,37.03701807693414,,
Taco Bell,VA,News,23605,-76.43570809434048,37.01812246308244,,
Taco Bell,VA,News,23608,-76.54325259627616,37.15108950892869,,
Taco Bell,VA,News,23608,-76.54325259627616,37.15108950892869,,
Taco Bell,VA,News,23602,-76.5177976916382,37.11329502490354,,
Taco Bell,VA,News,23601,-76.47821021485389,37.03701807693414,,
Taco Bell,VA,News,23606,-76.51983107195824,37.06413140370773,,
Taco Bell,VA,Norfolk,23505,-76.28836965491391,36.91585181188358,36.8945,-76.259
Taco Bell,VA,Norfolk,23502,-76.20989933805494,36.86284380632865,36.8945,-76.259
Taco Bell,VA,Norfolk,23508,-76.31037663216472,36.885523223931166,36.8945,-76.259
Taco Bell,VA,Norfolk,23513,-76.23857080319355,36.889886854008296,36.8945,-76.259
Taco Bell,VA,Norfolk,23518,-76.21596402326304,36.91628827759326,36.8945,-76.259
Taco Bell,VA,Norfolk,23505,-76.28836965491391,36.91585181188358,36.8945,-76.259
Taco Bell,VA,Norfolk,23517,-76.29256921957062,36.86967872830911,36.8945,-76.259
Taco Bell,VA,Norfolk,23503,-76.26713809985213,36.948676629613225,36.8945,-76.259
Taco Bell,VA,Norfolk,23502,-76.20989933805494,36.86284380632865,36.8945,-76.259
Taco Bell,VA,Dinwiddie,23803,-77.48140658384473,37.21229952051046,,
Taco Bell,VA,Norton,24273,-82.65646362555633,36.961690672578996,41.964,-71.1842
Taco Bell,VA,Orange,22960,-78.07208249661858,38.22426969295305,33.8038,-117.8218
Taco Bell,VA,Gap,24277,-83.0308044278044,36.74838347570247,,
Taco Bell,VA,Petersburg,23805,-77.39781094915469,37.12902997859123,37.2043,-77.3913
Taco Bell,VA,Portsmouth,23702,-76.3289677039674,36.80317895254442,36.8468,-76.354
Taco Bell,VA,Portsmouth,23701,-76.37079350694775,36.81180601096688,36.8468,-76.354
Taco Bell,VA,Portsmouth,23707,-76.33987979818394,36.84262922873496,36.8468,-76.354
Taco Bell,VA,Portsmouth,23704,-76.31008162238989,36.82404196299889,36.8468,-76.354
Taco Bell,VA,Mill,24637,-81.70320928617942,37.05875960349086,,
Taco Bell,VA,Powhatan,23139,-77.9337471531134,37.54972937070104,,
Taco Bell,VA,George,23875,-77.26303754739142,37.22827996723345,,
Taco Bell,VA,Pulaski,24301,-80.79976366761335,37.06048004316678,37.0528,-80.7624
Taco Bell,VA,Quinton,23141,-77.1553976097353,37.52995942065731,,
Taco Bell,VA,Radford,24141,-80.56833161027704,37.09487795881895,37.1229,-80.5587
Taco Bell,VA,Reston,20190,-77.33686058423037,38.959774833563806,38.9497,-77.3461
Taco Bell,VA,Richlands,24641,-81.80375539563013,37.1158488852358,,
Taco Bell,VA,Richmond,23235,-77.56452110601069,37.51330532789867,37.5295,-77.4756
Taco Bell,VA,Richmond,23223,-77.37885903966327,37.55586043898006,37.5295,-77.4756
Taco Bell,VA,Richmond,23294,-77.54232541209133,37.630413669374384,37.5295,-77.4756
Taco Bell,VA,Richmond,23294,-77.54232541209133,37.630413669374384,37.5295,-77.4756
Taco Bell,VA,Richmond,23225,-77.51104608797327,37.518454200109794,37.5295,-77.4756
Taco Bell,VA,Richmond,23227,-77.44251867042925,37.61461813586134,37.5295,-77.4756
Taco Bell,VA,Richmond,23228,-77.49202132742624,37.625354191478735,37.5295,-77.4756
Taco Bell,VA,Richmond,23238,-77.64630165369739,37.59735563835376,37.5295,-77.4756
Taco Bell,VA,Richmond,23230,-77.49099236791012,37.586208387847066,37.5295,-77.4756
Taco Bell,VA,Richmond,23234,-77.46966635567745,37.45212046916563,37.5295,-77.4756
Taco Bell,VA,Richmond,23231,-77.31867826738404,37.441040467492186,37.5295,-77.4756
Taco Bell,VA,Roanoke,24014,-79.9128684927574,37.222885915287236,37.2785,-79.9581
Taco Bell,VA,Roanoke,24018,-80.04233879862332,37.21061815131113,37.2785,-79.9581
Taco Bell,VA,Roanoke,24012,-79.90280432713381,37.31526538102738,37.2785,-79.9581
Taco Bell,VA,Mount,24151,-79.86454269391595,36.95741340696606,,
Taco Bell,VA,Ruckersville,22968,-78.39723350562801,38.241049290638536,,
Taco Bell,VA,Glen,22546,-77.44860329178722,37.94190940306556,,
Taco Bell,VA,Paul,24283,-82.3473082716752,36.94301617504706,,
Taco Bell,VA,Salem,24153,-80.11063165929203,37.300122120745,44.9233,-123.0244
Taco Bell,VA,Smithfield,23430,-76.65276779991632,36.999411420010624,41.9014,-71.5308
Taco Bell,VA,Boston,24592,-78.9635787882667,36.67558845477358,42.3188,-71.0852
Taco Bell,VA,Boston,24592,-78.9635787882667,36.67558845477358,42.3188,-71.0852
Taco Bell,VA,Hill,23970,-78.18799513915714,36.75081411424068,,
Taco Bell,VA,Spotsylvania,22553,-77.64472013091304,38.27097826071523,,
Taco Bell,VA,Stafford,22554,-77.37703883897338,38.42682746974554,39.7049,-74.2643
Taco Bell,VA,Stafford,22554,-77.37703883897338,38.42682746974554,39.7049,-74.2643
Taco Bell,VA,Staunton,24401,-79.08588261939038,38.13352561095005,38.1593,-79.0611
Taco Bell,VA,City,22655,-78.21439957317007,39.065344549487875,,
Taco Bell,VA,Sterling,20164,-77.39567415321265,39.01265024678695,39.0052,-77.405
Taco Bell,VA,Sterling,20165,-77.388573483362,39.050637088750555,39.0052,-77.405
Taco Bell,VA,Strasburg,22657,-78.37230277157671,39.005473610113825,,
Taco Bell,VA,Suffolk,23435,-76.47620233101885,36.8434718933872,36.6953,-76.6398
Taco Bell,VA,Suffolk,23434,-76.59165145833185,36.7012363755685,36.6953,-76.6398
Taco Bell,VA,Suffolk,23434,-76.59165145833185,36.7012363755685,36.6953,-76.6398
Taco Bell,VA,Suffolk,23434,-76.59165145833185,36.7012363755685,36.6953,-76.6398
Taco Bell,VA,Tappahannock,22560,-76.9551445303724,37.91709057795116,,
Taco Bell,VA,Brook,22660,-78.43200625991281,38.94956034248489,,
Taco Bell,VA,Troutville,24175,-79.93958925911508,37.42846860887544,,
Taco Bell,VA,Vienna,22182,-77.27194482187771,38.93566695606291,38.8996,-77.2597
Taco Bell,VA,Vinton,24179,-79.80114967961818,37.28727001778797,,
Taco Bell,VA,Beach,23464,-76.17920030389887,36.79725704452882,,
Taco Bell,VA,Beach,23471,,,,
Taco Bell,VA,Beach,23451,-76.00571290175226,36.86741683425295,,
Taco Bell,VA,Beach,23455,-76.14643698950634,36.893229568583486,,
Taco Bell,VA,Beach,23462,-76.15167343701626,36.83717518080709,,
Taco Bell,VA,Beach,23452,-76.09250547366058,36.846709656124865,,
Taco Bell,VA,Beach,23452,-76.09250547366058,36.846709656124865,,
Taco Bell,VA,Beach,23453,-76.0757408791146,36.78554513047558,,
Taco Bell,VA,Beach,23452,-76.09250547366058,36.846709656124865,,
Taco Bell,VA,Beach,23456,-76.0360118811968,36.73406883443294,,
Taco Bell,VA,Beach,23456,-76.0360118811968,36.73406883443294,,
Taco Bell,VA,Beach,23454,-76.02465349937454,36.82647408407818,,
Taco Bell,VA,Beach,23454,-76.02465349937454,36.82647408407818,,
Taco Bell,VA,Beach,23464,-76.17920030389887,36.79725704452882,,
Taco Bell,VA,Beach,23451,-76.00571290175226,36.86741683425295,,
Taco Bell,VA,Warrenton,20186,-77.844395008788,38.70160582715282,38.7176,-77.7976
Taco Bell,VA,Waynesboro,22980,-78.88517148317514,38.09564026747536,38.0674,-78.9014
Taco Bell,VA,Waynesboro,22980,-78.88517148317514,38.09564026747536,38.0674,-78.9014
Taco Bell,VA,Williamsburg,23185,-76.71004048689612,37.2351362006322,37.2693,-76.7076
Taco Bell,VA,Williamsburg,23188,-76.75553254471608,37.33938232664399,37.2693,-76.7076
Taco Bell,VA,Williamsburg,23185,-76.71004048689612,37.2351362006322,37.2693,-76.7076
Taco Bell,VA,Winchester,22601,-78.17353067927085,39.17470185641442,39.1735,-78.1746
Taco Bell,VA,Winchester,22603,-78.20375887324504,39.27924304325121,39.1735,-78.1746
Taco Bell,VA,Wise,24293,-82.56079242517063,37.00496596451645,,
Taco Bell,VA,Woodbridge,22191,-77.26336620295345,38.62277496817025,40.5611,-74.2943
Taco Bell,VA,Woodbridge,22192,-77.31609194589467,38.683335906315925,40.5611,-74.2943
Taco Bell,VA,Woodbridge,22192,-77.31609194589467,38.683335906315925,40.5611,-74.2943
Taco Bell,VA,Woodford,22580,-77.44633964616263,38.108846171451155,,
Taco Bell,VA,Woodstock,22664,-78.53039297270266,38.88818078480809,34.1026,-84.5091
Taco Bell,VA,Wytheville,24382,-81.09969886643083,36.960237239243874,,
Taco Bell,VA,Wytheville,24382,-81.09969886643083,36.960237239243874,,
Taco Bell,VA,Yorktown,23693,-76.44671187499587,37.12557156797315,41.2727,-73.8092
Taco Bell,VA,Crossroads,22942,-78.19862316658208,38.10967184673146,,
Taco Bell,VT,Bennington,05201,-73.1413912392734,42.88112195003878,42.8854,-73.2133
Taco Bell,VT,Brattleboro,05301,-72.6607214696195,42.84627760850568,42.8619,-72.6145
Taco Bell,VT,Rutland,05701,-72.91004015800208,43.62474991053548,43.6092,-72.9783
Taco Bell,VT,Town,05478,-73.08117590824934,44.80967017751601,,
Taco Bell,VT,Johnsbury,05819,-71.98766365417038,44.40515257201104,,
Taco Bell,WA,Aberdeen,98520,-123.82591390558042,47.032413432012696,45.4649,-98.4686
Taco Bell,WA,Auburn,98002,-122.21640257555268,47.30833163133659,32.6087,-85.4903
Taco Bell,WA,Auburn,98002,-122.21640257555268,47.30833163133659,32.6087,-85.4903
Taco Bell,WA,Ground,98604,-122.505212677224,45.80019601830746,,
Taco Bell,WA,Belfair,98528,-122.89598331704629,47.43605905947027,,
Taco Bell,WA,Bellevue,98006,-122.15075381959348,47.557447616825236,47.5951,-122.1535
Taco Bell,WA,Bellingham,98226,-122.44482384210322,48.797406663238924,48.7548,-122.469
Taco Bell,WA,Bellingham,98226,-122.44482384210322,48.797406663238924,48.7548,-122.469
Taco Bell,WA,Blaine,98230,-122.71137448187129,48.95434525521326,45.1696,-93.2077
Taco Bell,WA,Lake,98391,-122.17228681084754,47.17718180227343,,
Taco Bell,WA,Bothell,98021,-122.20815871065429,47.79256554943514,47.7735,-122.2044
Taco Bell,WA,Bothell,98012,-122.19911779374186,47.84155042163794,47.7735,-122.2044
Taco Bell,WA,Bremerton,98310,-122.62300112011808,47.59269560865047,47.5436,-122.7121
Taco Bell,WA,Bremerton,98312,-122.76005435686527,47.573257855173004,47.5436,-122.7121
Taco Bell,WA,Burien,98148,-122.32501531902409,47.443724058970844,47.4762,-122.3394
Taco Bell,WA,Burlington,98233,-122.35077239750699,48.50400987076434,36.076,-79.4685
Taco Bell,WA,Camas,98607,-122.3820740425395,45.64339863213069,45.6005,-122.4304
Taco Bell,WA,Centralia,98531,-122.92108243144834,46.73496888725989,46.7223,-122.9696
Taco Bell,WA,Chehalis,98532,-123.04069915754174,46.631231258742,,
Taco Bell,WA,Cheney,99004,-117.63772256290412,47.411102042690636,47.4901,-117.579
Taco Bell,WA,Clarkston,99403,-117.25280510241568,46.3724006886848,33.8117,-84.2403
Taco Bell,WA,Colville,99114,-117.73964719446563,48.654056222749844,,
Taco Bell,WA,Covington,98042,-122.11721047354233,47.3662428707406,39.0334,-84.5166
Taco Bell,WA,Park,99006,-117.50221330415549,47.982970639636484,,
Taco Bell,WA,Moines,98198,-122.31293243894483,47.39297183389761,,
Taco Bell,WA,Wenatchee,98802,-120.16773278214706,47.49058939684294,47.436,-120.3295
Taco Bell,WA,Edmonds,98020,-122.37443862316084,47.801498492659036,47.8115,-122.3533
Taco Bell,WA,Ellensburg,98926,-120.46298426390335,47.01294806050864,46.9999,-120.5475
Taco Bell,WA,Enumclaw,98022,-121.65484756262893,47.150332669400036,47.2018,-121.9897
Taco Bell,WA,Ephrata,98823,-119.63356219581564,47.321982189650434,40.1811,-76.1812
Taco Bell,WA,Everett,98203,-122.23518569332316,47.94480493701379,47.9525,-122.1669
Taco Bell,WA,Everett,98204,-122.26087459191636,47.90135174298887,47.9525,-122.1669
Taco Bell,WA,Everett,98208,-122.18647472665629,47.90181178252636,47.9525,-122.1669
Taco Bell,WA,Everett,98201,-122.21497608207606,47.99295929015262,47.9525,-122.1669
Taco Bell,WA,Way,98023,-122.36385493074538,47.311756086487335,,
Taco Bell,WA,Way,98003,-122.31511583935261,47.30513848290046,,
Taco Bell,WA,Way,98003,-122.31511583935261,47.30513848290046,,
Taco Bell,WA,Ferndale,98248,-122.62056379462668,48.86543232908857,42.4592,-83.1313
Taco Bell,WA,Fife,98424,-122.35196050668571,47.234361119865504,47.2329,-122.3518
Taco Bell,WA,Kelso,98626,-122.78630233254812,46.15459604576499,46.1236,-122.8909
Taco Bell,WA,Kennewick,99336,-119.17883150249689,46.21376102586709,46.1978,-119.1732
Taco Bell,WA,Kennewick,99338,-119.27357190058342,46.147966701160705,46.1978,-119.1732
Taco Bell,WA,Kennewick,99336,-119.17883150249689,46.21376102586709,46.1978,-119.1732
Taco Bell,WA,Kent,98032,-122.25872706735316,47.39232873003432,47.3887,-122.2128
Taco Bell,WA,Kent,98031,-122.19561205346123,47.40494329568515,47.3887,-122.2128
Taco Bell,WA,Kirkland,98034,-122.21578328772921,47.71579373139257,47.697,-122.2057
Taco Bell,WA,Lacey,98516,-122.78100447500611,47.10954887065606,47.0462,-122.7933
Taco Bell,WA,Lacey,98503,-122.798204661548,47.02575988620965,47.0462,-122.7933
Taco Bell,WA,Lacey,98503,-122.798204661548,47.02575988620965,47.0462,-122.7933
Taco Bell,WA,Lacey,98516,-122.78100447500611,47.10954887065606,47.0462,-122.7933
Taco Bell,WA,Stevens,98258,-122.06897856902822,48.04240214322168,,
Taco Bell,WA,Lakewood,98499,-122.50695020686821,47.16672439514265,39.6977,-105.1172
Taco Bell,WA,Lakewood,98499,-122.50695020686821,47.16672439514265,39.6977,-105.1172
Taco Bell,WA,Lakewood,98498,-122.55451049522503,47.16230935309201,39.6977,-105.1172
Taco Bell,WA,Lake,99019,-117.07642855170613,47.642777520753114,,
Taco Bell,WA,Longview,98632,-123.06852672406829,46.21681171406758,32.5193,-94.7622
Taco Bell,WA,Longview,98632,-123.06852672406829,46.21681171406758,32.5193,-94.7622
Taco Bell,WA,Lynden,98264,-122.46037373721654,48.95017140515969,48.9502,-122.4545
Taco Bell,WA,Lynnwood,98036,-122.28161245966027,47.811111405377595,47.8284,-122.3033
Taco Bell,WA,Lynnwood,98037,-122.28543727826057,47.83921215310185,47.8284,-122.3033
Taco Bell,WA,Valley,98038,-121.95377890741929,47.41739840520785,32.8088,-85.181
Taco Bell,WA,Marysville,98270,-122.14458078567631,48.059619390971115,48.0809,-122.1561
Taco Bell,WA,Marysville,98270,-122.14458078567631,48.059619390971115,48.0809,-122.1561
Taco Bell,WA,Marysville,98271,-122.23834059270362,48.092565276445654,48.0809,-122.1561
Taco Bell,WA,Milton,98354,-122.31464857655058,47.25027952095013,34.1353,-84.3139
Taco Bell,WA,Monroe,98272,-121.88517340542789,47.84933875411508,32.5185,-92.0774
Taco Bell,WA,Lake,98837,-119.3045342582354,47.149787205385074,,
Taco Bell,WA,Lake,98837,-119.3045342582354,47.149787205385074,,
Taco Bell,WA,Vernon,98273,-122.37022482283602,48.40431242688596,41.1973,-74.4857
Taco Bell,WA,Mukilteo,98275,-122.30086344795032,47.91536071194747,47.9096,-122.3035
Taco Bell,WA,Napavine,98532,-123.04069915754174,46.631231258742,,
Taco Bell,WA,Harbor,98277,-122.6280466319235,48.31777382197683,,
Taco Bell,WA,Olympia,98502,-123.01243008146538,47.090529556464496,47.0417,-122.8959
Taco Bell,WA,Olympia,98512,-123.04843719843008,46.956523031902464,47.0417,-122.8959
Taco Bell,WA,Omak,98841,-119.26943556643127,48.3588770768182,,
Taco Bell,WA,Othello,99344,-119.17781419780925,46.81645964154311,46.8221,-119.1653
Taco Bell,WA,Pasco,99301,-118.94391946229577,46.38444965661225,46.2506,-119.1305
Taco Bell,WA,Pasco,99301,-118.94391946229577,46.38444965661225,46.2506,-119.1305
Taco Bell,WA,Angeles,98362,-123.36168175057996,47.98415416299108,,
Taco Bell,WA,Orchard,98366,-122.58348060183513,47.536983663366726,,
Taco Bell,WA,Poulsbo,98370,-122.62357055295129,47.75341501866565,47.7417,-122.6407
Taco Bell,WA,Prosser,99350,-119.70511637919003,46.18042186369472,,
Taco Bell,WA,Pullman,99163,-117.21488245126255,46.72892503319592,46.7336,-117.168
Taco Bell,WA,Puyallup,98371,-122.32214320806493,47.199581752539295,47.1793,-122.2902
Taco Bell,WA,Puyallup,98374,-122.26196434028607,47.1299238948426,47.1793,-122.2902
Taco Bell,WA,Puyallup,98373,-122.32515483288331,47.147614167705235,47.1793,-122.2902
Taco Bell,WA,Puyallup,98373,-122.32515483288331,47.147614167705235,47.1793,-122.2902
Taco Bell,WA,Puyallup,98372,-122.26685287087777,47.20596534679487,47.1793,-122.2902
Taco Bell,WA,Redmond,98052,-122.12025538285458,47.68120166928739,47.6763,-122.1169
Taco Bell,WA,Renton,98055,-122.2013911349034,47.44696784025324,47.4784,-122.1918
Taco Bell,WA,Renton,98055,-122.2013911349034,47.44696784025324,47.4784,-122.1918
Taco Bell,WA,Richland,99352,-119.28781990931263,46.25226864837418,46.2824,-119.2939
Taco Bell,WA,Richland,99352,-119.28781990931263,46.25226864837418,46.2824,-119.2939
Taco Bell,WA,Ridgefield,98642,-122.70178588801825,45.802491457447495,45.8114,-122.7051
Taco Bell,WA,Rochester,98579,-123.11936990188627,46.79801970525041,43.168,-77.6162
Taco Bell,WA,Seatac,98188,-122.27308530726754,47.448261133914606,,
Taco Bell,WA,Seattle,98134,-122.33853081419156,47.57910101980357,47.6211,-122.3244
Taco Bell,WA,Seattle,98119,-122.37090809308454,47.6381021409197,47.6211,-122.3244
Taco Bell,WA,Seattle,98155,-122.30028696380681,47.755978220376115,47.6211,-122.3244
Taco Bell,WA,Seattle,98103,-122.3425684908813,47.67330910987727,47.6211,-122.3244
Taco Bell,WA,Seattle,98146,-122.36034507216205,47.499532794060585,47.6211,-122.3244
Taco Bell,WA,Seattle,98118,-122.26879975288362,47.54250650527067,47.6211,-122.3244
Taco Bell,WA,Seattle,98107,-122.3784968517207,47.66768401713027,47.6211,-122.3244
Taco Bell,WA,Selah,98942,-120.67488686376868,46.801830460618255,,
Taco Bell,WA,Sequim,98382,-123.0786201615934,48.02727130562474,,
Taco Bell,WA,Shelton,98584,-123.14836795332187,47.24244241013096,41.306,-73.1383
Taco Bell,WA,Silverdale,98383,-122.71951842628879,47.66318428505306,47.6663,-122.6828
Taco Bell,WA,Snohomish,98290,-121.9802474057787,47.95103083883138,47.9276,-122.0969
Taco Bell,WA,Spanaway,98387,-122.39545972045649,47.05700662662554,47.0979,-122.4233
Taco Bell,WA,Spokane,99218,-117.40846956006588,47.759567904605596,47.6671,-117.433
Taco Bell,WA,Spokane,99201,-117.4360879029546,47.66275482191461,47.6671,-117.433
Taco Bell,WA,Spokane,99208,-117.46275417932137,47.77989854654631,47.6671,-117.433
Taco Bell,WA,Spokane,99207,-117.38784095487404,47.68896135968722,47.6671,-117.433
Taco Bell,WA,Spokane,99223,-117.34477586939899,47.59128660763699,47.6671,-117.433
Taco Bell,WA,Spokane,99201,-117.4360879029546,47.66275482191461,47.6671,-117.433
Taco Bell,WA,Spokane,99206,-117.25484991786678,47.62899808001378,47.6671,-117.433
Taco Bell,WA,Spokane,99224,-117.53683571089539,47.64884466719711,47.6671,-117.433
Taco Bell,WA,Spokane,99208,-117.46275417932137,47.77989854654631,47.6671,-117.433
Taco Bell,WA,Valley,99037,-117.19721690669667,47.63640449399222,32.8088,-85.181
Taco Bell,WA,Sunnyside,98944,-119.64735472979733,46.49319401154048,46.3157,-120.0058
Taco Bell,WA,Tacoma,98409,-122.48192385487822,47.21110966187071,47.2431,-122.4531
Taco Bell,WA,Tacoma,98406,-122.51216805918018,47.26298364682386,47.2431,-122.4531
Taco Bell,WA,Tacoma,98406,-122.51216805918018,47.26298364682386,47.2431,-122.4531
Taco Bell,WA,Tacoma,98444,-122.44898347122046,47.15287096073296,47.2431,-122.4531
Taco Bell,WA,Tacoma,98404,-122.41008800452347,47.209740901254214,47.2431,-122.4531
Taco Bell,WA,Tacoma,98444,-122.44898347122046,47.15287096073296,47.2431,-122.4531
Taco Bell,WA,Tacoma,98446,-122.37423767069654,47.12965070390318,47.2431,-122.4531
Taco Bell,WA,Toppenish,98948,-120.32835958322818,46.285229359899496,46.3806,-120.3122
Taco Bell,WA,Tukwila,98188,-122.27308530726754,47.448261133914606,47.475,-122.2728
Taco Bell,WA,Tukwila,98188,-122.27308530726754,47.448261133914606,47.475,-122.2728
Taco Bell,WA,Tumwater,98501,-122.87092889780641,46.979060951384184,46.9891,-122.9175
Taco Bell,WA,Place,98466,-122.53960638547672,47.22802050615575,,
Taco Bell,WA,Vancouver,98662,-122.57784423896436,45.68850288405395,45.6366,-122.5967
Taco Bell,WA,Vancouver,98665,-122.65942935350905,45.679741686253045,45.6366,-122.5967
Taco Bell,WA,Vancouver,98661,-122.62576141402505,45.63923688271873,45.6366,-122.5967
Taco Bell,WA,Vancouver,98682,-122.48176138963912,45.67318150015159,45.6366,-122.5967
Taco Bell,WA,Vancouver,98686,-122.62333981438674,45.72416718761004,45.6366,-122.5967
Taco Bell,WA,Vancouver,98683,-122.5102101672881,45.60302166718628,45.6366,-122.5967
Taco Bell,WA,Vancouver,98662,-122.57784423896436,45.68850288405395,45.6366,-122.5967
Taco Bell,WA,Vancouver,98684,-122.5164373166172,45.63072223309797,45.6366,-122.5967
Taco Bell,WA,Vancouver,98665,-122.65942935350905,45.679741686253045,45.6366,-122.5967
Taco Bell,WA,Vancouver,98662,-122.57784423896436,45.68850288405395,45.6366,-122.5967
Taco Bell,WA,Walla,99362,-118.3074120780684,46.08933729980018,,
Taco Bell,WA,Wenatchee,98801,-120.33782412552718,47.423329549297804,47.436,-120.3295
Taco Bell,WA,Woodinville,98072,-122.13211182547929,47.761165550052475,47.757,-122.1477
Taco Bell,WA,Woodland,98674,-122.66495377666637,45.94332917915623,38.6712,-121.75
Taco Bell,WA,Yakima,98901,-120.41527735176516,46.693156422561664,46.5923,-120.5496
Taco Bell,WA,Yakima,98908,-120.7094946523259,46.61658443199634,46.5923,-120.5496
Taco Bell,WA,Yakima,98908,-120.7094946523259,46.61658443199634,46.5923,-120.5496
Taco Bell,WA,Yakima,98903,-121.02662628809475,46.53885020277694,46.5923,-120.5496
Taco Bell,WA,Yakima,98902,-120.5337540494179,46.596630019617756,46.5923,-120.5496
Taco Bell,WA,Yelm,98597,-122.49225335081185,46.85139985751916,46.9398,-122.6262
Taco Bell,WI,Antigo,54409,-89.16995666632594,45.119146440806404,,
Taco Bell,WI,Appleton,54915,-88.35640366693826,44.242468601473114,44.278,-88.3892
Taco Bell,WI,Appleton,54914,-88.47529290748771,44.26387306973343,44.278,-88.3892
Taco Bell,WI,Appleton,54911,-88.38162232833508,44.28165860949048,44.278,-88.3892
Taco Bell,WI,Ashwaubenon,54304,-88.06784650028679,44.49395820050228,44.4796,-88.0889
Taco Bell,WI,Dam,53916,-88.8594264219623,43.45546635986112,,
Taco Bell,WI,Bellevue,54311,-87.8960809116015,44.48327779223455,47.5951,-122.1535
Taco Bell,WI,Beloit,53511,-89.09498870071779,42.545583721790564,42.523,-89.0184
Taco Bell,WI,Beloit,53511,-89.09498870071779,42.545583721790564,42.523,-89.0184
Taco Bell,WI,Berlin,54923,-88.96728024470585,43.99778983513533,44.4869,-71.2599
Taco Bell,WI,Brookfield,53005,-88.09923445105063,43.062612897964314,43.064,-88.1231
Taco Bell,WI,Burlington,53105,-88.27986696088524,42.66415134911557,36.076,-79.4685
Taco Bell,WI,Falls,54729,-91.3949850873534,44.94403717038223,40.1686,-74.7915
Taco Bell,WI,Columbus,53925,-89.0520898999079,43.334740402727085,39.9862,-82.9855
Taco Bell,WI,Forest,53532,-89.32466571188075,43.24902826279422,37.3728,-79.2831
Taco Bell,WI,Pere,54115,-88.09194452706424,44.40463228699866,,
Taco Bell,WI,Pere,54115,-88.09194452706424,44.40463228699866,,
Taco Bell,WI,Pere,54115,-88.09194452706424,44.40463228699866,,
Taco Bell,WI,Delavan,53115,-88.67308554501038,42.65540763080774,42.6282,-88.6323
Taco Bell,WI,Dodgeville,53533,-90.14677164048992,42.99397878033636,,
Taco Bell,WI,River,54521,-89.28500787914172,45.934080641322275,,
Taco Bell,WI,Claire,54703,-91.51608233226165,44.834427411993325,,
Taco Bell,WI,Claire,54701,-91.51058718329789,44.74438282302349,,
Taco Bell,WI,Claire,54701,-91.51058718329789,44.74438282302349,,
Taco Bell,WI,Elkhorn,53121,-88.52931525163338,42.70882953916472,42.6713,-88.5377
Taco Bell,WI,Fitchburg,53719,-89.50152336244322,43.02752635785316,42.5912,-71.8156
Taco Bell,WI,Lac,54935,-88.43515899029043,43.77424742184008,,
Taco Bell,WI,Lac,54935,-88.43515899029043,43.77424742184008,,
Taco Bell,WI,Atkinson,53538,-88.8644621248998,42.92090088263858,,
Taco Bell,WI,Franklin,53132,-88.01086635877597,42.88560059094987,35.92,-86.8516
Taco Bell,WI,Germantown,53022,-88.11351922276313,43.23061950879145,39.1755,-77.2643
Taco Bell,WI,Glendale,53217,-87.91268002345228,43.155815626924046,33.5791,-112.2311
Taco Bell,WI,Bay,54313,-88.11043472892818,44.58593745990411,,
Taco Bell,WI,Bay,54302,-87.97616350286353,44.5076912552854,,
Taco Bell,WI,Bay,54302,-87.97616350286353,44.5076912552854,,
Taco Bell,WI,Bay,54303,-88.05004205032533,44.53875257776949,,
Taco Bell,WI,Bay,54303,-88.05004205032533,44.53875257776949,,
Taco Bell,WI,Greenville,54942,-88.54784377725848,44.291214986631,34.8354,-82.3646
Taco Bell,WI,Corners,53130,-88.04890613536425,42.9410272797647,,
Taco Bell,WI,Hartford,53027,-88.37298006276036,43.3179072524862,41.7661,-72.6834
Taco Bell,WI,Holmen,54636,-91.22657696318049,44.007600770307704,43.9706,-91.2654
Taco Bell,WI,Hudson,54016,-92.69323404211742,44.97894370725135,42.7639,-71.4072
Taco Bell,WI,Janesville,53545,-89.04051187374728,42.73550263151682,42.6854,-89.0135
Taco Bell,WI,Janesville,53548,-89.12870926364506,42.685364697183026,42.6854,-89.0135
Taco Bell,WI,Janesville,53545,-89.04051187374728,42.73550263151682,42.6854,-89.0135
Taco Bell,WI,Creek,53038,-88.78704370555295,43.083366323395225,,
Taco Bell,WI,Kenosha,53143,-87.8294962156612,42.56094119498155,42.5865,-87.8773
Taco Bell,WI,Kenosha,53142,-87.94232150014291,42.542746680944724,42.5865,-87.8773
Taco Bell,WI,Kenosha,53144,-87.92319824640585,42.61952047338015,42.5865,-87.8773
Taco Bell,WI,Kenosha,53140,-87.82916444235698,42.62177551078659,42.5865,-87.8773
Taco Bell,WI,Kenosha,53142,-87.94232150014291,42.542746680944724,42.5865,-87.8773
Taco Bell,WI,Kenosha,53144,-87.92319824640585,42.61952047338015,42.5865,-87.8773
Taco Bell,WI,Crosse,54601,-91.14245021315372,43.804366293880776,,
Taco Bell,WI,Crosse,54601,-91.14245021315372,43.804366293880776,,
Taco Bell,WI,Delton,53940,,,,
Taco Bell,WI,Geneva,53147,-88.45149313506259,42.570967399818706,41.8833,-88.3242
Taco Bell,WI,Chute,54140,-88.31132319056745,44.28664166602383,,
Taco Bell,WI,Lomira,53048,-88.45128258967503,43.57947034165697,,
Taco Bell,WI,Madison,53719,-89.50152336244322,43.02752635785316,43.0822,-89.393
Taco Bell,WI,Madison,53719,-89.50152336244322,43.02752635785316,43.0822,-89.393
Taco Bell,WI,Madison,53704,-89.3472979985447,43.13689170175438,43.0822,-89.393
Taco Bell,WI,Madison,53704,-89.3472979985447,43.13689170175438,43.0822,-89.393
Taco Bell,WI,Madison,53703,-89.37705243418569,43.07982897580562,43.0822,-89.393
Taco Bell,WI,Manitowoc,54220,-87.72680619342377,44.09621451231969,44.0991,-87.6812
Taco Bell,WI,Marinette,54143,-87.69673131584081,45.08436233056636,45.0871,-87.6336
Taco Bell,WI,Marshfield,54449,-90.19929018676673,44.636892761283356,42.114,-70.7151
Taco Bell,WI,Mauston,53948,-90.04818653863447,43.7753099835069,,
Taco Bell,WI,Medford,54451,-90.40551572597379,45.19521969383791,42.3372,-122.854
Taco Bell,WI,Menasha,54952,-88.32887945639774,44.20035052121494,44.2125,-88.4271
Taco Bell,WI,Menomonie,54751,-91.93037320922797,44.85058702941703,44.8893,-91.9084
Taco Bell,WI,Merrill,54452,-89.76850288663313,45.20991474458863,45.182,-89.6994
Taco Bell,WI,Middleton,53562,-89.54159015065504,43.11643444628128,43.1064,-89.5059
Taco Bell,WI,Milwaukee,53223,-87.990496223502,43.16341041711392,43.0642,-87.9675
Taco Bell,WI,Milwaukee,53221,-87.94393705092892,42.95406103627081,43.0642,-87.9675
Taco Bell,WI,Milwaukee,53216,-87.97638456889611,43.08638960671757,43.0642,-87.9675
Taco Bell,WI,Milwaukee,53208,-87.96565537821124,43.04664174501146,43.0642,-87.9675
Taco Bell,WI,Milwaukee,53225,-88.04186440790758,43.11496079793259,43.0642,-87.9675
Taco Bell,WI,Milwaukee,53222,-88.0355252819449,43.08241637257125,43.0642,-87.9675
Taco Bell,WI,Milwaukee,53215,-87.94682929946008,42.99921703261834,43.0642,-87.9675
Taco Bell,WI,Milwaukee,53219,-87.99225575458203,42.995499551524645,43.0642,-87.9675
Taco Bell,WI,Milwaukee,53207,-87.8986370609717,42.976323491910705,43.0642,-87.9675
Taco Bell,WI,Milwaukee,53233,-87.93384019937001,43.036924961571735,43.0642,-87.9675
Taco Bell,WI,Milwaukee,53207,-87.8986370609717,42.976323491910705,43.0642,-87.9675
Taco Bell,WI,Milwaukee,53212,-87.90847983163621,43.074650828103266,43.0642,-87.9675
Taco Bell,WI,Milwaukee,53211,-87.88196370441219,43.082406296340565,43.0642,-87.9675
Taco Bell,WI,Minocqua,54548,-89.82107076940294,45.859824145262564,,
Taco Bell,WI,Monona,53716,-89.31401172415957,43.06445604895847,43.054,-89.3334
Taco Bell,WI,Monroe,53566,-89.64886921913644,42.60869628757664,32.5185,-92.0774
Taco Bell,WI,Mukwonago,53149,-88.34106352667284,42.87777165000078,,
Taco Bell,WI,Muskego,53150,-88.12766210860106,42.88428782606967,42.886,-88.1291
Taco Bell,WI,Neenah,54956,-88.52765959891148,44.18252743382803,44.1669,-88.4767
Taco Bell,WI,Berlin,53151,-88.09872334573292,42.974103915550145,44.4869,-71.2599
Taco Bell,WI,London,54961,-88.76118722514549,44.409253849448824,39.8935,-83.4375
Taco Bell,WI,Richmond,54017,-92.52062079171023,45.11890008058327,37.5295,-77.4756
Taco Bell,WI,Creek,53154,-87.89815065008926,42.879799646524425,,
Taco Bell,WI,Oconomowoc,53066,-88.48992488260517,43.11313377637158,43.0996,-88.4948
Taco Bell,WI,Oconomowoc,53066,-88.48992488260517,43.11313377637158,43.0996,-88.4948
Taco Bell,WI,Onalaska,54650,-91.22519533790091,43.910656499458746,43.8883,-91.2075
Taco Bell,WI,Oshkosh,54901,-88.53313527186957,44.0628534548965,44.0227,-88.5619
Taco Bell,WI,Oshkosh,54902,-88.53971266400482,43.94927137696909,44.0227,-88.5619
Taco Bell,WI,Lake,53168,-88.13144013715454,42.58199320537943,,
Taco Bell,WI,Pewaukee,53072,-88.26662080860227,43.08110729479213,43.0701,-88.2412
Taco Bell,WI,Platteville,53818,-90.48893028394295,42.74736735694359,42.728,-90.4681
Taco Bell,WI,Plover,54467,-89.54174668255041,44.416202534861156,44.4615,-89.5382
Taco Bell,WI,Plymouth,53073,-87.98877451841243,43.75211667070639,45.0225,-93.4617
Taco Bell,WI,Portage,53901,-89.48645152717047,43.557066568833385,42.2,-85.5906
Taco Bell,WI,Racine,53406,-87.86490334118395,42.72987811915037,42.7274,-87.8135
Taco Bell,WI,Racine,53402,-87.8160858414216,42.79704474439456,42.7274,-87.8135
Taco Bell,WI,Racine,53406,-87.86490334118395,42.72987811915037,42.7274,-87.8135
Taco Bell,WI,Rhinelander,54501,-89.34499156335713,45.65303523177743,,
Taco Bell,WI,Lake,54868,-91.71353315271742,45.52597458433892,,
Taco Bell,WI,Center,53581,-90.41141931979404,43.37271876015926,40.6483,-80.2977
Taco Bell,WI,Ripon,54971,-88.82981869518876,43.8561055665881,37.7417,-121.131
Taco Bell,WI,Saukville,53080,-87.98743241721799,43.40943478504045,,
Taco Bell,WI,Schofield,54476,-89.52410317159008,44.88808035782958,,
Taco Bell,WI,Shawano,54166,-88.63248114589437,44.77713205785192,44.7748,-88.5843
Taco Bell,WI,Sheboygan,53081,-87.73583510920412,43.71025965260852,43.7403,-87.7316
Taco Bell,WI,Sheboygan,53081,-87.73583510920412,43.71025965260852,43.7403,-87.7316
Taco Bell,WI,Milwaukee,53172,-87.8594010775514,42.911867487635824,43.0642,-87.9675
Taco Bell,WI,Sparta,54656,-90.81100952661117,44.0027905873107,41.0486,-74.6264
Taco Bell,WI,Point,54481,-89.63777937671854,44.51576574604699,,
Taco Bell,WI,Point,54481,-89.63777937671854,44.51576574604699,,
Taco Bell,WI,Bay,54235,-87.37403914837603,44.84088305320221,,
Taco Bell,WI,Sturtevant,53177,-87.93540304122016,42.70246031200154,,
Taco Bell,WI,Suamico,54313,-88.11043472892818,44.58593745990411,44.6354,-88.0683
Taco Bell,WI,Prairie,53590,-89.20594544566453,43.20077507022795,,
Taco Bell,WI,Superior,54880,-92.1273904146129,46.59060073513454,46.6941,-92.0823
Taco Bell,WI,Sussex,53089,-88.23477783739706,43.14717537241814,43.1346,-88.2226
Taco Bell,WI,Tomah,54660,-90.49018215937193,43.98254796136368,43.9879,-90.4999
Taco Bell,WI,Verona,53593,-89.57813493636506,42.98451228270294,42.9892,-89.5383
Taco Bell,WI,Watertown,53094,-88.73037677574918,43.145634783795,43.9734,-75.9094
Taco Bell,WI,Waukesha,53189,-88.28224265434743,42.95324609811716,43.0087,-88.2464
Taco Bell,WI,Waukesha,53186,-88.20314449557239,43.023337355984346,43.0087,-88.2464
Taco Bell,WI,Waukesha,53188,-88.29138766079122,43.022145876329425,43.0087,-88.2464
Taco Bell,WI,Waupaca,54981,-89.12440587897767,44.326663314645955,,
Taco Bell,WI,Waupun,53963,-88.7439069640302,43.63944972503996,43.6314,-88.7381
Taco Bell,WI,Wausau,54401,-89.70676273846631,44.96558686717654,44.962,-89.6459
Taco Bell,WI,Wausau,54401,-89.70676273846631,44.96558686717654,44.962,-89.6459
Taco Bell,WI,Wauwatosa,53226,-88.04217352312146,43.0494540575468,43.0616,-88.0347
Taco Bell,WI,Allis,53214,-88.01468635255378,43.020776460823065,,
Taco Bell,WI,Allis,53227,-88.04253365662662,42.995625916780455,,
Taco Bell,WI,Baraboo,53913,-89.72881554193008,43.496012814156984,43.4695,-89.7376
Taco Bell,WI,Bend,53095,-88.15787388400273,43.38903387457873,44.0563,-121.3095
Taco Bell,WI,Bend,53095,-88.15787388400273,43.38903387457873,44.0563,-121.3095
Taco Bell,WI,Milwaukee,53219,-87.99225575458203,42.995499551524645,43.0642,-87.9675
Taco Bell,WI,Whitewater,53190,-88.73337152097929,42.80597238619511,42.8372,-88.7341
Taco Bell,WI,Dells,53965,-89.75559757583564,43.675346753669025,,
Taco Bell,WI,Rapids,54494,-89.73763031187694,44.33914177531405,,
Taco Bell,WV,Barboursville,25504,-82.2640746951457,38.373311960844696,,
Taco Bell,WV,Beaver,25813,-81.11545790348514,37.75947445683192,,
Taco Bell,WV,Beckley,25801,-81.25465174013462,37.814482665300375,37.7877,-81.1841
Taco Bell,WV,Beckley,25801,-81.25465174013462,37.814482665300375,37.7877,-81.1841
Taco Bell,WV,Belle,25015,-81.50236015617635,38.24256826336332,,
Taco Bell,WV,Benwood,26031,-80.72262271287883,40.008485509536136,,
Taco Bell,WV,Bradley,25818,-81.19258237107327,37.860570208840436,41.1641,-87.8452
Taco Bell,WV,Buckhannon,26201,-80.20389241354029,39.00048777904307,,
Taco Bell,WV,Chapmanville,25508,-82.02164093280331,37.96345643573213,,
Taco Bell,WV,Town,25414,-77.86895301088136,39.251054186454176,,
Taco Bell,WV,Charleston,25309,-81.75057299627811,38.30849048962778,32.8168,-79.9687
Taco Bell,WV,Charleston,25304,-81.59318658907637,38.30560250383254,32.8168,-79.9687
Taco Bell,WV,Charleston,25311,-81.54925737177562,38.36313111784566,32.8168,-79.9687
Taco Bell,WV,Charleston,25312,-81.65736597046838,38.45240664548815,32.8168,-79.9687
Taco Bell,WV,Charleston,25304,-81.59318658907637,38.30560250383254,32.8168,-79.9687
Taco Bell,WV,Charmco,25958,-80.75078143810411,38.021518951744525,,
Taco Bell,WV,Chester,26034,-80.55254846699208,40.59397054416186,39.8456,-75.3718
Taco Bell,WV,Clarksburg,26301,-80.37939882675238,39.28975807948563,39.2246,-77.2659
Taco Bell,WV,Lanes,25313,-81.75647520010315,38.41680332207748,,
Taco Bell,WV,Danville,25053,-81.87306322666772,38.044241332916606,37.8121,-121.9698
Taco Bell,WV,Dunbar,25064,-81.74851452938866,38.37630841492806,,
Taco Bell,WV,Elkins,26241,-79.78708369557361,38.929461429539174,,
Taco Bell,WV,Elkview,25071,-81.4681855750926,38.47313396820716,,
Taco Bell,WV,Fairmont,26554,-80.11485457989417,39.46679374948707,39.4768,-80.1491
Taco Bell,WV,Fayetteville,25840,-81.1231852246281,38.03964299879387,36.0714,-94.1661
Taco Bell,WV,Huntington,25701,-82.40757626910018,38.36863359168857,40.8521,-73.3823
Taco Bell,WV,Huntington,25703,-82.4188038673106,38.42392666473791,40.8521,-73.3823
Taco Bell,WV,Huntington,25705,-82.36194254655719,38.40561552909279,40.8521,-73.3823
Taco Bell,WV,Huntington,25704,-82.5087147555693,38.353591649312776,40.8521,-73.3823
Taco Bell,WV,Huntington,25705,-82.36194254655719,38.40561552909279,40.8521,-73.3823
Taco Bell,WV,Huntington,25701,-82.40757626910018,38.36863359168857,40.8521,-73.3823
Taco Bell,WV,Hurricane,25526,-81.98476423899879,38.398322568155585,37.1487,-113.3517
Taco Bell,WV,Hurricane,25526,-81.98476423899879,38.398322568155585,37.1487,-113.3517
Taco Bell,WV,Inwood,25428,-78.02706701412492,39.3730456797337,40.6219,-73.7506
Taco Bell,WV,Kenova,25530,-82.56370055009214,38.35475880827132,,
Taco Bell,WV,Keyser,26726,-78.99088397219268,39.40135396032231,,
Taco Bell,WV,Lewisburg,24901,-80.46534601452825,37.84063672850894,35.451,-86.7901
Taco Bell,WV,Logan,25601,-82.00466157299115,37.859099017894984,41.7399,-111.8422
Taco Bell,WV,Martinsburg,25404,-77.89534495524548,39.485166282864505,39.4582,-77.9776
Taco Bell,WV,Martinsburg,25404,-77.89534495524548,39.485166282864505,39.4582,-77.9776
Taco Bell,WV,Martinsburg,25401,-77.97266463221142,39.45685248881615,39.4582,-77.9776
Taco Bell,WV,Milton,25541,-82.1283485905582,38.45720178165221,34.1353,-84.3139
Taco Bell,WV,Wells,26150,-81.53655688364637,39.15679895099707,43.3267,-70.6336
Taco Bell,WV,Morgantown,26505,-79.94406880542896,39.65048707871396,39.6383,-79.9464
Taco Bell,WV,Morgantown,26508,-79.895975686561,39.60046001487996,39.6383,-79.9464
Taco Bell,WV,Moundsville,26041,-80.70822141134408,39.89944006573075,,
Taco Bell,WV,Martinsville,26155,-80.7653672990183,39.632184551075895,36.6826,-79.8636
Taco Bell,WV,Nitro,25143,-81.8215279509021,38.418729033123405,,
Taco Bell,WV,Oceana,24870,-81.54171091577118,37.73529678605701,,
Taco Bell,WV,Parkersburg,26101,-81.57619774867194,39.239060607673345,39.2623,-81.542
Taco Bell,WV,Parkersburg,26101,-81.57619774867194,39.239060607673345,39.2623,-81.542
Taco Bell,WV,Princeton,24740,-81.01880467201812,37.376421625967645,25.5396,-80.3971
Taco Bell,WV,Princeton,24740,-81.01880467201812,37.376421625967645,25.5396,-80.3971
Taco Bell,WV,Ravenswood,26164,-81.71708507217876,38.98875020565862,,
Taco Bell,WV,Ripley,25271,-81.68575310714358,38.78549849057426,,
Taco Bell,WV,Albans,25177,-81.84704240475405,38.367472671730106,,
Taco Bell,WV,Marys,26170,-81.17230734648336,39.35962083673714,,
Taco Bell,WV,Smithers,25186,-81.27271151510828,38.18185866427535,,
Taco Bell,WV,Sophia,25921,-81.30853532548286,37.67017615875536,,
Taco Bell,WV,Charleston,25309,-81.75057299627811,38.30849048962778,32.8168,-79.9687
Taco Bell,WV,Spencer,25276,-81.33122346860937,38.78674679967504,42.2471,-71.9919
Taco Bell,WV,Summersville,26651,-80.87243537301504,38.3243083115569,,
Taco Bell,WV,Sutton,26601,-80.65640452917866,38.62919478376979,42.1337,-71.7503
Taco Bell,WV,Triadelphia,26059,-80.5911729165151,40.071318707072294,,
Taco Bell,WV,Vienna,26105,-81.52131588415284,39.329868966503334,38.8996,-77.2597
Taco Bell,WV,Weirton,26062,-80.56112411914977,40.42319512585544,40.406,-80.5671
Taco Bell,WV,Weston,26452,-80.51401227425715,39.03718262488412,26.1006,-80.4054
Taco Bell,WV,Westover,26501,-80.0413835124076,39.630170976732025,,
Taco Bell,WV,Wheeling,26003,-80.65005015167425,40.07396272203816,42.1308,-87.924
Taco Bell,WY,Burns,82053,-104.35077207311559,41.25086870828212,,
Taco Bell,WY,Casper,82609,-106.18907845070989,42.80682520612357,42.842,-106.3208
Taco Bell,WY,Casper,82604,-106.76930779855849,42.85793382377942,42.842,-106.3208
Taco Bell,WY,Cheyenne,82001,-104.93442772380548,41.09143433312551,41.135,-104.7902
Taco Bell,WY,Cheyenne,82009,-104.84867104959316,41.37799001050718,41.135,-104.7902
Taco Bell,WY,Evanston,82930,-110.63730750005591,41.00814983084987,42.0464,-87.6943
Taco Bell,WY,Bridger,82933,-110.45747793458713,41.279864227977804,,
Taco Bell,WY,Gillette,82716,-105.68558332037883,44.48070207133571,44.2752,-105.4982
Taco Bell,WY,River,82935,-109.67216644214977,41.69101003175563,,
Taco Bell,WY,Laramie,82070,-105.83216548532664,41.20537532613709,41.3099,-105.6085
Taco Bell,WY,Rawlins,82301,-107.49508811036944,41.888435415992625,,
Taco Bell,WY,Riverton,82501,-108.20239916832996,43.03510182245356,40.5176,-111.9636
Taco Bell,WY,Springs,82901,-109.00243464700762,41.36490728982393,41.0212,-72.1584
Taco Bell,WY,Sheridan,82801,-106.83971166273322,44.84448561127595,44.7961,-106.9642
Chipotle,AL,Athens,35611,-87.08567149929918,34.76710884986205,33.9508,-83.3689
Chipotle,AL,Auburn,36832,-85.58195446048899,32.596236081801266,32.6087,-85.4903
Chipotle,AL,Birmingham,35233,-86.80197444870903,33.508745791033135,33.5279,-86.7971
Chipotle,AL,Birmingham,35235,-86.6483318939545,33.6241102438647,33.5279,-86.7971
Chipotle,AL,Birmingham,35242,-86.67145335380599,33.425212120690794,33.5279,-86.7971
Chipotle,AL,Birmingham,35242,-86.67145335380599,33.425212120690794,33.5279,-86.7971
Chipotle,AL,Cullman,35055,-86.75902442856696,34.153992120963,34.1775,-86.8407
Chipotle,AL,Daphne,36526,-87.86276427987497,30.612786813044394,30.6263,-87.8816
Chipotle,AL,Decatur,35601,-87.01328982151686,34.60904944797568,39.8557,-88.9342
Chipotle,AL,Dothan,36303,-85.3971168682022,31.26677528708944,31.2336,-85.407
Chipotle,AL,Florence,35630,-87.66056969578433,34.8236239983149,34.178,-79.7898
Chipotle,AL,Foley,36536,,,30.3983,-87.665
Chipotle,AL,Gardendale,35071,-86.8436724779603,33.70489366154441,33.6677,-86.8069
Chipotle,AL,Homewood,35209,-86.81165735158747,33.4653027852679,33.4619,-86.809
Chipotle,AL,Hoover,35244,-86.82543024740444,33.353738772097046,33.3763,-86.8068
Chipotle,AL,Hoover,35244,-86.82543024740444,33.353738772097046,33.3763,-86.8068
Chipotle,AL,Huntsville,35806,-86.68509282998858,34.7630539332745,34.6981,-86.6412
Chipotle,AL,Madison,35758,-86.74670197044324,34.713493922696955,43.0822,-89.393
Chipotle,AL,Madison,35758,-86.74670197044324,34.713493922696955,43.0822,-89.393
Chipotle,AL,Mobile,36608,-88.29447316306963,30.681683278483085,30.6782,-88.1162
Chipotle,AL,Mobile,36608,-88.29447316306963,30.681683278483085,30.6782,-88.1162
Chipotle,AL,Montgomery,36117,-86.14564950657243,32.3785639584683,32.3482,-86.2668
Chipotle,AL,Montgomery,36117,-86.14564950657243,32.3785639584683,32.3482,-86.2668
Chipotle,AL,Moody,35004,-86.49610882145261,33.60280526759518,33.5986,-86.4963
Chipotle,AL,Opelika,36801,-85.3971727030395,32.691733769262235,32.6612,-85.3769
Chipotle,AL,Oxford,36203,-85.83284429957854,33.5815461571231,34.3627,-89.5336
Chipotle,AL,City,36867,-85.02350762075532,32.496541602083305,,
Chipotle,AL,Prattville,36066,-86.4240922233839,32.48003160526731,32.4597,-86.4573
Chipotle,AL,Tuscaloosa,35401,-87.61357727753234,33.168781294245925,33.2348,-87.5268
Chipotle,AL,Tuscaloosa,35404,-87.48608181780969,33.21664940808727,33.2348,-87.5268
Chipotle,AL,Hills,35216,-86.7867153482551,33.41870318309143,,
Chipotle,AZ,Avondale,85392,-112.30936243586387,33.4777845018614,33.3873,-112.3235
Chipotle,AZ,Buckeye,85396,-112.65075816357424,33.526961881265414,33.4314,-112.6429
Chipotle,AZ,Buckeye,85326,-112.57794165624131,33.28902813031955,33.4314,-112.6429
Chipotle,AZ,Grande,85122,-111.74421658787226,32.917138901498596,,
Chipotle,AZ,Creek,85331,-111.93492167096073,33.885088387991246,,
Chipotle,AZ,Chandler,85224,-111.87646939839112,33.323662967772734,33.2825,-111.8514
Chipotle,AZ,Chandler,85286,-111.8312221765422,33.271056566232744,33.2825,-111.8514
Chipotle,AZ,Chandler,85226,-112.00762012032047,33.25897523739772,33.2825,-111.8514
Chipotle,AZ,Chandler,85226,-112.00762012032047,33.25897523739772,33.2825,-111.8514
Chipotle,AZ,Cottonwood,86326,-112.02364743048366,34.70002252242588,34.7195,-112.0016
Chipotle,AZ,Flagstaff,86001,-111.63772762806815,35.28948959496617,35.1872,-111.6194
Chipotle,AZ,Flagstaff,86004,-111.38479662489004,35.38762356529396,35.1872,-111.6194
Chipotle,AZ,Gilbert,85296,-111.74061973818783,33.33538672489623,33.31,-111.7463
Chipotle,AZ,Gilbert,85233,-111.81136199985244,33.352104790659155,33.31,-111.7463
Chipotle,AZ,Gilbert,85295,-111.74083910275341,33.305450693467634,33.31,-111.7463
Chipotle,AZ,Gilbert,85297,-111.73351098281776,33.277805928350205,33.31,-111.7463
Chipotle,AZ,Gilbert,85297,-111.73351098281776,33.277805928350205,33.31,-111.7463
Chipotle,AZ,Glendale,85308,-112.18457898689701,33.66053961319484,33.5791,-112.2311
Chipotle,AZ,Glendale,85301,-112.17793236497829,33.53175122516925,33.5791,-112.2311
Chipotle,AZ,Glendale,85306,-112.1763925332712,33.62393374740881,33.5791,-112.2311
Chipotle,AZ,Glendale,85308,-112.18457898689701,33.66053961319484,33.5791,-112.2311
Chipotle,AZ,Glendale,85305,-112.25630003361806,33.53080627900596,33.5791,-112.2311
Chipotle,AZ,Goodyear,85395,-112.39449717520772,33.479050814769124,33.2614,-112.3622
Chipotle,AZ,Goodyear,85338,-112.40793508223783,33.37352855044835,33.2614,-112.3622
Chipotle,AZ,Valley,85614,-110.92577679885274,31.822852720476337,32.8088,-85.181
Chipotle,AZ,Kingman,86409,-114.02851356063782,35.46101568439924,35.217,-114.0105
Chipotle,AZ,City,86403,-114.34832746224814,34.481432571199605,,
Chipotle,AZ,Laveen,85339,-112.16081880661837,33.237710641849404,,
Chipotle,AZ,Park,85340,-112.4131972536726,33.509817710333294,,
Chipotle,AZ,Marana,85743,-111.1882021866244,32.31080297925202,32.4355,-111.1558
Chipotle,AZ,Maricopa,85139,-112.14615678184643,32.97589509469764,33.0408,-112.0011
Chipotle,AZ,Mesa,85203,-111.80397232935833,33.45005111617418,33.4015,-111.7178
Chipotle,AZ,Mesa,85210,-111.843196320035,33.38986020969935,33.4015,-111.7178
Chipotle,AZ,Mesa,85206,-111.71772934775355,33.396676710650134,33.4015,-111.7178
Chipotle,AZ,Mesa,85209,-111.63761505012924,33.378330349261006,33.4015,-111.7178
Chipotle,AZ,Mesa,85215,-111.57875910655278,33.51107732729496,33.4015,-111.7178
Chipotle,AZ,Mesa,85204,-111.78808218896604,33.3967889005639,33.4015,-111.7178
Chipotle,AZ,Mesa,85212,-111.63545643334942,33.32216043586281,33.4015,-111.7178
Chipotle,AZ,Mesa,85212,-111.63545643334942,33.32216043586281,33.4015,-111.7178
Chipotle,AZ,Nogales,85621,-111.04022910526571,31.42293510267465,31.3624,-110.9336
Chipotle,AZ,Valley,85737,-110.94657121278719,32.41419078312804,32.8088,-85.181
Chipotle,AZ,Payson,85541,-111.30531988140646,34.19479620494465,40.0355,-111.739
Chipotle,AZ,Peoria,85382,-112.24745011871879,33.655142968345345,40.752,-89.6154
Chipotle,AZ,Peoria,85383,-112.24700619732845,33.80234121467865,40.752,-89.6154
Chipotle,AZ,Peoria,85383,-112.24700619732845,33.80234121467865,40.752,-89.6154
Chipotle,AZ,Phoenix,85003,-112.07835303505438,33.450665174331036,33.5722,-112.0892
Chipotle,AZ,Phoenix,85007,-112.09114905994294,33.447152252813126,33.5722,-112.0892
Chipotle,AZ,Phoenix,85016,-112.02966730312664,33.5135834925812,33.5722,-112.0892
Chipotle,AZ,Phoenix,85032,-112.00379405217028,33.626294372926886,33.5722,-112.0892
Chipotle,AZ,Phoenix,85015,-112.1018492316835,33.50910520797133,33.5722,-112.0892
Chipotle,AZ,Phoenix,85041,-112.10885860747689,33.38588251357949,33.5722,-112.0892
Chipotle,AZ,Phoenix,85050,-111.99629653928814,33.68632907424919,33.5722,-112.0892
Chipotle,AZ,Phoenix,85042,-112.04248614931811,33.36880566030077,33.5722,-112.0892
Chipotle,AZ,Phoenix,85023,-112.09470496434686,33.63150787972721,33.5722,-112.0892
Chipotle,AZ,Phoenix,85085,-112.08931119765839,33.75291856061653,33.5722,-112.0892
Chipotle,AZ,Phoenix,85027,-112.09960225293433,33.68187572770973,33.5722,-112.0892
Chipotle,AZ,Phoenix,85029,-112.11024131862223,33.59504364314407,33.5722,-112.0892
Chipotle,AZ,Phoenix,85016,-112.02966730312664,33.5135834925812,33.5722,-112.0892
Chipotle,AZ,Phoenix,85032,-112.00379405217028,33.626294372926886,33.5722,-112.0892
Chipotle,AZ,Phoenix,85048,-112.05571016614138,33.312540080174074,33.5722,-112.0892
Chipotle,AZ,Phoenix,85022,-112.05180714580841,33.62717281674052,33.5722,-112.0892
Chipotle,AZ,Phoenix,85018,-111.98578549786775,33.505357047155286,33.5722,-112.0892
Chipotle,AZ,Phoenix,85032,-112.00379405217028,33.626294372926886,33.5722,-112.0892
Chipotle,AZ,Phoenix,85040,-112.02654861941694,33.40613688406046,33.5722,-112.0892
Chipotle,AZ,Phoenix,85012,-112.07037361524867,33.50726160536171,33.5722,-112.0892
Chipotle,AZ,Phoenix,85033,-112.21162730603814,33.49436900738856,33.5722,-112.0892
Chipotle,AZ,Prescott,86301,-112.42644289143311,34.59169121259769,34.5849,-112.4473
Chipotle,AZ,Valley,86314,-112.30622414929634,34.62599006916397,32.8088,-85.181
Chipotle,AZ,Creek,85140,-111.54380838460851,33.244529647706266,,
Chipotle,AZ,Creek,85142,-111.63811410140647,33.198643943479915,,
Chipotle,AZ,Valley,85143,-111.5190397581476,33.15865059703511,32.8088,-85.181
Chipotle,AZ,Scottsdale,85254,-111.95192626579211,33.615054894267296,33.6872,-111.8651
Chipotle,AZ,Scottsdale,85260,-111.89156359554038,33.60959824827631,33.6872,-111.8651
Chipotle,AZ,Scottsdale,85254,-111.95192626579211,33.615054894267296,33.6872,-111.8651
Chipotle,AZ,Scottsdale,85255,-111.82112642992408,33.68315971491574,33.6872,-111.8651
Chipotle,AZ,Scottsdale,85257,-111.91594667853343,33.46419701174613,33.6872,-111.8651
Chipotle,AZ,Scottsdale,85251,-111.91953796131656,33.493902674242015,33.6872,-111.8651
Chipotle,AZ,Scottsdale,85251,-111.91953796131656,33.493902674242015,33.6872,-111.8651
Chipotle,AZ,Scottsdale,85257,-111.91594667853343,33.46419701174613,33.6872,-111.8651
Chipotle,AZ,Scottsdale,85250,-111.88855622298222,33.53575682420719,33.6872,-111.8651
Chipotle,AZ,Scottsdale,85260,-111.89156359554038,33.60959824827631,33.6872,-111.8651
Chipotle,AZ,Sedona,86336,-111.87411408479875,34.89399559773363,34.8581,-111.7941
Chipotle,AZ,Vista,85635,-110.17696870373355,31.570381559120804,33.1896,-117.2386
Chipotle,AZ,Surprise,85374,-112.37679254771214,33.64400657863889,33.6815,-112.4515
Chipotle,AZ,Surprise,85388,-112.4338495020827,33.607892418971055,33.6815,-112.4515
Chipotle,AZ,Tempe,85281,-111.93113961517575,33.42816658378813,33.3881,-111.9319
Chipotle,AZ,Tempe,85284,-111.93428134011141,33.33715141034621,33.3881,-111.9319
Chipotle,AZ,Tempe,85288,,,33.3881,-111.9319
Chipotle,AZ,Tempe,85284,-111.93428134011141,33.33715141034621,33.3881,-111.9319
Chipotle,AZ,Tempe,85283,-111.9320478592598,33.36457657741377,33.3881,-111.9319
Chipotle,AZ,Tucson,85714,-110.95086102434259,32.1673927912751,32.1541,-110.8787
Chipotle,AZ,Tucson,85719,-110.94865641834772,32.246713148746835,32.1541,-110.8787
Chipotle,AZ,Tucson,85705,-110.99211178989833,32.271275786714426,32.1541,-110.8787
Chipotle,AZ,Tucson,85719,-110.94865641834772,32.246713148746835,32.1541,-110.8787
Chipotle,AZ,Tucson,85713,-111.0153261683841,32.19526399074837,32.1541,-110.8787
Chipotle,AZ,Tucson,85712,-110.88648476957569,32.25231986121552,32.1541,-110.8787
Chipotle,AZ,Tucson,85711,-110.88339467044722,32.215235143751144,32.1541,-110.8787
Chipotle,AZ,Tucson,85715,-110.83084138762612,32.24888561262921,32.1541,-110.8787
Chipotle,AZ,Tucson,85741,-111.03948001368856,32.33739794010977,32.1541,-110.8787
Chipotle,AZ,Tucson,85719,-110.94865641834772,32.246713148746835,32.1541,-110.8787
Chipotle,AZ,Tucson,85710,-110.8237254001774,32.214135660323805,32.1541,-110.8787
Chipotle,AZ,Yuma,85365,-114.1504964247938,33.07897158104371,32.5995,-114.5491
Chipotle,AZ,Yuma,85364,-114.6586545095262,32.70314931512247,32.5995,-114.5491
Chipotle,AR,Bentonville,72712,-94.254225006452,36.35040865972581,36.3547,-94.2305
Chipotle,AR,Centerton,72719,-94.29579232984219,36.36759245074639,36.3566,-94.2971
Chipotle,AR,Conway,72034,-92.48685222090542,35.050392230070415,35.0753,-92.4692
Chipotle,AR,Conway,72032,-92.36154059196093,35.073299662520995,35.0753,-92.4692
Chipotle,AR,Fayetteville,72703,-94.04883628325841,36.11505889808898,36.0714,-94.1661
Chipotle,AR,Fayetteville,72701,-94.08078967701675,35.984663782179595,36.0714,-94.1661
Chipotle,AR,Smith,72903,-94.36068387713715,35.35106885556579,,
Chipotle,AR,Springs,71913,-93.0952615517448,34.448148347155495,41.0212,-72.1584
Chipotle,AR,Jonesboro,72401,-90.66060559504052,35.878943308486576,35.8212,-90.6791
Chipotle,AR,Rock,72205,-92.35022629762561,34.750300932480755,,
Chipotle,AR,Rock,72212,-92.41526717643588,34.78599580768442,,
Chipotle,AR,Rock,72211,-92.41709183171568,34.750640389116114,,
Chipotle,AR,Rock,72116,-92.24494951487283,34.80044446702886,,
Chipotle,AR,Russellville,72802,-93.06681237388338,35.31281737584521,35.2762,-93.1383
Chipotle,AR,Searcy,72143,-91.73562272741286,35.228887578263304,35.2418,-91.7351
Chipotle,CA,Alameda,94501,-122.27804850691673,37.77408430656245,37.7668,-122.267
Chipotle,CA,Alameda,94501,-122.27804850691673,37.77408430656245,37.7668,-122.267
Chipotle,CA,Alhambra,91801,-118.12752599043552,34.09072778474033,34.084,-118.1355
Chipotle,CA,Viejo,92656,-117.73036572780835,33.57621494079332,,
Chipotle,CA,Anaheim,92806,-117.87075830868872,33.83851271273989,33.839,-117.8574
Chipotle,CA,Anaheim,92806,-117.87075830868872,33.83851271273989,33.839,-117.8574
Chipotle,CA,Anaheim,92807,-117.7892976050858,33.84970484462347,33.839,-117.8574
Chipotle,CA,Anaheim,92808,-117.74017577210152,33.856468741547786,33.839,-117.8574
Chipotle,CA,Anaheim,92802,-117.92365678162837,33.80826656857136,33.839,-117.8574
Chipotle,CA,Valley,92308,-117.15996343542564,34.424984485275615,32.8088,-85.181
Chipotle,CA,Arcadia,91007,-118.04815135838646,34.12864541270228,34.1342,-118.0373
Chipotle,CA,Grande,93420,-120.46508859407959,35.16611633865184,,
Chipotle,CA,Atascadero,93422,-120.69042331237615,35.464578893242106,35.4827,-120.6858
Chipotle,CA,Auburn,95603,-121.08043323298118,38.91702321653087,32.6087,-85.4903
Chipotle,CA,Azusa,91702,-117.86728520768315,34.26559408871067,34.1386,-117.9124
Chipotle,CA,Azusa,91702,-117.86728520768315,34.26559408871067,34.1386,-117.9124
Chipotle,CA,Bakersfield,93311,-119.17444396052755,35.19415840666108,35.3529,-119.0359
Chipotle,CA,Bakersfield,93306,-118.78981616888021,35.46364042848513,35.3529,-119.0359
Chipotle,CA,Bakersfield,93304,-119.02345101205604,35.339705747649404,35.3529,-119.0359
Chipotle,CA,Bakersfield,93311,-119.17444396052755,35.19415840666108,35.3529,-119.0359
Chipotle,CA,Bakersfield,93308,-118.93570727811324,35.54750926545345,35.3529,-119.0359
Chipotle,CA,Bakersfield,93309,-119.06629080215284,35.34358238567655,35.3529,-119.0359
Chipotle,CA,Bakersfield,93313,-119.04635002603591,35.1632761099131,35.3529,-119.0359
Chipotle,CA,Bakersfield,93311,-119.17444396052755,35.19415840666108,35.3529,-119.0359
Chipotle,CA,Hills,90008,-118.34706909611884,34.009605103713376,,
Chipotle,CA,Park,91706,-117.9681969992972,34.09640553017888,,
Chipotle,CA,Banning,92220,-116.83238475440564,33.94895622279944,33.946,-116.8992
Chipotle,CA,Barstow,92311,-116.98114566257787,34.97826186145361,34.8661,-117.0471
Chipotle,CA,Berkeley,94710,-122.30928100862258,37.86535902011156,37.8722,-122.276
Chipotle,CA,Berkeley,94704,-122.25803920456393,37.86652729019942,37.8722,-122.276
Chipotle,CA,Berkeley,94704,-122.25803920456393,37.86652729019942,37.8722,-122.276
Chipotle,CA,Hills,90212,-118.4019657562698,34.06221011016168,,
Chipotle,CA,Blythe,92225,-114.6680476179936,33.74641888805301,33.6219,-114.6195
Chipotle,CA,Brea,92821,-117.88518177850203,33.92741406556089,33.9254,-117.8655
Chipotle,CA,Brea,92821,-117.88518177850203,33.92741406556089,33.9254,-117.8655
Chipotle,CA,Brentwood,94513,-121.67507820525648,37.9233699191653,37.9356,-121.719
Chipotle,CA,Brentwood,94513,-121.67507820525648,37.9233699191653,37.9356,-121.719
Chipotle,CA,Park,90620,-118.01170594705769,33.846150423299456,,
Chipotle,CA,Burbank,91502,-118.30929814767022,34.17683824922845,34.1879,-118.3235
Chipotle,CA,Burbank,91505,-118.34683490973217,34.174760952818744,34.1879,-118.3235
Chipotle,CA,Cabazon,92230,-116.76597799146043,33.910598457853816,,
Chipotle,CA,Camarillo,93010,-119.07464249357861,34.229804697778086,34.223,-119.0321
Chipotle,CA,Campbell,95008,-121.95502217779563,37.279690568055976,37.2802,-121.9539
Chipotle,CA,Park,91303,-118.60152665714233,34.19792019655786,,
Chipotle,CA,Capitola,95010,-121.95334657933911,36.9763496451052,36.9773,-121.9537
Chipotle,CA,Carlsbad,92011,-117.29425152748978,33.10723230198346,33.1246,-117.2834
Chipotle,CA,Carlsbad,92009,-117.2457941511033,33.0943027027674,33.1246,-117.2834
Chipotle,CA,Carson,90746,-118.25523092196387,33.858864831601856,33.8374,-118.2559
Chipotle,CA,Valley,94546,-122.0800390040582,37.71492498668613,32.8088,-85.181
Chipotle,CA,Ceres,95307,-120.95136987155536,37.554321135362265,37.5952,-120.962
Chipotle,CA,Cerritos,90703,-118.06872342341973,33.867888567407356,33.8678,-118.0686
Chipotle,CA,Cerritos,90703,-118.06872342341973,33.867888567407356,33.8678,-118.0686
Chipotle,CA,Cerritos,90703,-118.06872342341973,33.867888567407356,33.8678,-118.0686
Chipotle,CA,Chatsworth,91311,-118.6074372745216,34.289367249114854,,
Chipotle,CA,Chico,95928,-121.84453430871827,39.683782070748116,39.7578,-121.8161
Chipotle,CA,Chico,95926,-121.84383082987617,39.74562678599957,39.7578,-121.8161
Chipotle,CA,Chico,95926,-121.84383082987617,39.74562678599957,39.7578,-121.8161
Chipotle,CA,Chino,91710,-117.68471482657834,34.00448362138518,33.9836,-117.6654
Chipotle,CA,Chino,91708,-117.64042503001066,33.95398296113397,33.9836,-117.6654
Chipotle,CA,Hills,91709,-117.73600616669248,33.96432939961758,,
Chipotle,CA,Vista,91915,-116.94958739627708,32.62234975558389,33.1896,-117.2386
Chipotle,CA,Vista,91910,-117.0571076679111,32.63826252756405,33.1896,-117.2386
Chipotle,CA,Vista,91910,-117.0571076679111,32.63826252756405,33.1896,-117.2386
Chipotle,CA,Heights,95610,-121.27176856323781,38.694911203457444,,
Chipotle,CA,Industry,91746,-117.98622323538063,34.04426561506451,,
Chipotle,CA,Industry,91748,-117.89965104293427,33.97660034253342,,
Chipotle,CA,Claremont,91711,-117.71560544794168,34.128512182907336,34.1259,-117.7153
Chipotle,CA,Clovis,93612,-119.710596546137,36.81487654314449,36.8278,-119.683
Chipotle,CA,Clovis,93611,-119.68022854335928,36.82528836003378,36.8278,-119.683
Chipotle,CA,Clovis,93619,-119.57917781451887,36.91559259857487,36.8278,-119.683
Chipotle,CA,Colma,94014,-122.44744004029663,37.69088526634459,,
Chipotle,CA,Commerce,90040,-118.14907683603654,33.99346085287655,33.9963,-118.1519
Chipotle,CA,Compton,90220,-118.23606372522643,33.88076990708153,33.893,-118.2274
Chipotle,CA,Concord,94520,-122.04064998559159,37.99545133920654,37.9722,-122.0016
Chipotle,CA,Concord,94521,-121.95618806290486,37.956010216954006,37.9722,-122.0016
Chipotle,CA,Concord,94518,-122.02204652160432,37.95036908692872,37.9722,-122.0016
Chipotle,CA,Corona,92881,-117.51991534898812,33.82399871174949,33.8616,-117.5649
Chipotle,CA,Corona,92881,-117.51991534898812,33.82399871174949,33.8616,-117.5649
Chipotle,CA,Corona,92879,-117.53547618064553,33.879770511283745,33.8616,-117.5649
Chipotle,CA,Mar,92625,-117.8660891379646,33.60108256160093,,
Chipotle,CA,Coronado,92118,-117.17699455841813,32.671117970684094,32.6649,-117.1604
Chipotle,CA,Mesa,92626,-117.90838572600853,33.678923281676255,33.4015,-111.7178
Chipotle,CA,Mesa,92626,-117.90838572600853,33.678923281676255,33.4015,-111.7178
Chipotle,CA,Mesa,92627,-117.92038479817901,33.64789153810758,33.4015,-111.7178
Chipotle,CA,City,95531,-124.03310295763302,41.797786076440126,,
Chipotle,CA,City,90230,-118.39460181643058,33.99724272656826,,
Chipotle,CA,City,90230,-118.39460181643058,33.99724272656826,,
Chipotle,CA,City,90230,-118.39460181643058,33.99724272656826,,
Chipotle,CA,Cupertino,95014,-122.08065616485052,37.30493237431021,37.3168,-122.0466
Chipotle,CA,Cupertino,95014,-122.08065616485052,37.30493237431021,37.3168,-122.0466
Chipotle,CA,Cypress,90630,-118.03816953971865,33.818112955382624,33.8171,-118.0386
Chipotle,CA,City,94015,-122.48063623829701,37.68131544622806,,
Chipotle,CA,Danville,94526,-121.99153758828379,37.81442782877171,37.8121,-121.9698
Chipotle,CA,Davis,95616,-121.79770961025413,38.55932956048683,38.5553,-121.737
Chipotle,CA,Mar,92014,-117.2490117241687,32.96648290803459,,
Chipotle,CA,Delano,93215,-119.19792127454153,35.776368967438444,35.7662,-119.2635
Chipotle,CA,Bar,91765,-117.8144668484433,33.988273197141666,,
Chipotle,CA,Dixon,95620,-121.75294309950212,38.409754744963536,38.4469,-121.825
Chipotle,CA,Downey,90241,-118.12913915248012,33.940842615979655,33.9379,-118.1311
Chipotle,CA,Downey,90242,-118.14145872394433,33.92211307741517,33.9379,-118.1311
Chipotle,CA,Dublin,94568,-121.91468642401162,37.715240275108016,37.7161,-121.8963
Chipotle,CA,Dublin,94568,-121.91468642401162,37.715240275108016,37.7161,-121.8963
Chipotle,CA,Eastvale,91752,-117.53397193019937,33.9957463739667,33.9617,-117.5803
Chipotle,CA,Cajon,92019,-116.8788761962508,32.77910427277852,,
Chipotle,CA,Cajon,92020,-116.96976269684411,32.79551099081929,,
Chipotle,CA,Centro,92243,-115.59930708324912,32.77252195251387,,
Chipotle,CA,Cerrito,94530,-122.29833647113888,37.92156111671665,,
Chipotle,CA,Hills,95762,-121.05772929055037,38.67641385996212,,
Chipotle,CA,Segundo,90245,-118.40386083921975,33.916502811262816,,
Chipotle,CA,Grove,95758,-121.44344748692343,38.42790195719687,,
Chipotle,CA,Grove,95758,-121.44344748692343,38.42790195719687,,
Chipotle,CA,Grove,95757,-121.43366844157204,38.343316660441,,
Chipotle,CA,Emeryville,94608,-122.28920667231134,37.83681536804906,37.8382,-122.2932
Chipotle,CA,Encinitas,92024,-117.25844114083047,33.05620264972679,33.0492,-117.261
Chipotle,CA,Escondido,92027,-116.98429080242613,33.134482018853575,33.1348,-117.0723
Chipotle,CA,Escondido,92029,-117.12997020093533,33.08509514739411,33.1348,-117.0723
Chipotle,CA,Escondido,92025,-117.02934764064851,33.085306753770745,33.1348,-117.0723
Chipotle,CA,Eureka,95501,-124.15095525319296,40.79811057519842,40.7943,-124.1564
Chipotle,CA,Oaks,95628,-121.25429005220207,38.65196923242223,,
Chipotle,CA,Fairfield,94533,-122.00674831443084,38.28058039681186,38.2583,-122.0335
Chipotle,CA,Folsom,95630,-121.14179771943891,38.66706911814205,38.6668,-121.1422
Chipotle,CA,Folsom,95630,-121.14179771943891,38.66706911814205,38.6668,-121.1422
Chipotle,CA,Fontana,92337,-117.47060929933102,34.04980754988423,34.0968,-117.4599
Chipotle,CA,Fontana,92336,-117.46396884321426,34.14653137312078,34.0968,-117.4599
Chipotle,CA,Fontana,92336,-117.46396884321426,34.14653137312078,34.0968,-117.4599
Chipotle,CA,City,94404,-122.26887192334941,37.55596645309005,,
Chipotle,CA,Valley,92708,-117.95119421127941,33.710489931987176,32.8088,-85.181
Chipotle,CA,Valley,92708,-117.95119421127941,33.710489931987176,32.8088,-85.181
Chipotle,CA,Fremont,94538,-121.96360152652746,37.506204695902824,37.5265,-121.9843
Chipotle,CA,Fremont,94539,-121.9117577745697,37.516905607658494,37.5265,-121.9843
Chipotle,CA,Fremont,94538,-121.96360152652746,37.506204695902824,37.5265,-121.9843
Chipotle,CA,Fresno,93726,-119.76144805453004,36.793655513055754,36.783,-119.7939
Chipotle,CA,Fresno,93722,-119.87725757507918,36.80097257785049,36.783,-119.7939
Chipotle,CA,Fresno,93726,-119.76144805453004,36.793655513055754,36.783,-119.7939
Chipotle,CA,Fresno,93704,-119.80161557153154,36.79910829915334,36.783,-119.7939
Chipotle,CA,Fresno,93711,-119.8312256525031,36.83455661350966,36.783,-119.7939
Chipotle,CA,Fresno,93720,-119.76159040310372,36.86031435564202,36.783,-119.7939
Chipotle,CA,Fullerton,92832,-117.92900997930624,33.868617404543635,33.8841,-117.9279
Chipotle,CA,Fullerton,92831,-117.89634025281589,33.87976817802598,33.8841,-117.9279
Chipotle,CA,Grove,92841,-117.98200102993049,33.78685515825726,,
Chipotle,CA,Gardena,90248,-118.28350504246512,33.87659903583899,33.8943,-118.3072
Chipotle,CA,Gilroy,95020,-121.54992540508435,37.01425631423668,37.0046,-121.5854
Chipotle,CA,Glendale,91210,-118.25650681849397,34.14455734562478,33.5791,-112.2311
Chipotle,CA,Glendale,91206,-118.21343891388652,34.160680669294415,33.5791,-112.2311
Chipotle,CA,Glendale,91203,-118.26411996998917,34.152923640003344,33.5791,-112.2311
Chipotle,CA,Glendora,91740,-117.85383638344196,34.118778233330076,34.1449,-117.8467
Chipotle,CA,River,95670,-121.27999630491169,38.604728422846364,,
Chipotle,CA,Goleta,93117,-120.08269137923692,34.490962562795445,34.4361,-119.8594
Chipotle,CA,Hills,91344,-118.50751495270406,34.2939175755238,,
Chipotle,CA,Bay,95746,-121.1810312069342,38.751267014997495,,
Chipotle,CA,Hanford,93230,-119.62298718808177,36.28800456085086,36.3274,-119.6549
Chipotle,CA,Hawthorne,90250,-118.3493018873024,33.91431633533364,33.9147,-118.3476
Chipotle,CA,Hayward,94541,-122.08513750058162,37.67430154341165,37.6328,-122.0766
Chipotle,CA,Hemet,92545,-117.03417424464902,33.729687581938016,33.7341,-116.9969
Chipotle,CA,Beach,90254,-118.39925100910561,33.86479247806164,,
Chipotle,CA,Hesperia,92345,-117.3094078261886,34.382136652317996,34.3975,-117.3147
Chipotle,CA,Highland,92346,-117.17999811825288,34.1242965813399,34.1113,-117.165
Chipotle,CA,Hollister,95023,-121.3512670913224,36.89992048991153,36.8555,-121.3986
Chipotle,CA,Beach,92647,-118.00672711443293,33.72347875185735,,
Chipotle,CA,Beach,92646,-117.9681735448737,33.66291762055995,,
Chipotle,CA,Beach,92648,-118.01455341245895,33.68019437954841,,
Chipotle,CA,Beach,91932,-117.12091272685426,32.57360661243856,,
Chipotle,CA,Indio,92203,-116.2464910519782,33.75395749285059,33.7346,-116.2346
Chipotle,CA,Indio,92201,-116.10291160303261,33.69741065842137,33.7346,-116.2346
Chipotle,CA,Inglewood,90303,-118.33230992443644,33.9380475766542,33.9566,-118.3444
Chipotle,CA,Inglewood,90303,-118.33230992443644,33.9380475766542,33.9566,-118.3444
Chipotle,CA,Irvine,92602,-117.748686626749,33.74587312217424,33.6772,-117.7738
Chipotle,CA,Irvine,92606,-117.81722634327913,33.70042753090061,33.6772,-117.7738
Chipotle,CA,Irvine,92612,-117.8264106247927,33.66074739908817,33.6772,-117.7738
Chipotle,CA,Irvine,92620,-117.75066326493021,33.712623854746454,33.6772,-117.7738
Chipotle,CA,Irvine,92618,-117.7341530822536,33.66817449446692,33.6772,-117.7738
Chipotle,CA,Irvine,92618,-117.7341530822536,33.66817449446692,33.6772,-117.7738
Chipotle,CA,VALLEY,92509,-117.4449638981168,34.00324874514556,,
Chipotle,CA,Flintridge,91011,-118.20513846984413,34.22165385117949,,
Chipotle,CA,Habra,90631,-117.9513432820026,33.94245851848778,,
Chipotle,CA,Jolla,92037,-117.25202334322015,32.85656651842706,,
Chipotle,CA,Mesa,91942,-117.0217218278618,32.777473331640245,33.4015,-111.7178
Chipotle,CA,Quinta,92253,-116.27869032395517,33.65398340119567,,
Chipotle,CA,Verne,91750,-117.77273978308598,34.16087984737118,,
Chipotle,CA,Lafayette,94549,-122.11662463733528,37.89746313158726,30.2082,-92.0325
Chipotle,CA,Niguel,92677,-117.70519909604813,33.52763196293943,,
Chipotle,CA,Niguel,92677,-117.70519909604813,33.52763196293943,,
Chipotle,CA,Elsinore,92532,-117.30320685664128,33.69269823046569,,
Chipotle,CA,Forest,92630,-117.68517485683955,33.64466982473886,37.3728,-79.2831
Chipotle,CA,Forest,92630,-117.68517485683955,33.64466982473886,37.3728,-79.2831
Chipotle,CA,Forest,92610,-117.67603836782878,33.696178979814505,37.3728,-79.2831
Chipotle,CA,Lakewood,90712,-118.14673971943905,33.84896954916725,39.6977,-105.1172
Chipotle,CA,Lancaster,93534,-118.15119709495822,34.715710533330295,40.042,-76.3012
Chipotle,CA,Lathrop,95330,-121.31051887765649,37.8135232155178,37.809,-121.3131
Chipotle,CA,Lebec,93243,-118.8014057774321,34.776879865459534,,
Chipotle,CA,Livermore,94551,-121.77005061534221,37.75263413360049,37.6868,-121.7607
Chipotle,CA,Livermore,94551,-121.77005061534221,37.75263413360049,37.6868,-121.7607
Chipotle,CA,Lodi,95242,-121.393592789608,38.13457593266511,38.1218,-121.2932
Chipotle,CA,Lodi,95240,-121.14901820622532,38.11306759436343,38.1218,-121.2932
Chipotle,CA,Beach,90815,-118.11625306446514,33.79584010571785,,
Chipotle,CA,Beach,90802,-118.20764216569634,33.74971685922045,,
Chipotle,CA,Beach,90807,-118.17464672214578,33.82796324361497,,
Chipotle,CA,Beach,90803,-118.13074567761336,33.755294734448114,,
Chipotle,CA,Angeles,90067,-118.41399780259054,34.05759734225496,,
Chipotle,CA,Angeles,90024,-118.43502458631353,34.065739859027545,,
Chipotle,CA,Angeles,90036,-118.3498493184108,34.070137828223444,,
Chipotle,CA,Angeles,90017,-118.26433978354122,34.05291346421741,,
Chipotle,CA,Angeles,90049,-118.48926984892364,34.08719230428218,,
Chipotle,CA,Angeles,90064,-118.42492540985144,34.036987383922735,,
Chipotle,CA,Angeles,90035,-118.38358179576016,34.051818861712206,,
Chipotle,CA,Angeles,90026,-118.26297977863217,34.07921600553987,,
Chipotle,CA,Angeles,90033,-118.2116169762212,34.05102451988346,,
Chipotle,CA,Angeles,90012,-118.23821268175446,34.06601922153252,,
Chipotle,CA,Angeles,90007,-118.28483005227294,34.02812674188387,,
Chipotle,CA,Angeles,90039,-118.26005820698447,34.111840575511565,,
Chipotle,CA,Angeles,90004,-118.31072243731532,34.076197339218034,,
Chipotle,CA,Angeles,90015,-118.26630001221716,34.03937795545099,,
Chipotle,CA,Angeles,90010,-118.31588960705355,34.06214673159138,,
Chipotle,CA,Angeles,90007,-118.28483005227294,34.02812674188387,,
Chipotle,CA,Angeles,90019,-118.33873623461365,34.048638388204125,,
Chipotle,CA,Angeles,90041,-118.20763932495728,34.1375766121326,,
Chipotle,CA,Angeles,90036,-118.3498493184108,34.070137828223444,,
Chipotle,CA,Angeles,90017,-118.26433978354122,34.05291346421741,,
Chipotle,CA,Angeles,90028,-118.32691181952906,34.099911848277,,
Chipotle,CA,Angeles,90045,-118.40017060002538,33.952956446439444,,
Chipotle,CA,Angeles,90046,-118.3652193817573,34.10741638316006,,
Chipotle,CA,Angeles,90048,-118.37271117615786,34.072925508138376,,
Chipotle,CA,Banos,93635,-120.84552637537196,37.069066816388954,,
Chipotle,CA,Gatos,95032,-121.9279472420349,37.21503478911306,,
Chipotle,CA,Madera,93637,-120.18748563035457,36.91104289797673,36.963,-120.0778
Chipotle,CA,Malibu,90265,-118.84572780513753,34.06947034263916,34.037,-118.7839
Chipotle,CA,Manteca,95336,-121.1970049691893,37.832326533021565,37.7927,-121.2264
Chipotle,CA,Marina,93933,-121.78774363224944,36.687140476316955,36.681,-121.7892
Chipotle,CA,Rey,90292,-118.44976877751091,33.97680530061247,,
Chipotle,CA,Martinez,94553,-122.13500512660224,37.995391147503916,37.9985,-122.1161
Chipotle,CA,Menifee,92584,-117.17550907215893,33.661589512844614,33.6909,-117.1849
Chipotle,CA,Merced,95348,-120.50012112860864,37.39583897147106,37.3057,-120.4779
Chipotle,CA,Merced,95341,-120.51438382425796,37.23084349747179,37.3057,-120.4779
Chipotle,CA,Millbrae,94030,-122.4029663632061,37.59975159650448,37.5994,-122.4023
Chipotle,CA,Milpitas,95035,-121.8743034772583,37.44421355905767,37.4336,-121.8921
Chipotle,CA,Hills,91345,-118.45947464498597,34.26593231702633,,
Chipotle,CA,Viejo,92692,-117.64305522968607,33.60674598073765,,
Chipotle,CA,Viejo,92691,-117.6662532681567,33.61067674834221,,
Chipotle,CA,Viejo,92691,-117.6662532681567,33.61067674834221,,
Chipotle,CA,Modesto,95350,-121.00731893268885,37.67190529278377,37.6375,-121.0028
Chipotle,CA,Modesto,95356,-121.02531407477315,37.72038070522194,37.6375,-121.0028
Chipotle,CA,Monrovia,91016,-118.00066788632526,34.15221935388422,34.165,-117.9921
Chipotle,CA,Montclair,91763,-117.69830830000399,34.07233794120161,40.8253,-74.2111
Chipotle,CA,Montebello,90640,-118.11075451392645,34.01505417222369,34.0155,-118.1108
Chipotle,CA,Monterey,93940,-121.84433239598607,36.58019222309441,36.5919,-121.8808
Chipotle,CA,Monterey,93940,-121.84433239598607,36.58019222309441,36.5919,-121.8808
Chipotle,CA,Park,91754,-118.14460913706208,34.05099023560022,,
Chipotle,CA,Moorpark,93021,-118.88420535693703,34.303489546786366,34.2861,-118.8768
Chipotle,CA,Valley,92553,-117.24483674085758,33.92338017810085,32.8088,-85.181
Chipotle,CA,Hill,95037,-121.59356795831572,37.16770249799288,,
Chipotle,CA,View,94040,-122.08530139410811,37.3805693297487,,
Chipotle,CA,View,94043,-122.07039393381446,37.41750687066946,,
Chipotle,CA,Murrieta,92563,-117.14580317905116,33.58000721502833,33.5719,-117.1909
Chipotle,CA,Murrieta,92562,-117.34391227953738,33.551132475122486,33.5719,-117.1909
Chipotle,CA,Napa,94558,-122.25644565957545,38.45489868793578,38.2975,-122.301
Chipotle,CA,Napa,94559,-122.30798616837801,38.232914065608746,38.2975,-122.301
Chipotle,CA,City,91950,-117.09417996288656,32.67004721504021,,
Chipotle,CA,Newark,94560,-122.03099955002018,37.52036051098214,40.7245,-74.1725
Chipotle,CA,Beach,92660,-117.87450334103463,33.63376627803211,,
Chipotle,CA,Beach,92663,-117.93264663262849,33.62240276935965,,
Chipotle,CA,Beach,92660,-117.87450334103463,33.63376627803211,,
Chipotle,CA,Norco,92860,-117.55169849213121,33.924644816523966,33.9252,-117.5498
Chipotle,CA,Hollywood,91606,-118.38868435785282,34.186540632843894,26.0293,-80.1679
Chipotle,CA,Hollywood,91601,-118.37256405853344,34.16853930275036,26.0293,-80.1679
Chipotle,CA,Northridge,91324,-118.54960888298878,34.238991889064,,
Chipotle,CA,Northridge,91325,-118.51758898493942,34.23603127684875,,
Chipotle,CA,Northridge,91324,-118.54960888298878,34.238991889064,,
Chipotle,CA,Norwalk,90650,-118.08261570278637,33.90680732711735,33.9069,-118.0829
Chipotle,CA,Novato,94945,-122.55788859506988,38.12795490653534,38.092,-122.5575
Chipotle,CA,Oakhurst,93644,-119.62883048080803,37.378578958560645,,
Chipotle,CA,Oakland,94612,-122.26916575394432,37.80877230291613,37.7904,-122.2166
Chipotle,CA,Oakland,94611,-122.20231520742506,37.8301154816577,37.7904,-122.2166
Chipotle,CA,Oakland,94610,-122.24239614170448,37.81140453744368,37.7904,-122.2166
Chipotle,CA,Oakland,94621,-122.21042767162304,37.735376820575674,37.7904,-122.2166
Chipotle,CA,Oceanside,92054,-117.42859578724298,33.2694765090465,33.2247,-117.3083
Chipotle,CA,Oceanside,92056,-117.28905245485251,33.20148759897716,33.2247,-117.3083
Chipotle,CA,Oceanside,92057,-117.28727419783424,33.25408108515295,33.2247,-117.3083
Chipotle,CA,Ontario,91764,-117.60216602749794,34.07522972699784,34.0393,-117.6064
Chipotle,CA,Ontario,91761,-117.59209123558628,34.03456531201087,34.0393,-117.6064
Chipotle,CA,Orange,92866,-117.84477475184539,33.78461470050611,33.8038,-117.8218
Chipotle,CA,Orange,92865,-117.84901850341261,33.82887243967273,33.8038,-117.8218
Chipotle,CA,Orange,92869,-117.7866706702681,33.79599318242199,33.8038,-117.8218
Chipotle,CA,Oroville,95965,-121.5960360153058,39.59469700300641,39.4999,-121.5634
Chipotle,CA,Oxnard,93035,-119.22293098303885,34.182251184841256,34.1964,-119.1815
Chipotle,CA,Oxnard,93036,-119.18139019200466,34.235354969447876,34.1964,-119.1815
Chipotle,CA,Palisades,90272,-118.54222837276043,34.0787248687159,,
Chipotle,CA,Desert,92211,-116.33106925633501,33.76217325779813,,
Chipotle,CA,Desert,92211,-116.33106925633501,33.76217325779813,,
Chipotle,CA,Desert,92260,-116.40472505597062,33.70702806282582,,
Chipotle,CA,Springs,92264,-116.50423276602272,33.732101766603414,41.0212,-72.1584
Chipotle,CA,Palmdale,93551,-118.23102421900147,34.60167708736701,34.5944,-118.1057
Chipotle,CA,Palmdale,93552,-118.02314150861237,34.571531840778015,34.5944,-118.1057
Chipotle,CA,Alto,94304,-122.17395903381234,37.38177514978932,,
Chipotle,CA,Alto,94306,-122.13077224912583,37.41570342095733,,
Chipotle,CA,City,91402,-118.44483083265905,34.22407678802871,,
Chipotle,CA,Paramount,90723,-118.16480601501246,33.89740814202722,33.8977,-118.1651
Chipotle,CA,Pasadena,91106,-118.12822803562182,34.13858915560844,29.6575,-95.1498
Chipotle,CA,Pasadena,91101,-118.13947631588029,34.14662792487487,29.6575,-95.1498
Chipotle,CA,Pasadena,91107,-118.08715052303495,34.158307081126196,29.6575,-95.1498
Chipotle,CA,Robles,93446,-120.73096414126715,35.663523106532004,,
Chipotle,CA,Patterson,95363,-121.21671781064686,37.463490887731034,37.4758,-121.1536
Chipotle,CA,Perris,92571,-117.20460793477403,33.824254877363884,33.7898,-117.2233
Chipotle,CA,Petaluma,94952,-122.75894419291178,38.23460163215314,38.2423,-122.6266
Chipotle,CA,Rivera,90660,-118.09062084200768,33.9888087224417,,
Chipotle,CA,Pinole,94564,-122.28216831832802,37.9933727298064,37.9931,-122.2833
Chipotle,CA,Pittsburg,94565,-121.90706016366484,38.01581721110216,38.0182,-121.8965
Chipotle,CA,Placentia,92870,-117.85519063581455,33.880797748305135,33.8807,-117.8553
Chipotle,CA,Placerville,95667,-120.7898585749226,38.73525114927532,38.7308,-120.7979
Chipotle,CA,Hill,94523,-122.07614097985756,37.95413301975971,,
Chipotle,CA,Hill,94523,-122.07614097985756,37.95413301975971,,
Chipotle,CA,Pleasanton,94566,-121.85910855373128,37.649133282256166,37.6663,-121.8805
Chipotle,CA,Pomona,91766,-117.75689529229938,34.04179881869286,34.0585,-117.7626
Chipotle,CA,Ranch,91326,-118.55758020413978,34.2804667933062,,
Chipotle,CA,Porterville,93257,-118.87180056021933,35.98375135832538,36.0643,-119.0338
Chipotle,CA,Poway,92064,-117.01934443932748,32.98408030100097,32.9871,-117.0201
Chipotle,CA,Cordova,95670,-121.27999630491169,38.604728422846364,,
Chipotle,CA,Cordova,95742,-121.19828932448671,38.57508765615962,,
Chipotle,CA,Cucamonga,91730,-117.57850092977239,34.099527169723224,,
Chipotle,CA,Cucamonga,91730,-117.57850092977239,34.099527169723224,,
Chipotle,CA,Cucamonga,91739,-117.51817757780914,34.17052158292397,,
Chipotle,CA,Margarita,92688,-117.61229296475693,33.62007276034572,,
Chipotle,CA,Redding,96003,-122.23871707210492,40.743742400224065,40.5698,-122.365
Chipotle,CA,Redlands,92374,-117.17204204489222,34.06653672532811,34.0512,-117.1712
Chipotle,CA,Redlands,92374,-117.17204204489222,34.06653672532811,34.0512,-117.1712
Chipotle,CA,City,94065,-122.24673120347784,37.535408711408856,,
Chipotle,CA,City,94063,-122.20804667918037,37.495115038795085,,
Chipotle,CA,Rialto,92376,-117.37890497004554,34.11122375377457,34.1175,-117.3892
Chipotle,CA,Rialto,92376,-117.37890497004554,34.11122375377457,34.1175,-117.3892
Chipotle,CA,Ridgecrest,93555,-117.68498288525716,35.60748429711714,35.6308,-117.6622
Chipotle,CA,Riverbank,95367,-120.9407737949948,37.72833751220723,37.726,-120.9433
Chipotle,CA,Riverside,92518,-117.27763311757155,33.88866210804653,33.9381,-117.3949
Chipotle,CA,Riverside,92503,-117.4448048317781,33.881637107165204,33.9381,-117.3949
Chipotle,CA,Riverside,92506,-117.36731509422555,33.934331054647444,33.9381,-117.3949
Chipotle,CA,Riverside,92508,-117.3267498747629,33.89115689071211,33.9381,-117.3949
Chipotle,CA,Rocklin,95677,-121.2343583428891,38.79135937332987,38.8075,-121.2489
Chipotle,CA,Park,94928,-122.69412860006813,38.3464220609701,,
Chipotle,CA,Estates,90274,-118.37229099974708,33.77769977879586,,
Chipotle,CA,Rosemead,91770,-118.0836459226476,34.064326329840995,34.0689,-118.0823
Chipotle,CA,Roseville,95678,-121.28750064218592,38.764012068946286,38.7703,-121.3196
Chipotle,CA,Roseville,95747,-121.37295319669464,38.78142593423494,38.7703,-121.3196
Chipotle,CA,Roseville,95661,-121.2491352057989,38.74130180265719,38.7703,-121.3196
Chipotle,CA,Roseville,95678,-121.28750064218592,38.764012068946286,38.7703,-121.3196
Chipotle,CA,Roseville,95678,-121.28750064218592,38.764012068946286,38.7703,-121.3196
Chipotle,CA,Sacramento,95818,-121.49664661366427,38.55589459632277,38.5677,-121.4685
Chipotle,CA,Sacramento,95825,-121.40635949338447,38.590355316555126,38.5677,-121.4685
Chipotle,CA,Sacramento,95811,-121.48508596567682,38.5875181590814,38.5677,-121.4685
Chipotle,CA,Sacramento,95825,-121.40635949338447,38.590355316555126,38.5677,-121.4685
Chipotle,CA,Sacramento,95834,-121.52025493659544,38.64203739430138,38.5677,-121.4685
Chipotle,CA,Sacramento,95834,-121.52025493659544,38.64203739430138,38.5677,-121.4685
Chipotle,CA,Sacramento,95825,-121.40635949338447,38.590355316555126,38.5677,-121.4685
Chipotle,CA,Sacramento,95821,-121.38444928938856,38.62589392522128,38.5677,-121.4685
Chipotle,CA,Sacramento,95834,-121.52025493659544,38.64203739430138,38.5677,-121.4685
Chipotle,CA,Sacramento,95822,-121.49559512592032,38.51277404865753,38.5677,-121.4685
Chipotle,CA,Sacramento,95841,-121.3473905239155,38.66037148623479,38.5677,-121.4685
Chipotle,CA,Sacramento,95819,-121.43975352477139,38.5697128358164,38.5677,-121.4685
Chipotle,CA,Sacramento,95814,-121.49507167613339,38.58044535352878,38.5677,-121.4685
Chipotle,CA,Sacramento,95832,-121.49646616956134,38.44512081723562,38.5677,-121.4685
Chipotle,CA,Salinas,93906,-121.63229041950434,36.722570944276406,36.6883,-121.6317
Chipotle,CA,Bernardino,92408,-117.26581864418216,34.084518843788935,,
Chipotle,CA,Bruno,94066,-122.43359857959554,37.625090403593155,,
Chipotle,CA,Carlos,94070,-122.27005800255473,37.497603427014575,,
Chipotle,CA,Clemente,92673,-117.61208050053992,33.46687811587927,,
Chipotle,CA,Diego,92101,-117.17075527871654,32.72395520490487,,
Chipotle,CA,Diego,92108,-117.14253584583403,32.77387379538591,,
Chipotle,CA,Diego,92127,-117.12386168648024,33.019802077695346,,
Chipotle,CA,Diego,92128,-117.07177861027917,32.99946183891333,,
Chipotle,CA,Diego,92109,-117.23427706524231,32.78626904202588,,
Chipotle,CA,Diego,92145,-117.00806199896255,32.93055327220523,,
Chipotle,CA,Diego,92110,-117.19990710386304,32.765097678564985,,
Chipotle,CA,Diego,92130,-117.20739108787056,32.94759091823668,,
Chipotle,CA,Diego,92111,-117.16888380002446,32.80644548914224,,
Chipotle,CA,Diego,92115,-117.07175789731365,32.761395027861084,,
Chipotle,CA,Diego,92111,-117.16888380002446,32.80644548914224,,
Chipotle,CA,Diego,92103,-117.16688170607564,32.747416053633806,,
Chipotle,CA,Diego,92126,-117.14140346428314,32.90848701731455,,
Chipotle,CA,Diego,92119,-117.03279193044794,32.81006865865109,,
Chipotle,CA,Fernando,91340,-118.43507866679845,34.286687614770344,,
Chipotle,CA,Francisco,94103,-122.41116357846595,37.77315174761262,,
Chipotle,CA,Francisco,94132,-122.48474906101762,37.722089022399,,
Chipotle,CA,Francisco,94104,-122.40212908518014,37.791411549113384,,
Chipotle,CA,Francisco,94118,-122.46247452240254,37.780119393592344,,
Chipotle,CA,Francisco,94132,-122.48474906101762,37.722089022399,,
Chipotle,CA,Francisco,94105,-122.39355987655566,37.78989822896096,,
Chipotle,CA,Francisco,94111,-122.39790240235519,37.79918732025999,,
Chipotle,CA,Francisco,94105,-122.39355987655566,37.78989822896096,,
Chipotle,CA,Jose,95113,-121.89100169311314,37.33369408315731,,
Chipotle,CA,Jose,95131,-121.89741469772008,37.38710421270041,,
Chipotle,CA,Jose,95118,-121.889994491396,37.255521479921484,,
Chipotle,CA,Jose,95110,-121.90984091240064,37.34652692885056,,
Chipotle,CA,Jose,95129,-122.00092536882279,37.3057420170652,,
Chipotle,CA,Jose,95124,-121.92273691456482,37.25685091384477,,
Chipotle,CA,Jose,95050,-121.95230799985673,37.35114444079173,,
Chipotle,CA,Jose,95148,-121.779264868002,37.3353785368737,,
Chipotle,CA,Jose,95133,-121.86084233381553,37.37160652845046,,
Chipotle,CA,Jose,95128,-121.93630971571676,37.315975377273105,,
Chipotle,CA,Jose,95134,-121.94345281555329,37.428565964432366,,
Chipotle,CA,Jose,95110,-121.90984091240064,37.34652692885056,,
Chipotle,CA,Jose,95123,-121.83303867751154,37.244869856811526,,
Chipotle,CA,Jose,95126,-121.91674478202954,37.32677327568832,,
Chipotle,CA,Leandro,94577,-122.16820181476707,37.71255474903289,,
Chipotle,CA,Obispo,93405,-120.72720412099922,35.2978412127375,,
Chipotle,CA,Marcos,92078,-117.18500492152042,33.11929552202274,,
Chipotle,CA,Mateo,94403,-122.30451556622319,37.53847782655762,,
Chipotle,CA,Pedro,90732,-118.31207111555905,33.74206242957957,,
Chipotle,CA,Rafael,94901,-122.49683305692614,37.97876308601355,,
Chipotle,CA,Rafael,94903,-122.55046144579754,38.024991459353885,,
Chipotle,CA,Ramon,94583,-121.97270052253357,37.75511805111896,,
Chipotle,CA,Ramon,94583,-121.97270052253357,37.75511805111896,,
Chipotle,CA,City,93955,-121.7935253392242,36.62170798737506,,
Chipotle,CA,Sanger,93657,-119.44481535205946,36.78348768439819,36.699,-119.5575
Chipotle,CA,Ana,92706,-117.88222330123847,33.76589658502027,,
Chipotle,CA,Ana,92705,-117.81639410067888,33.755619332409886,,
Chipotle,CA,Ana,92704,-117.90803968053592,33.72055902566707,,
Chipotle,CA,Ana,92704,-117.90803968053592,33.72055902566707,,
Chipotle,CA,Barbara,93105,-119.79967595853078,34.53229078398263,,
Chipotle,CA,Clara,95050,-121.95230799985673,37.35114444079173,,
Chipotle,CA,Clara,95054,-121.96470253134436,37.393410614113485,,
Chipotle,CA,Clara,95054,-121.96470253134436,37.393410614113485,,
Chipotle,CA,Clarita,91387,-118.37320526286352,34.398791596348254,,
Chipotle,CA,Clarita,91350,-118.50071168298189,34.43356601235743,,
Chipotle,CA,Cruz,95060,-122.11977854759103,37.0313120346004,,
Chipotle,CA,Maria,93454,-120.23478009213163,34.936654927260854,,
Chipotle,CA,Monica,90401,-118.49411987951692,34.01419137443751,,
Chipotle,CA,Monica,90403,-118.49153499925697,34.029913239808494,,
Chipotle,CA,Rosa,95407,-122.74432972514275,38.39451479773925,,
Chipotle,CA,Rosa,95401,-122.79224952237611,38.44897687977531,,
Chipotle,CA,Santee,92071,-116.99143293509876,32.85128173585513,32.8554,-116.9851
Chipotle,CA,Beach,90740,-118.0755901142681,33.75803301807504,,
Chipotle,CA,Selma,93662,-119.64194378895701,36.539274363051106,36.5715,-119.6143
Chipotle,CA,Oaks,91423,-118.43269181276908,34.14850347608485,,
Chipotle,CA,Oaks,91403,-118.46283791868863,34.14656066161559,,
Chipotle,CA,Hill,90755,-118.16769460949077,33.80288785586672,,
Chipotle,CA,Valley,93065,-118.77441074166863,34.260218320640995,32.8088,-85.181
Chipotle,CA,Gate,90280,-118.1925726566827,33.94460119121938,,
Chipotle,CA,Tahoe,96150,-120.00888411420596,38.870890277582916,,
Chipotle,CA,Pasadena,91030,-118.15729803272556,34.110243702819325,29.6575,-95.1498
Chipotle,CA,Stanton,90680,-117.9949106412842,33.80114023664803,33.8003,-117.9935
Chipotle,CA,Stockton,95219,-121.48582202151297,38.0419839272267,37.9765,-121.3109
Chipotle,CA,Stockton,95210,-121.29877957036533,38.030345424180545,37.9765,-121.3109
Chipotle,CA,Stockton,95207,-121.32500221592048,38.002448698443644,37.9765,-121.3109
Chipotle,CA,City,91604,-118.39348751554073,34.138812367709214,,
Chipotle,CA,Sunnyvale,94087,-122.03696108738018,37.351528799281034,37.3836,-122.0255
Chipotle,CA,Creek,95642,-120.761033435085,38.34263714150877,,
Chipotle,CA,TEHACHAPI,93561,-118.49375740710363,35.11821479208681,,
Chipotle,CA,Tarzana,91356,-118.54755262844546,34.15509918390992,,
Chipotle,CA,Temecula,92591,-117.10485561350856,33.53523404817817,33.4928,-117.1315
Chipotle,CA,Temecula,92592,-117.03092413310246,33.511158119219964,33.4928,-117.1315
Chipotle,CA,City,91780,-118.05547995287964,34.101465628188315,,
Chipotle,CA,Oaks,91360,-118.8821328960429,34.21271843036908,,
Chipotle,CA,Oaks,91320,-118.94508872626331,34.17596710756423,,
Chipotle,CA,Torrance,90502,-118.29289612698456,33.83501972921525,33.8346,-118.3416
Chipotle,CA,Torrance,90503,-118.35364396638124,33.840767970751294,33.8346,-118.3416
Chipotle,CA,Torrance,90505,-118.34798127472155,33.80888392375558,33.8346,-118.3416
Chipotle,CA,Torrance,90503,-118.35364396638124,33.840767970751294,33.8346,-118.3416
Chipotle,CA,Tracy,95304,-121.39989851427838,37.678357934869545,37.7269,-121.4523
Chipotle,CA,Tulare,93274,-119.36940938551358,36.18023976604562,36.1995,-119.34
Chipotle,CA,Turlock,95380,-120.86865399548684,37.47198472200677,37.5053,-120.8588
Chipotle,CA,Tustin,92780,-117.81916500845483,33.73401059593822,33.7311,-117.8107
Chipotle,CA,Tustin,92782,-117.78469179233673,33.73972234096103,33.7311,-117.8107
Chipotle,CA,Ukiah,95482,-123.2429047569325,39.16030424951702,39.1464,-123.2105
Chipotle,CA,City,94587,-122.01862682259947,37.603150824728566,,
Chipotle,CA,Upland,91784,-117.65813178521577,34.1409777983488,34.1178,-117.6604
Chipotle,CA,Upland,91786,-117.66204037316412,34.10528078871928,34.1178,-117.6604
Chipotle,CA,Upland,91784,-117.65813178521577,34.1409777983488,34.1178,-117.6604
Chipotle,CA,Vacaville,95688,-122.02266670427858,38.409131957812555,38.3587,-121.9673
Chipotle,CA,Vacaville,95687,-121.92042184737123,38.33691494228673,38.3587,-121.9673
Chipotle,CA,Valencia,91355,-118.58926630520041,34.424659915548595,,
Chipotle,CA,Valencia,91355,-118.58926630520041,34.424659915548595,,
Chipotle,CA,Vallejo,94591,-122.19528644289235,38.12335338769686,38.1125,-122.2342
Chipotle,CA,Nuys,91401,-118.43146457854768,34.1781144188886,,
Chipotle,CA,Ventura,93003,-119.22223141924478,34.2846140622694,,
Chipotle,CA,Ventura,93003,-119.22223141924478,34.2846140622694,,
Chipotle,CA,Victorville,92392,-117.40818142335306,34.480243565924106,34.5277,-117.3536
Chipotle,CA,Visalia,93291,-119.36857177056899,36.38958598938605,36.3276,-119.3269
Chipotle,CA,Visalia,93277,-119.38097993619367,36.29923956047333,36.3276,-119.3269
Chipotle,CA,Visalia,93291,-119.36857177056899,36.38958598938605,36.3276,-119.3269
Chipotle,CA,Vista,92083,-117.24815111262001,33.19785746379697,33.1896,-117.2386
Chipotle,CA,Walnut,91789,-117.85461238697499,34.01831054875077,34.0334,-117.8593
Chipotle,CA,Creek,94596,-122.03755568231112,37.88909874391179,,
Chipotle,CA,Park,90255,-118.21724530638497,33.97699740418598,,
Chipotle,CA,Watsonville,95076,-121.74949570989754,36.93870655323253,36.9206,-121.7708
Chipotle,CA,Covina,91791,-117.8940396890568,34.06109701548676,34.0903,-117.8818
Chipotle,CA,Covina,91790,-117.93771333653491,34.06732195477187,34.0903,-117.8818
Chipotle,CA,Sacramento,95691,-121.58236336596126,38.617187334649536,38.5677,-121.4685
Chipotle,CA,Sacramento,95605,-121.53928394747665,38.592885392554564,38.5677,-121.4685
Chipotle,CA,Village,91362,-118.81869638837547,34.19334469483809,,
Chipotle,CA,Westminster,92683,-117.9939738083957,33.75249771877314,39.8837,-105.0624
Chipotle,CA,Whittier,90605,-118.02339163360011,33.94974696189007,33.9678,-118.0188
Chipotle,CA,Whittier,90601,-118.03136878338005,34.00830267236833,33.9678,-118.0188
Chipotle,CA,Whittier,90603,-117.99249025769241,33.945390279057506,33.9678,-118.0188
Chipotle,CA,Wildomar,92595,-117.25930453657439,33.617847170222035,33.6173,-117.2582
Chipotle,CA,Winchester,92596,-117.07643675505051,33.643680639428105,39.1735,-78.1746
Chipotle,CA,Winchester,92596,-117.07643675505051,33.643680639428105,39.1735,-78.1746
Chipotle,CA,Woodland,95776,-121.70566478292396,38.68252341290935,38.6712,-121.75
Chipotle,CA,Hills,91367,-118.61545478133735,34.17704714927662,,
Chipotle,CA,Hills,91367,-118.61545478133735,34.17704714927662,,
Chipotle,CA,City,95991,-121.61291685516747,39.022402937740885,,
Chipotle,CA,Yucaipa,92399,-117.00515616594699,34.0428206015077,34.0336,-117.0429
Chipotle,CA,Valley,92284,-116.43239288677528,34.18608992910425,32.8088,-85.181
Chipotle,CO,Arvada,80004,-105.12349075772386,39.814702257458954,39.832,-105.151
Chipotle,CO,Arvada,80002,-105.10576147072835,39.795012215867054,39.832,-105.151
Chipotle,CO,Aurora,80012,-104.83762984819826,39.699734927072925,39.7083,-104.7237
Chipotle,CO,Aurora,80011,-104.78312568558995,39.73892101331047,39.7083,-104.7237
Chipotle,CO,Aurora,80014,-104.83806658390628,39.66355883563133,39.7083,-104.7237
Chipotle,CO,Aurora,80231,-104.88782512429049,39.671471574324926,39.7083,-104.7237
Chipotle,CO,Aurora,80016,-104.70728561493146,39.599720306926876,39.7083,-104.7237
Chipotle,CO,Aurora,80011,-104.78312568558995,39.73892101331047,39.7083,-104.7237
Chipotle,CO,Aurora,80013,-104.76566077678292,39.66139626739082,39.7083,-104.7237
Chipotle,CO,Aurora,80016,-104.70728561493146,39.599720306926876,39.7083,-104.7237
Chipotle,CO,Boulder,80302,-105.36912023134597,40.038893537032706,40.0248,-105.2524
Chipotle,CO,Boulder,80301,-105.20013223382506,40.04856723128512,40.0248,-105.2524
Chipotle,CO,Brighton,80601,-104.80879101715547,39.96252956058568,39.9716,-104.7963
Chipotle,CO,Rock,80108,-104.85301614496976,39.44551592178953,,
Chipotle,CO,Rock,80108,-104.85301614496976,39.44551592178953,,
Chipotle,CO,Centennial,80112,-104.85738520465505,39.57257495275158,39.5926,-104.8673
Chipotle,CO,Centennial,80015,-104.78001404556025,39.62600886781317,39.5926,-104.8673
Chipotle,CO,Centennial,80112,-104.85738520465505,39.57257495275158,39.5926,-104.8673
Chipotle,CO,Clifton,81520,-108.43378231689945,39.10988308566974,40.863,-74.1575
Chipotle,CO,Springs,80907,-104.82743827606335,38.87830133624335,41.0212,-72.1584
Chipotle,CO,Springs,80903,-104.81519227024582,38.83129588082601,41.0212,-72.1584
Chipotle,CO,Springs,80908,-104.6894939965302,39.04769964515299,41.0212,-72.1584
Chipotle,CO,Springs,80906,-104.87161965609278,38.76567562892809,41.0212,-72.1584
Chipotle,CO,Springs,80922,-104.70059749083009,38.89065544814141,41.0212,-72.1584
Chipotle,CO,Springs,80918,-104.78025039930907,38.91152245405849,41.0212,-72.1584
Chipotle,CO,Springs,80918,-104.78025039930907,38.91152245405849,41.0212,-72.1584
Chipotle,CO,Springs,80923,-104.71481500140929,38.92689052395814,41.0212,-72.1584
Chipotle,CO,Springs,80920,-104.77078540181296,38.95760717064184,41.0212,-72.1584
Chipotle,CO,Springs,80909,-104.77575381778449,38.85270027174843,41.0212,-72.1584
Chipotle,CO,City,80022,-104.79783266918324,39.87953639587916,,
Chipotle,CO,Denver,80206,-104.95259509013995,39.73028458380793,39.762,-104.8758
Chipotle,CO,Denver,80202,-104.99763391940857,39.75190803636122,39.762,-104.8758
Chipotle,CO,Denver,80202,-104.99763391940857,39.75190803636122,39.762,-104.8758
Chipotle,CO,Denver,80210,-104.96256936542441,39.67802577628538,39.762,-104.8758
Chipotle,CO,Denver,80206,-104.95259509013995,39.73028458380793,39.762,-104.8758
Chipotle,CO,Denver,80222,-104.92789595397358,39.67102076323918,39.762,-104.8758
Chipotle,CO,Denver,80211,-105.02009010833376,39.76711802988824,39.762,-104.8758
Chipotle,CO,Denver,80209,-104.96590915312996,39.706018428067466,39.762,-104.8758
Chipotle,CO,Denver,80239,-104.83800795427322,39.78681172947513,39.762,-104.8758
Chipotle,CO,Denver,80203,-104.98265019607867,39.731686874083216,39.762,-104.8758
Chipotle,CO,Denver,80249,-104.69647283026615,39.84984659987697,39.762,-104.8758
Chipotle,CO,Denver,80231,-104.88782512429049,39.671471574324926,39.762,-104.8758
Chipotle,CO,Denver,80238,-104.88240057315076,39.77159454183707,39.762,-104.8758
Chipotle,CO,Denver,80206,-104.95259509013995,39.73028458380793,39.762,-104.8758
Chipotle,CO,Denver,80123,-105.06884798502195,39.61583579312075,39.762,-104.8758
Chipotle,CO,Denver,80224,-104.91133875218043,39.68776764504949,39.762,-104.8758
Chipotle,CO,Englewood,80110,-105.00923489859673,39.64629688830695,39.6468,-104.9942
Chipotle,CO,Falcon,80831,-104.50596270754147,38.99672956294643,,
Chipotle,CO,Heights,80260,-105.00608544725556,39.86679730081576,,
Chipotle,CO,Collins,80528,-105.00021268338935,40.49613485186146,,
Chipotle,CO,Collins,80525,-105.03709985572402,40.52916525824392,,
Chipotle,CO,Junction,81505,-108.57773751743036,39.18187775337549,,
Chipotle,CO,Greeley,80631,-104.67637756036954,40.44144662491397,40.4152,-104.7706
Chipotle,CO,Village,80111,-104.87982990940806,39.612278918535296,,
Chipotle,CO,Village,80111,-104.87982990940806,39.612278918535296,,
Chipotle,CO,Ranch,80129,-105.01084237267068,39.544569805323874,,
Chipotle,CO,Ranch,80126,-104.96085276550205,39.540745565473046,,
Chipotle,CO,Lafayette,80026,-105.09804535330406,40.01320012193324,30.2082,-92.0325
Chipotle,CO,Lakewood,80401,-105.23509780808645,39.716398597136525,39.6977,-105.1172
Chipotle,CO,Lakewood,80228,-105.15679165043288,39.69001513082435,39.6977,-105.1172
Chipotle,CO,Lakewood,80227,-105.08949330300446,39.667194865883786,39.6977,-105.1172
Chipotle,CO,Lakewood,80226,-105.09137419160717,39.71104187072272,39.6977,-105.1172
Chipotle,CO,Lakewood,80214,-105.07117150276925,39.74209876448973,39.6977,-105.1172
Chipotle,CO,Littleton,80127,-105.15134703364838,39.54044035528434,39.5915,-105.0188
Chipotle,CO,Littleton,80121,-104.95316038387563,39.61111517702734,39.5915,-105.0188
Chipotle,CO,Littleton,80122,-104.95601140906093,39.580578248037995,39.5915,-105.0188
Chipotle,CO,Littleton,80123,-105.06884798502195,39.61583579312075,39.5915,-105.0188
Chipotle,CO,Tree,80124,-104.89207058138642,39.53185266976385,,
Chipotle,CO,Tree,80124,-104.89207058138642,39.53185266976385,,
Chipotle,CO,Longmont,80501,-105.1029383702424,40.164744214571144,40.1686,-105.1005
Chipotle,CO,Longmont,80501,-105.1029383702424,40.164744214571144,40.1686,-105.1005
Chipotle,CO,Louisville,80027,-105.16390293127559,39.95066182509634,38.1663,-85.6485
Chipotle,CO,Loveland,80537,-105.1829645888688,40.3754309812736,40.4166,-105.0623
Chipotle,CO,Loveland,80538,-105.17398762027783,40.478843912865614,40.4166,-105.0623
Chipotle,CO,Parker,80138,-104.67097921652362,39.5175454122165,39.5084,-104.7753
Chipotle,CO,Parker,80134,-104.77882256655063,39.482206607704256,39.5084,-104.7753
Chipotle,CO,Pueblo,81008,-104.61747528854984,38.43686099559917,38.2701,-104.6114
Chipotle,CO,Silverthorne,80498,-106.22718072286642,39.77488356807824,,
Chipotle,CO,Superior,80027,-105.16390293127559,39.95066182509634,46.6941,-92.0823
Chipotle,CO,Thornton,80229,-104.95735614093374,39.85552351478609,39.9197,-104.9438
Chipotle,CO,Thornton,80233,-104.94697805570512,39.89975298051936,39.9197,-104.9438
Chipotle,CO,Westminster,80023,-105.01093544694878,39.972412274575895,39.8837,-105.0624
Chipotle,CO,Westminster,80020,-105.07452544521514,39.93181153797286,39.8837,-105.0624
Chipotle,CO,Westminster,80030,-105.03695359787946,39.83017854139435,39.8837,-105.0624
Chipotle,CO,Westminster,80003,-105.06328186077992,39.82645573957158,39.8837,-105.0624
Chipotle,CO,Ridge,80033,-105.10220363931865,39.773072434714784,40.9068,-72.8816
Chipotle,CT,Branford,06405,-72.79666269777464,41.27969974123172,,
Chipotle,CT,Bridgeport,06608,-73.18096622096664,41.18680250010062,41.1918,-73.1954
Chipotle,CT,Bristol,06010,-72.94070563260418,41.681141383610985,36.5572,-82.2154
Chipotle,CT,Canton,06019,-72.90697648747657,41.859650800246015,40.8078,-81.3676
Chipotle,CT,Danbury,06810,-73.45919038600009,41.37630279296162,41.4015,-73.4709
Chipotle,CT,Danbury,06811,-73.48162492493672,41.42440350705325,41.4015,-73.4709
Chipotle,CT,Danbury,06810,-73.45919038600009,41.37630279296162,41.4015,-73.4709
Chipotle,CT,Darien,06820,-73.48115453587795,41.07599317763565,41.7448,-87.9822
Chipotle,CT,Darien,06820,-73.48115453587795,41.07599317763565,41.7448,-87.9822
Chipotle,CT,Enfield,06082,-72.55473904944463,41.98402865347653,,
Chipotle,CT,Fairfield,06824,-73.28051750843039,41.17398266555345,38.2583,-122.0335
Chipotle,CT,Glastonbury,06033,-72.54197729706169,41.70786562560031,,
Chipotle,CT,Groton,06340,-72.04364317616636,41.35474612250149,42.6137,-71.5614
Chipotle,CT,Hamden,06514,-72.94114833858609,41.373508463973224,,
Chipotle,CT,Manchester,06042,-72.52696788658999,41.79750578850079,42.9848,-71.4447
Chipotle,CT,Mansfield,06226,-72.20726274503524,41.70841874621617,40.7656,-82.5275
Chipotle,CT,Middletown,06457,-72.6548765776218,41.54763592700188,39.5033,-84.3659
Chipotle,CT,Milford,06460,-73.05077015992018,41.21382330100615,42.1565,-71.5188
Chipotle,CT,Monroe,06468,-73.2250124614868,41.337910882029966,32.5185,-92.0774
Chipotle,CT,Naugatuck,06770,-73.053088710132,41.48923615755292,41.489,-73.0518
Chipotle,CT,Haven,06510,-72.92601239594283,41.306502543595506,,
Chipotle,CT,Milford,06776,-73.41568807004116,41.60177537234775,42.1565,-71.5188
Chipotle,CT,Newington,06111,-72.73083914377662,41.68699864222495,38.7358,-77.1993
Chipotle,CT,Norwich,06360,-72.08928852300171,41.54883235341294,41.5495,-72.0882
Chipotle,CT,Riverside,06878,-73.58351274039606,41.030441329467045,33.9381,-117.3949
Chipotle,CT,Shelton,06484,-73.13827653027256,41.30598500483032,41.306,-73.1383
Chipotle,CT,Windsor,06074,-72.5733503490259,41.83527510427711,40.469,-104.9198
Chipotle,CT,Southbury,06488,-73.23293460009394,41.47454110455156,,
Chipotle,CT,Southington,06489,-72.87253914681544,41.613303972533956,,
Chipotle,CT,Stamford,06905,-73.54349419160167,41.0888387191689,41.1039,-73.5585
Chipotle,CT,Stratford,06614,-73.12789933370037,41.23011032255779,,
Chipotle,CT,Torrington,06790,-73.12878674539643,41.837770006777205,41.8349,-73.1282
Chipotle,CT,Wallingford,06492,-72.80468683665751,41.459127351290235,,
Chipotle,CT,Waterford,06385,-72.15544649471552,41.35632270124195,39.7415,-74.8207
Chipotle,CT,Hartford,06110,-72.73360287262321,41.732684090877775,41.7661,-72.6834
Chipotle,CT,Hartford,06119,-72.72720816863352,41.7634217858281,41.7661,-72.6834
Chipotle,CT,Hartford,06107,-72.75894733540555,41.7541417425621,41.7661,-72.6834
Chipotle,CT,Haven,06516,-72.96490850559216,41.272420055280065,,
Chipotle,CT,Wethersfield,06109,-72.6703329114784,41.70131558709211,,
Chipotle,CT,Wilton,06897,-73.4400288341396,41.207023881690745,43.1502,-73.7276
Chipotle,DE,Bear,19701,-75.69936185393058,39.58434666025531,39.6189,-75.6808
Chipotle,DE,Camden,19934,-75.62905928914955,39.08334580615118,39.9361,-75.1073
Chipotle,DE,Dover,19901,-75.47227304584185,39.171732147894694,39.161,-75.5202
Chipotle,DE,Middletown,19709,-75.67803100724159,39.48964863677267,39.5033,-84.3659
Chipotle,DE,Milford,19963,-75.3775970955963,38.937476106074136,42.1565,-71.5188
Chipotle,DE,Castle,19720,-75.60397358881293,39.64645345585049,,
Chipotle,DE,Newark,19702,-75.72749664466669,39.622273898424254,40.7245,-74.1725
Chipotle,DE,Newark,19711,-75.73973777384518,39.71433464308186,40.7245,-74.1725
Chipotle,DE,Newark,19713,-75.71228021592577,39.67078042504581,40.7245,-74.1725
Chipotle,DE,Beach,19971,-75.09826158888947,38.68679417624065,,
Chipotle,DE,Wilmington,19803,-75.54212834467313,39.80037320266646,34.2099,-77.8866
Chipotle,DE,Wilmington,19808,-75.66521840746688,39.738378326792045,34.2099,-77.8866
Chipotle,FL,Springs,32714,-81.4116702808805,28.662444008801955,41.0212,-72.1584
Chipotle,FL,Springs,32701,-81.3694613922127,28.665328399984254,41.0212,-72.1584
Chipotle,FL,Apopka,32703,-81.55299233002927,28.670695678944934,28.7015,-81.5316
Chipotle,FL,Apopka,32712,-81.50602062872382,28.74004076138161,28.7015,-81.5316
Chipotle,FL,Apopka,32703,-81.55299233002927,28.670695678944934,28.7015,-81.5316
Chipotle,FL,Aventura,33180,-80.14204523382527,25.960641347992997,25.9566,-80.1371
Chipotle,FL,Bartow,33830,-81.81748677912991,27.874851942090437,27.8868,-81.8214
Chipotle,FL,Raton,33432,-80.08182210693244,26.345070645994372,,
Chipotle,FL,Raton,33431,-80.10136649244616,26.380727519104894,,
Chipotle,FL,Raton,33496,-80.16037515967108,26.40802320131445,,
Chipotle,FL,Raton,33433,-80.15923716512849,26.347162022908506,,
Chipotle,FL,Raton,33434,-80.16870089190184,26.38158411220557,,
Chipotle,FL,Beach,33435,-80.06099168567252,26.5253481139592,,
Chipotle,FL,Beach,33426,-80.08297329548157,26.53399973387375,,
Chipotle,FL,Beach,33472,-80.18579734479802,26.538360126320654,,
Chipotle,FL,Bradenton,34207,-82.58018850722857,27.43755722967389,27.4901,-82.5757
Chipotle,FL,Bradenton,34210,-82.63085190681979,27.43800615543031,27.4901,-82.5757
Chipotle,FL,Brandon,33511,-82.29461361073571,27.909844419740434,27.9367,-82.3
Chipotle,FL,Brandon,33511,-82.29461361073571,27.909844419740434,27.9367,-82.3
Chipotle,FL,Brandon,33511,-82.29461361073571,27.909844419740434,27.9367,-82.3
Chipotle,FL,Brandon,33511,-82.29461361073571,27.909844419740434,27.9367,-82.3
Chipotle,FL,Brooksville,34613,-82.56889119813299,28.574590722850214,28.5404,-82.3903
Chipotle,FL,Coral,33909,-81.94523740661741,26.693877723890267,,
Chipotle,FL,Coral,33990,-81.94329800842947,26.627883229946384,,
Chipotle,FL,Casselberry,32707,-81.3142898899614,28.662675635594233,28.6624,-81.3217
Chipotle,FL,Clearwater,33761,-82.7239337954925,28.030969165103304,27.979,-82.7623
Chipotle,FL,Clearwater,33759,-82.7018830304073,27.975008509187134,27.979,-82.7623
Chipotle,FL,Clearwater,33764,-82.73878404171525,27.93456052356587,27.979,-82.7623
Chipotle,FL,Clermont,34711,-81.75670000536842,28.5260988444899,28.5325,-81.7208
Chipotle,FL,Clermont,34714,-81.7811546164147,28.411290013754414,28.5325,-81.7208
Chipotle,FL,Springs,33071,-80.26625901938372,26.24392183866416,41.0212,-72.1584
Chipotle,FL,Springs,33073,-80.18281112939405,26.298504724715166,41.0212,-72.1584
Chipotle,FL,Springs,33067,-80.22610789632849,26.307741783012446,41.0212,-72.1584
Chipotle,FL,Crestview,32536,-86.59175471654048,30.76427040623632,30.7477,-86.5785
Chipotle,FL,Bay,33157,-80.34261311750409,25.606184372810077,,
Chipotle,FL,Beach,33004,-80.13821397656766,26.057831362120616,,
Chipotle,FL,Davenport,33837,-81.59111078815152,28.190845666661346,41.5565,-90.6053
Chipotle,FL,Davenport,33896,-81.58421716573041,28.257448282764177,41.5565,-90.6053
Chipotle,FL,Davenport,33897,-81.69024140472037,28.271715277767118,41.5565,-90.6053
Chipotle,FL,Davie,33324,-80.27414079421544,26.112346145795218,26.0789,-80.287
Chipotle,FL,Davie,33328,-80.272292390118,26.067113588152495,26.0789,-80.287
Chipotle,FL,Beach,32117,-81.06573238939147,29.235331795079805,,
Chipotle,FL,Beach,32114,-81.05146621324934,29.193977217460148,,
Chipotle,FL,Beach,33442,-80.14545773917835,26.310361632335674,,
Chipotle,FL,Beach,33441,-80.09733271764958,26.31116008336812,,
Chipotle,FL,DeLand,32724,-81.22876193642406,29.056463215230846,29.0225,-81.2875
Chipotle,FL,Deland,32720,-81.36798348125308,29.009619200964302,,
Chipotle,FL,Beach,33445,-80.10626854402622,26.45467458610889,,
Chipotle,FL,Beach,33444,-80.07997132710743,26.458186653933755,,
Chipotle,FL,Destin,32541,-86.46918700012358,30.3949182534834,30.395,-86.4701
Chipotle,FL,Doral,33172,-80.36052548594944,25.7862922522347,25.8152,-80.3565
Chipotle,FL,Doral,33178,-80.41950862406769,25.858007807161183,25.8152,-80.3565
Chipotle,FL,Ellenton,34222,-82.50504022254562,27.53623407531315,,
Chipotle,FL,Estero,33928,-81.72337137399496,26.41975202888529,26.4276,-81.7951
Chipotle,FL,Eustis,32726,-81.67893914561095,28.855031863443028,28.8563,-81.6771
Chipotle,FL,Park,32730,-81.3436282636919,28.653224315279044,,
Chipotle,FL,Lauderdale,33316,-80.12118850189836,26.09777039861881,,
Chipotle,FL,Lauderdale,33305,-80.12000427634915,26.153344945913084,,
Chipotle,FL,Lauderdale,33312,-80.1816668626773,26.088264061385694,,
Chipotle,FL,Lauderdale,33308,-80.10613588618129,26.188222948794373,,
Chipotle,FL,Myers,33913,-81.69651161042641,26.516179220912043,,
Chipotle,FL,Myers,33907,-81.87136169590643,26.564368016932487,,
Chipotle,FL,Myers,33966,-81.83202246314676,26.582390443157603,,
Chipotle,FL,Pierce,34947,-80.37591922697393,27.44896704005593,,
Chipotle,FL,Beach,32548,-86.6531016506629,30.40248998899158,,
Chipotle,FL,Lauderdale,33309,-80.17324310552294,26.18798192176185,,
Chipotle,FL,Gainesville,32603,-82.35398310483822,29.649982873326348,29.6804,-82.3459
Chipotle,FL,Gainesville,32609,-82.2831518878702,29.77079813856678,29.6804,-82.3459
Chipotle,FL,Gainesville,32608,-82.40661007048995,29.596879730291164,29.6804,-82.3459
Chipotle,FL,Golf,33436,-80.10748341155853,26.524321650400733,,
Chipotle,FL,Greenacres,33413,-80.15536010842027,26.663925562261596,26.627,-80.1371
Chipotle,FL,Breeze,32561,-87.11241285881235,30.348786968154016,,
Chipotle,FL,City,33844,-81.58532282091488,28.084504446800945,,
Chipotle,FL,Hialeah,33015,-80.317639464895,25.94132600885101,25.8696,-80.3045
Chipotle,FL,Hialeah,33012,-80.3024862672869,25.86566056572887,25.8696,-80.3045
Chipotle,FL,Hialeah,33018,-80.37945582690156,25.925920124910146,25.8696,-80.3045
Chipotle,FL,Hollywood,33020,-80.15231999829956,26.018963632845303,26.0293,-80.1679
Chipotle,FL,Homestead,33033,-80.41360949833678,25.483748398265195,25.4665,-80.4472
Chipotle,FL,Inverness,34450,-82.27176790238015,28.835572164870413,,
Chipotle,FL,Jacksonville,32223,-81.6481863653863,30.154876922180378,30.3322,-81.6749
Chipotle,FL,Jacksonville,32225,-81.50599803368313,30.357511704650342,30.3322,-81.6749
Chipotle,FL,Jacksonville,32224,-81.46798133379352,30.270270937629434,30.3322,-81.6749
Chipotle,FL,Jacksonville,32258,-81.54844880482277,30.13755042813018,30.3322,-81.6749
Chipotle,FL,Jacksonville,32217,-81.62721906175886,30.239175660190934,30.3322,-81.6749
Chipotle,FL,Jacksonville,32210,-81.74463128832606,30.26558566794896,30.3322,-81.6749
Chipotle,FL,Jacksonville,32246,-81.5179791422799,30.294004251361812,30.3322,-81.6749
Chipotle,FL,Jacksonville,32202,-81.6479819940891,30.325053375043716,30.3322,-81.6749
Chipotle,FL,Jacksonville,32207,-81.63995762968177,30.289994846443506,30.3322,-81.6749
Chipotle,FL,Jacksonville,32218,-81.66923952153236,30.48664254270244,30.3322,-81.6749
Chipotle,FL,Jacksonville,32244,-81.75349242624843,30.21793123961777,30.3322,-81.6749
Chipotle,FL,Jacksonville,32256,-81.50038507858993,30.18783991577167,30.3322,-81.6749
Chipotle,FL,Jacksonville,32225,-81.50599803368313,30.357511704650342,30.3322,-81.6749
Chipotle,FL,Jacksonville,32222,-81.82882342526443,30.216806504653817,30.3322,-81.6749
Chipotle,FL,Beach,32250,-81.40722728845029,30.27827476280412,,
Chipotle,FL,Jupiter,33458,-80.13189288732987,26.93748669895554,26.92,-80.1128
Chipotle,FL,Kissimmee,34741,-81.42573236050912,28.305453960989105,28.3041,-81.4169
Chipotle,FL,Kissimmee,34746,-81.44056757572525,28.241460832261772,28.3041,-81.4169
Chipotle,FL,Kissimmee,34746,-81.44056757572525,28.241460832261772,28.3041,-81.4169
Chipotle,FL,Kissimmee,34746,-81.44056757572525,28.241460832261772,28.3041,-81.4169
Chipotle,FL,Kissimmee,34747,-81.59667115768411,28.30959896443384,28.3041,-81.4169
Chipotle,FL,Kissimmee,34747,-81.59667115768411,28.30959896443384,28.3041,-81.4169
Chipotle,FL,Lake,32159,-81.90291093278769,28.925807907547338,,
Chipotle,FL,City,32055,-82.62541441754064,30.27019557747546,,
Chipotle,FL,Mary,32746,-81.35453013759876,28.763944248176358,,
Chipotle,FL,Worth,33462,-80.07112575221491,26.579470539197995,41.6877,-87.7916
Chipotle,FL,Worth,33467,-80.17551950400373,26.594622264574106,41.6877,-87.7916
Chipotle,FL,Worth,33467,-80.17551950400373,26.594622264574106,41.6877,-87.7916
Chipotle,FL,Lakeland,33803,-81.93266126631609,28.00891089479939,28.0557,-81.9545
Chipotle,FL,Lakeland,33809,-81.97053449188233,28.222930959275818,28.0557,-81.9545
Chipotle,FL,Ranch,34202,-82.39001049240724,27.406693913842282,,
Chipotle,FL,Largo,33771,-82.75804600872506,27.90665217004227,27.9088,-82.7712
Chipotle,FL,Largo,33770,-82.80362503351569,27.9146669828915,27.9088,-82.7712
Chipotle,FL,Lauderhill,33351,-80.27459154515786,26.17929599934871,26.1605,-80.2241
Chipotle,FL,Lecanto,34461,-82.47691463629906,28.81108662374927,,
Chipotle,FL,Leesburg,34788,-81.79825871163706,28.887093962168642,28.7672,-81.8962
Chipotle,FL,Acres,33971,-81.69916725913158,26.638797079877357,,
Chipotle,FL,Longwood,32779,-81.4127448657778,28.716713880826646,28.7014,-81.3487
Chipotle,FL,Longwood,32750,-81.35199506482986,28.70611663359972,28.7014,-81.3487
Chipotle,FL,Lutz,33559,-82.41117141906452,28.155282488781413,28.1396,-82.4467
Chipotle,FL,Margate,33063,-80.20882877552927,26.25010096058348,26.2466,-80.2119
Chipotle,FL,Melbourne,32904,-80.6779411494145,28.06728105569852,28.1086,-80.6627
Chipotle,FL,Melbourne,32940,-80.78752838543292,28.211338307163082,28.1086,-80.6627
Chipotle,FL,Melbourne,32940,-80.78752838543292,28.211338307163082,28.1086,-80.6627
Chipotle,FL,Island,32952,-80.66341638567704,28.300190181125142,,
Chipotle,FL,Miami,33174,-80.36119374116869,25.761531564428683,25.784,-80.2101
Chipotle,FL,Miami,33176,-80.3589541907491,25.65863139424408,25.784,-80.2101
Chipotle,FL,Miami,33126,-80.29892154844728,25.779845266337624,25.784,-80.2101
Chipotle,FL,Miami,33186,-80.41048812082302,25.655469886629945,25.784,-80.2101
Chipotle,FL,Miami,33175,-80.40677891327266,25.734045125755628,25.784,-80.2101
Chipotle,FL,Miami,33177,-80.40458183401059,25.59678046551734,25.784,-80.2101
Chipotle,FL,Miami,33182,-80.43398170277872,25.783672787242267,25.784,-80.2101
Chipotle,FL,Miami,33180,-80.14204523382527,25.960641347992997,25.784,-80.2101
Chipotle,FL,Miami,33165,-80.35883074423118,25.734318099241193,25.784,-80.2101
Chipotle,FL,Miami,33145,-80.23442372020367,25.75313252159138,25.784,-80.2101
Chipotle,FL,Miami,33133,-80.24050698748573,25.728634784346514,25.784,-80.2101
Chipotle,FL,Miami,33127,-80.20551453560005,25.813195274305382,25.784,-80.2101
Chipotle,FL,Miami,33126,-80.29892154844728,25.779845266337624,25.784,-80.2101
Chipotle,FL,Miami,33166,-80.31658579285711,25.828636515641506,25.784,-80.2101
Chipotle,FL,Miami,33130,-80.20300434311534,25.768137203139627,25.784,-80.2101
Chipotle,FL,Gardens,33056,-80.24562801275124,25.949210795198123,,
Chipotle,FL,Lakes,33016,-80.3325062773134,25.89489056171209,,
Chipotle,FL,Minneola,34715,-81.7305620458019,28.62587191613943,28.6067,-81.7322
Chipotle,FL,Miramar,33027,-80.3436367799042,25.982450750461986,25.9773,-80.3351
Chipotle,FL,Miramar,33027,-80.3436367799042,25.982450750461986,25.9773,-80.3351
Chipotle,FL,Dora,32757,-81.63816510506608,28.773442260089915,,
Chipotle,FL,Naples,34102,-81.7977615206515,26.137653521621143,26.1504,-81.7936
Chipotle,FL,Naples,34114,-81.55109730742126,25.963747244351385,26.1504,-81.7936
Chipotle,FL,Naples,34108,-81.80786289734672,26.245242212622276,26.1504,-81.7936
Chipotle,FL,Navarre,32566,-86.88929202748604,30.437203532521888,30.4174,-86.8907
Chipotle,FL,Richey,34655,-82.62586071010185,28.217079263600915,,
Chipotle,FL,Beach,32168,-81.02740909958547,28.973650803753188,,
Chipotle,FL,Miami,33181,-80.15089315005896,25.89872481877045,25.784,-80.2101
Chipotle,FL,Beach,33162,-80.1779984071169,25.928251657285625,,
Chipotle,FL,Port,34287,-82.24462361575375,27.05389349639608,,
Chipotle,FL,Ocala,34471,-82.12879398854558,29.160494209673693,29.178,-82.1511
Chipotle,FL,Ocala,34470,-82.08743123564822,29.19890597832292,29.178,-82.1511
Chipotle,FL,Ocoee,34761,-81.53371581647474,28.577573506874643,28.5796,-81.5332
Chipotle,FL,Odessa,33556,-82.59417856898162,28.141356381653054,31.8801,-102.3448
Chipotle,FL,Park,32003,-81.71256107237284,30.098133745977965,,
Chipotle,FL,Park,32065,-81.80125328299592,30.149236784277768,,
Chipotle,FL,Orlando,32817,-81.2445985368543,28.59036614673772,28.4773,-81.337
Chipotle,FL,Orlando,32821,-81.4752077993144,28.387153469283184,28.4773,-81.337
Chipotle,FL,Orlando,32817,-81.2445985368543,28.59036614673772,28.4773,-81.337
Chipotle,FL,Orlando,32832,-81.18698406482233,28.397961985093485,28.4773,-81.337
Chipotle,FL,Orlando,32837,-81.42931547237875,28.37848420365389,28.4773,-81.337
Chipotle,FL,Orlando,32824,-81.34883169200629,28.388361465462143,28.4773,-81.337
Chipotle,FL,Orlando,32809,-81.38584945408273,28.4620569605955,28.4773,-81.337
Chipotle,FL,Orlando,32806,-81.36053855453491,28.512218544271576,28.4773,-81.337
Chipotle,FL,Orlando,32822,-81.29047086537565,28.48980905348837,28.4773,-81.337
Chipotle,FL,Orlando,32811,-81.4446601508453,28.516926464829368,28.4773,-81.337
Chipotle,FL,Orlando,32803,-81.34771452467656,28.554923331036854,28.4773,-81.337
Chipotle,FL,Orlando,32839,-81.40711546333725,28.48837186012672,28.4773,-81.337
Chipotle,FL,Orlando,32828,-81.16717569441096,28.528254378518373,28.4773,-81.337
Chipotle,FL,Orlando,32839,-81.40711546333725,28.48837186012672,28.4773,-81.337
Chipotle,FL,Orlando,32822,-81.29047086537565,28.48980905348837,28.4773,-81.337
Chipotle,FL,Orlando,32819,-81.47104479713019,28.455903526480395,28.4773,-81.337
Chipotle,FL,Orlando,32822,-81.29047086537565,28.48980905348837,28.4773,-81.337
Chipotle,FL,Orlando,32819,-81.47104479713019,28.455903526480395,28.4773,-81.337
Chipotle,FL,Orlando,32827,-81.29412851680746,28.415720273959472,28.4773,-81.337
Chipotle,FL,Orlando,32819,-81.47104479713019,28.455903526480395,28.4773,-81.337
Chipotle,FL,Beach,32174,-81.16354802149036,29.28541931378726,,
Chipotle,FL,Oviedo,32765,-81.20179003372202,28.66742417567845,28.658,-81.1872
Chipotle,FL,Pace,32571,-87.19822074443788,30.67979432217178,30.6188,-87.1667
Chipotle,FL,Gardens,33408,-80.05500561570587,26.84287678553231,,
Chipotle,FL,Gardens,33410,-80.08802404430527,26.84660411324292,,
Chipotle,FL,Gardens,33403,-80.07541851028917,26.803460724324893,,
Chipotle,FL,Gardens,33418,-80.1669687142516,26.860739159842666,,
Chipotle,FL,Gardens,33418,-80.1669687142516,26.860739159842666,,
Chipotle,FL,Coast,32164,-81.21788244315877,29.484096563680172,,
Chipotle,FL,Harbor,34684,-82.72770379734398,28.081230273745735,,
Chipotle,FL,City,32405,-85.66789573031767,30.200408135414463,,
Chipotle,FL,Beach,32413,-85.91065750259513,30.310492426521883,,
Chipotle,FL,Pines,33026,-80.29643208974906,26.02593021952723,,
Chipotle,FL,Pines,33027,-80.3436367799042,25.982450750461986,,
Chipotle,FL,Pines,33024,-80.24526034571039,26.026962201317165,,
Chipotle,FL,Pensacola,32514,-87.22197702988562,30.53185053198397,30.4413,-87.1911
Chipotle,FL,Pensacola,32504,-87.19102361822789,30.484588875191783,30.4413,-87.1911
Chipotle,FL,Pinecrest,33156,-80.29728246373197,25.668192071716483,25.665,-80.3042
Chipotle,FL,Park,33781,-82.71511842464972,27.838678342444013,,
Chipotle,FL,Plantation,33322,-80.27450374029968,26.15020299182179,26.1259,-80.2617
Chipotle,FL,Beach,33062,-80.0899219650071,26.245860476743378,,
Chipotle,FL,Charlotte,33948,-82.15099300956803,26.983981996885934,35.2083,-80.8303
Chipotle,FL,Orange,32127,-80.97349955002261,29.10670821207117,33.8038,-117.8218
Chipotle,FL,Richey,34668,-82.7073673978006,28.302160356569782,,
Chipotle,FL,Lucie,34986,-80.40505613230037,27.328684260120717,,
Chipotle,FL,Lucie,34987,-80.50114971458733,27.28098031302385,,
Chipotle,FL,Riverview,33578,-82.34994055097103,27.863312683621974,27.8227,-82.3023
Chipotle,FL,Beach,33411,-80.199769662715,26.719787541788747,,
Chipotle,FL,Augustine,32084,-81.36682075338217,29.917559056641586,,
Chipotle,FL,Cloud,34769,-81.29117968018325,28.245086730918697,,
Chipotle,FL,Petersburg,33710,-82.730398279575,27.790047920341827,37.2043,-77.3913
Chipotle,FL,Petersburg,33704,-82.6296950838418,27.795818372737806,37.2043,-77.3913
Chipotle,FL,Petersburg,33701,-82.63254190936982,27.770804322117797,37.2043,-77.3913
Chipotle,FL,Sanford,32771,-81.32643766781348,28.813480844781182,28.7891,-81.2757
Chipotle,FL,Sanford,32771,-81.32643766781348,28.813480844781182,28.7891,-81.2757
Chipotle,FL,Sanford,32773,-81.24728751676597,28.752044029184628,28.7891,-81.2757
Chipotle,FL,Sarasota,34239,-82.52167911706887,27.31096908791872,27.3387,-82.5432
Chipotle,FL,Sarasota,34232,-82.47239938783075,27.32615221172856,27.3387,-82.5432
Chipotle,FL,Sarasota,34243,-82.52955666568518,27.4032086952827,27.3387,-82.5432
Chipotle,FL,Sebring,33870,-81.40211216966495,27.504231239480934,27.477,-81.453
Chipotle,FL,Seminole,33772,-82.79639507480383,27.84259399358612,27.8435,-82.784
Chipotle,FL,Miami,33143,-80.29778894473598,25.702207290235744,25.784,-80.2101
Chipotle,FL,Hill,34609,-82.50819216871048,28.479330696116783,,
Chipotle,FL,Cloud,34769,-81.29117968018325,28.245086730918697,,
Chipotle,FL,Petersburg,33711,-82.688368737153,27.738717329542453,37.2043,-77.3913
Chipotle,FL,Stuart,34994,-80.25693798373906,27.200739557905823,27.1959,-80.2444
Chipotle,FL,Stuart,34994,-80.25693798373906,27.200739557905823,27.1959,-80.2444
Chipotle,FL,Sunrise,33323,-80.3165095764062,26.15202422260002,26.1547,-80.2997
Chipotle,FL,Sunrise,33325,-80.32151211961686,26.10975186837029,26.1547,-80.2997
Chipotle,FL,Tallahassee,32301,-84.25823926293593,30.425646418894544,30.4551,-84.2527
Chipotle,FL,Tallahassee,32304,-84.35160973611545,30.453627172377477,30.4551,-84.2527
Chipotle,FL,Tallahassee,32308,-84.22460523194074,30.477130171515586,30.4551,-84.2527
Chipotle,FL,Tallahassee,32304,-84.35160973611545,30.453627172377477,30.4551,-84.2527
Chipotle,FL,Tampa,33618,-82.49853586793348,28.073357234058925,27.9945,-82.4447
Chipotle,FL,Tampa,33647,-82.35798073380586,28.13414065691357,27.9945,-82.4447
Chipotle,FL,Tampa,33607,-82.51540646123789,27.96750202149216,27.9945,-82.4447
Chipotle,FL,Tampa,33607,-82.51540646123789,27.96750202149216,27.9945,-82.4447
Chipotle,FL,Tampa,33612,-82.44974609215913,28.050740880666368,27.9945,-82.4447
Chipotle,FL,Tampa,33609,-82.51756841148666,27.944162188785658,27.9945,-82.4447
Chipotle,FL,Tampa,33611,-82.50621742154824,27.890581613997217,27.9945,-82.4447
Chipotle,FL,Tampa,33606,-82.46469692477358,27.931263875521207,27.9945,-82.4447
Chipotle,FL,Tampa,33634,-82.54612815728944,28.00886085438771,27.9945,-82.4447
Chipotle,FL,Tampa,33625,-82.5603731011703,28.068034397614202,27.9945,-82.4447
Chipotle,FL,Tampa,33614,-82.5060877808892,28.005954288059776,27.9945,-82.4447
Chipotle,FL,Tampa,33626,-82.61647814325991,28.06628610474145,27.9945,-82.4447
Chipotle,FL,Terrace,33617,-82.3927083059086,28.03833330051177,,
Chipotle,FL,Titusville,32780,-80.79346946628957,28.536437955220023,28.5727,-80.8193
Chipotle,FL,Valrico,33594,-82.24193882067462,27.940702604366184,27.9193,-82.2293
Chipotle,FL,Beach,32966,-80.69043115747382,27.67795219910193,,
Chipotle,FL,Wellington,33414,-80.25009176677261,26.648439554821888,26.6461,-80.2699
Chipotle,FL,Chapel,33544,-82.36602972797664,28.244061738237036,,
Chipotle,FL,Melbourne,32904,-80.6779411494145,28.06728105569852,28.1086,-80.6627
Chipotle,FL,Beach,33409,-80.09644342698891,26.716137806651528,,
Chipotle,FL,Beach,33411,-80.199769662715,26.719787541788747,,
Chipotle,FL,Westlake,33470,-80.32034748223816,26.727049745172383,41.4524,-81.9294
Chipotle,FL,Weston,33331,-80.36809957807374,26.059735281034797,26.1006,-80.4054
Chipotle,FL,Wildwood,34785,-82.04019686147353,28.83931685884908,38.58,-90.6698
Chipotle,FL,Windermere,34786,-81.55435506867177,28.482071960155686,,
Chipotle,FL,Garden,34787,-81.62774146401225,28.482384067820277,,
Chipotle,FL,Garden,34787,-81.62774146401225,28.482384067820277,,
Chipotle,FL,Haven,33880,-81.78037953257027,27.981307360931254,,
Chipotle,FL,Park,32789,-81.3520622101383,28.599633143203263,,
Chipotle,FL,Springs,32708,-81.27273964075555,28.68737236712443,41.0212,-72.1584
Chipotle,FL,Springs,32708,-81.27273964075555,28.68737236712443,41.0212,-72.1584
Chipotle,FL,Yulee,32097,-81.62966587354501,30.66379008404358,30.635,-81.5678
Chipotle,FL,Zephyrhills,33541,-82.22069504845406,28.232015515673663,28.2409,-82.1797
Chipotle,GA,Acworth,30101,-84.7127230912576,34.0434757823509,34.0566,-84.6716
Chipotle,GA,Albany,31707,-84.2075066891238,31.588309562498395,42.6664,-73.7987
Chipotle,GA,Alpharetta,30004,-84.29949184598414,34.14326819504174,34.0704,-84.2738
Chipotle,GA,Alpharetta,30022,-84.24721790450248,34.03029828676836,34.0704,-84.2738
Chipotle,GA,Alpharetta,30022,-84.24721790450248,34.03029828676836,34.0704,-84.2738
Chipotle,GA,Alpharetta,30004,-84.29949184598414,34.14326819504174,34.0704,-84.2738
Chipotle,GA,Athens,30606,-83.42878228726372,33.93959164939651,33.9508,-83.3689
Chipotle,GA,Athens,30601,-83.34853129515824,34.000845928347296,33.9508,-83.3689
Chipotle,GA,Athens,30606,-83.42878228726372,33.93959164939651,33.9508,-83.3689
Chipotle,GA,Atlanta,30309,-84.38663131991436,33.79757483176415,33.7628,-84.422
Chipotle,GA,Atlanta,30320,,,33.7628,-84.422
Chipotle,GA,Atlanta,30346,-84.3388551229464,33.92425176776971,33.7628,-84.422
Chipotle,GA,Atlanta,30307,-84.33406709117082,33.77061082017576,33.7628,-84.422
Chipotle,GA,Atlanta,30309,-84.38663131991436,33.79757483176415,33.7628,-84.422
Chipotle,GA,Atlanta,30318,-84.44791320357486,33.792346097314734,33.7628,-84.422
Chipotle,GA,Atlanta,30345,-84.2832047809281,33.850956078996965,33.7628,-84.422
Chipotle,GA,Atlanta,30324,-84.3571223200497,33.8195244338136,33.7628,-84.422
Chipotle,GA,Atlanta,30339,-84.46018946315354,33.87620542314955,33.7628,-84.422
Chipotle,GA,Atlanta,30329,-84.3229367664486,33.8270068853011,33.7628,-84.422
Chipotle,GA,Atlanta,30339,-84.46018946315354,33.87620542314955,33.7628,-84.422
Chipotle,GA,Atlanta,30326,-84.36397090865935,33.849518027430285,33.7628,-84.422
Chipotle,GA,Atlanta,30305,-84.3889246207747,33.83562718662463,33.7628,-84.422
Chipotle,GA,Atlanta,30346,-84.3388551229464,33.92425176776971,33.7628,-84.422
Chipotle,GA,Atlanta,30342,-84.37461515384365,33.88207549549359,33.7628,-84.422
Chipotle,GA,Atlanta,30318,-84.44791320357486,33.792346097314734,33.7628,-84.422
Chipotle,GA,Atlanta,30306,-84.35029117934629,33.78869065594214,33.7628,-84.422
Chipotle,GA,Augusta,30909,-82.08339027662579,33.47171189103108,33.3645,-82.0708
Chipotle,GA,Austell,30106,-84.6270361526318,33.836010403837186,,
Chipotle,GA,Braselton,30517,-83.79748126009164,34.13060813037377,34.1087,-83.8127
Chipotle,GA,Brunswick,31520,-81.49483583022177,31.180740855378787,31.1449,-81.4746
Chipotle,GA,Buford,30519,-83.94116329083592,34.087979905404495,34.1192,-83.9903
Chipotle,GA,Buford,30519,-83.94116329083592,34.087979905404495,34.1192,-83.9903
Chipotle,GA,Calhoun,30701,-84.95572416572097,34.496579817574485,34.491,-84.9386
Chipotle,GA,Canton,30115,-84.40074657438741,34.204061308966544,40.8078,-81.3676
Chipotle,GA,Carrollton,30117,-85.132406176604,33.58016137427881,32.989,-96.8999
Chipotle,GA,Cartersville,30121,-84.7766153189977,34.208392988492534,34.1644,-84.8009
Chipotle,GA,Chamblee,30341,-84.29042825901679,33.88786337312839,33.8842,-84.3007
Chipotle,GA,Columbus,31906,-84.94952777621478,32.467984792298296,39.9862,-82.9855
Chipotle,GA,Columbus,31909,-84.92156265063481,32.54484586946647,39.9862,-82.9855
Chipotle,GA,Commerce,30529,-83.4802518409234,34.21826631077167,33.9963,-118.1519
Chipotle,GA,Conyers,30013,-83.97193993303334,33.644191609012786,33.6646,-83.9966
Chipotle,GA,Covington,30014,-83.8204574065506,33.5782756330876,39.0334,-84.5166
Chipotle,GA,Cumming,30041,-84.09419021808243,34.2003942222192,,
Chipotle,GA,Dalton,30720,-85.0029134462334,34.73469625306881,34.769,-84.972
Chipotle,GA,Dawsonville,30534,-84.15075043753727,34.43886805879059,,
Chipotle,GA,Decatur,30030,-84.29207784713896,33.77131062873931,39.8557,-88.9342
Chipotle,GA,Decatur,30035,-84.20522408084098,33.72557272866619,39.8557,-88.9342
Chipotle,GA,Douglasville,30135,-84.74552777072454,33.67236078659097,33.7384,-84.7054
Chipotle,GA,Duluth,30097,-84.14708825070353,34.0259443984598,46.7756,-92.1393
Chipotle,GA,Duluth,30096,-84.14824108898554,33.976817083882196,46.7756,-92.1393
Chipotle,GA,Duluth,30097,-84.14708825070353,34.0259443984598,46.7756,-92.1393
Chipotle,GA,Dunwoody,30338,-84.31747910031542,33.94370279201897,33.9418,-84.3122
Chipotle,GA,Dunwoody,30350,-84.33348897524321,33.97914221135951,33.9418,-84.3122
Chipotle,GA,EVANS,30809,-82.16436445305706,33.555417289088396,,
Chipotle,GA,Ellijay,30540,-84.54403277319517,34.72432782586122,,
Chipotle,GA,Point,30344,-84.46024913327999,33.675156044315415,,
Chipotle,GA,BRANCH,30542,-83.9086148519217,34.17775181275617,,
Chipotle,GA,Fairburn,30213,-84.63727283995865,33.591467494998675,33.5496,-84.5914
Chipotle,GA,Fayetteville,30214,-84.4874112401563,33.49171627828363,36.0714,-94.1661
Chipotle,GA,Oglethorpe,30742,-85.24323932050423,34.95058304318932,,
Chipotle,GA,Gainesville,30501,-83.8161866388352,34.31853896780318,29.6804,-82.3459
Chipotle,GA,Gainesville,30501,-83.8161866388352,34.31853896780318,29.6804,-82.3459
Chipotle,GA,Grayson,30017,-83.96320166723764,33.89010605529022,,
Chipotle,GA,Griffin,30223,-84.27971782514471,33.2862886495271,33.2418,-84.2748
Chipotle,GA,HAMPTON,30228,-84.30542867305189,33.404489520382185,,
Chipotle,GA,Hinesville,31313,-81.61006104540745,31.837989978283364,31.8248,-81.6137
Chipotle,GA,Hiram,30141,-84.7717462292985,33.86264966729241,,
Chipotle,GA,Creek,30022,-84.24721790450248,34.03029828676836,,
Chipotle,GA,Kennesaw,30144,-84.59191602553555,34.0370719206797,34.026,-84.6177
Chipotle,GA,Kennesaw,30144,-84.59191602553555,34.0370719206797,34.026,-84.6177
Chipotle,GA,Kennesaw,30144,-84.59191602553555,34.0370719206797,34.026,-84.6177
Chipotle,GA,Lagrange,30241,-84.95161042904103,33.022220269023485,,
Chipotle,GA,Lawrenceville,30044,-84.06917396281936,33.9221659847355,33.9523,-83.9932
Chipotle,GA,Lawrenceville,30044,-84.06917396281936,33.9221659847355,33.9523,-83.9932
Chipotle,GA,Lawrenceville,30043,-84.00746866283708,34.003018044468085,33.9523,-83.9932
Chipotle,GA,Lilburn,30047,-84.1126731607532,33.87064593882247,33.8897,-84.1364
Chipotle,GA,Springs,30122,-84.63819490816861,33.76297883985855,41.0212,-72.1584
Chipotle,GA,Loganville,30052,-83.89468176460245,33.81580445420744,33.8353,-83.8958
Chipotle,GA,Mableton,30126,-84.55203824409726,33.81589821004998,33.8133,-84.5655
Chipotle,GA,Macon,31210,-83.73573359785715,32.90486945462445,32.8065,-83.6974
Chipotle,GA,Madison,30650,-83.47198844347388,33.58412868170404,43.0822,-89.393
Chipotle,GA,Marietta,30068,-84.43276426978873,33.96892049874114,33.9533,-84.5422
Chipotle,GA,Marietta,30067,-84.46151815422749,33.932419989282074,33.9533,-84.5422
Chipotle,GA,Marietta,30066,-84.50790592592128,34.03399602806759,33.9533,-84.5422
Chipotle,GA,Marietta,30062,-84.46983411860657,33.999696662216735,33.9533,-84.5422
Chipotle,GA,McDonough,30253,-84.18335763318602,33.448846389414335,33.4397,-84.1505
Chipotle,GA,McDonough,30253,-84.18335763318602,33.448846389414335,33.4397,-84.1505
Chipotle,GA,Milledgeville,31061,-83.2465836426649,33.07616055325758,33.0874,-83.2414
Chipotle,GA,Morrow,30260,-84.32923046216182,33.584860425685655,,
Chipotle,GA,Newnan,30265,-84.70671018984278,33.41789126267004,33.3767,-84.7761
Chipotle,GA,Norcross,30092,-84.23516429816372,33.971677874256,33.9379,-84.2065
Chipotle,GA,Norcross,30093,-84.17807540406464,33.909500137903244,33.9379,-84.2065
Chipotle,GA,City,30269,-84.57084095141285,33.39451333005101,,
Chipotle,GA,Pooler,31322,-81.25391202844887,32.1096370130986,32.1043,-81.2569
Chipotle,GA,Pooler,31322,-81.25391202844887,32.1096370130986,32.1043,-81.2569
Chipotle,GA,Hill,31324,-81.267440889481,31.85397251369322,,
Chipotle,GA,Rincon,31326,-81.22975295803354,32.29600817196525,32.2947,-81.2353
Chipotle,GA,Riverdale,30274,-84.40064206552432,33.553749265761546,33.5639,-84.4103
Chipotle,GA,Rome,30161,-85.17184354768378,34.237981393153554,34.2662,-85.1863
Chipotle,GA,Roswell,30076,-84.31762852494705,34.02842709249089,34.0391,-84.3513
Chipotle,GA,Springs,30328,-84.3857740198999,33.93214752222916,41.0212,-72.1584
Chipotle,GA,Savannah,31404,-81.0497839742095,32.054007905164575,32.0286,-81.1821
Chipotle,GA,Savannah,31406,-81.08488741111101,31.977925264366196,32.0286,-81.1821
Chipotle,GA,Smyrna,30080,-84.50111655341973,33.87136876036267,33.8633,-84.5168
Chipotle,GA,Snellville,30078,-84.01785346738356,33.861644451967926,33.8562,-84.0038
Chipotle,GA,Fulton,30331,-84.5438926676822,33.70635546788381,38.8551,-91.951
Chipotle,GA,Fulton,30349,-84.52591072242885,33.62357430119991,38.8551,-91.951
Chipotle,GA,Statesboro,30458,-81.82558510009683,32.39866740456303,32.4375,-81.7751
Chipotle,GA,Stockbridge,30281,-84.19491747299753,33.56350895045122,33.5254,-84.2295
Chipotle,GA,Suwanee,30024,-84.0907212304099,34.062397385181015,34.0508,-84.0686
Chipotle,GA,Tucker,30084,-84.21600905259918,33.854275243891045,33.8436,-84.2024
Chipotle,GA,Valdosta,31601,-83.34207389324784,30.75159101719902,30.8502,-83.2788
Chipotle,GA,Valdosta,31602,-83.3439230337704,30.869199861645846,30.8502,-83.2788
Chipotle,GA,Robins,31093,-83.65655795385217,32.647644890056476,,
Chipotle,GA,Waycross,31501,-82.35065605474944,31.22433425919249,31.2108,-82.3579
Chipotle,GA,Woodstock,30189,-84.5716540564134,34.12812374163549,34.1026,-84.5091
Chipotle,GA,Woodstock,30188,-84.45551770659472,34.11879617657185,34.1026,-84.5091
Chipotle,ID,Boise,83704,-116.28722293786598,43.627722095682756,43.6005,-116.2308
Chipotle,ID,Boise,83702,-116.16937071240858,43.67576026054028,43.6005,-116.2308
Chipotle,ID,Boise,83706,-116.19489726063037,43.59142982865787,43.6005,-116.2308
Chipotle,ID,Boise,83714,-116.27973655405395,43.731964482112176,43.6005,-116.2308
Chipotle,ID,Caldwell,83605,-116.65646835030847,43.66239964970928,43.6453,-116.6594
Chipotle,ID,Meridian,83646,-116.43065066498681,43.649790479359496,43.6116,-116.3977
Chipotle,ID,Meridian,83642,-116.40133983285095,43.57344764059126,43.6116,-116.3977
Chipotle,ID,Meridian,83646,-116.43065066498681,43.649790479359496,43.6116,-116.3977
Chipotle,ID,Nampa,83687,-116.52949921886042,43.60956384421577,43.5844,-116.5638
Chipotle,ID,Falls,83854,-116.97288083840687,47.7187076308644,40.1686,-74.7915
Chipotle,ID,Rexburg,83440,-111.82300630737836,43.815956847677185,43.8226,-111.7919
Chipotle,ID,Falls,83301,-114.52218413127211,42.39320368812112,40.1686,-74.7915
Chipotle,IL,Addison,60101,-88.01187068304654,41.93067391703899,41.9313,-88.0085
Chipotle,IL,Algonquin,60102,-88.30679006662756,42.1640477119917,42.1629,-88.3159
Chipotle,IL,Algonquin,60102,-88.30679006662756,42.1640477119917,42.1629,-88.3159
Chipotle,IL,Heights,60004,-87.9791568280757,42.1119853207411,,
Chipotle,IL,Aurora,60502,-88.25904524564115,41.79205558097721,39.7083,-104.7237
Chipotle,IL,Aurora,60506,-88.36502699616113,41.76526247352733,39.7083,-104.7237
Chipotle,IL,Aurora,60502,-88.25904524564115,41.79205558097721,39.7083,-104.7237
Chipotle,IL,Aurora,60504,-88.23847228281942,41.746367134975706,39.7083,-104.7237
Chipotle,IL,Barrington,60010,-88.1634929321617,42.15231588294697,41.7443,-71.3145
Chipotle,IL,Batavia,60510,-88.3055143977424,41.84210493749285,41.8479,-88.3109
Chipotle,IL,Berwyn,60402,-87.79141447242806,41.83472791493233,41.8433,-87.7909
Chipotle,IL,Bloomingdale,60108,-88.09180301391714,41.949291091221106,27.8784,-82.2624
Chipotle,IL,Bloomingdale,60108,-88.09180301391714,41.949291091221106,27.8784,-82.2624
Chipotle,IL,Bloomington,61704,-88.94332522087598,40.470486741807946,40.4757,-88.9703
Chipotle,IL,Bolingbrook,60490,-88.14440855780053,41.674761080268965,41.6901,-88.1021
Chipotle,IL,Bolingbrook,60440,-88.07508460236411,41.70025000766016,41.6901,-88.1021
Chipotle,IL,Bourbonnais,60914,-87.86196369843461,41.18672228598825,41.183,-87.8784
Chipotle,IL,Bridgeview,60455,-87.80865233331458,41.7420976813958,41.7403,-87.8067
Chipotle,IL,Champaign,61820,-88.24350222328968,40.10890556452151,40.1142,-88.2737
Chipotle,IL,Champaign,61821,-88.2750471715411,40.10958184915323,40.1142,-88.2737
Chipotle,IL,Chicago,60604,-87.62845993974335,41.878095500694926,41.8375,-87.6866
Chipotle,IL,Chicago,60603,-87.62550976274485,41.88018799383719,41.8375,-87.6866
Chipotle,IL,Chicago,60657,-87.64925572789521,41.94033100858747,41.8375,-87.6866
Chipotle,IL,Chicago,60613,-87.65435548054394,41.956893302995766,41.8375,-87.6866
Chipotle,IL,Chicago,60611,-87.61426108729951,41.893852147163884,41.8375,-87.6866
Chipotle,IL,Chicago,60607,-87.65158943646632,41.87492495360699,41.8375,-87.6866
Chipotle,IL,Chicago,60605,-87.61682112415414,41.868149916541896,41.8375,-87.6866
Chipotle,IL,Chicago,60610,-87.63204061838474,41.906970236181145,41.8375,-87.6866
Chipotle,IL,Chicago,60615,-87.59655858388567,41.80236455779632,41.8375,-87.6866
Chipotle,IL,Chicago,60611,-87.61426108729951,41.893852147163884,41.8375,-87.6866
Chipotle,IL,Chicago,60647,-87.7017494838259,41.92072769559,41.8375,-87.6866
Chipotle,IL,Chicago,60647,-87.7017494838259,41.92072769559,41.8375,-87.6866
Chipotle,IL,Chicago,60614,-87.64964889919189,41.92276384312978,41.8375,-87.6866
Chipotle,IL,Chicago,60610,-87.63204061838474,41.906970236181145,41.8375,-87.6866
Chipotle,IL,Chicago,60606,-87.63735145603125,41.882070547272605,41.8375,-87.6866
Chipotle,IL,Chicago,60643,-87.66278660959027,41.69958945039656,41.8375,-87.6866
Chipotle,IL,Chicago,60606,-87.63735145603125,41.882070547272605,41.8375,-87.6866
Chipotle,IL,Chicago,60614,-87.64964889919189,41.92276384312978,41.8375,-87.6866
Chipotle,IL,Chicago,60639,-87.75605410314358,41.92055201560761,41.8375,-87.6866
Chipotle,IL,Chicago,60647,-87.7017494838259,41.92072769559,41.8375,-87.6866
Chipotle,IL,Chicago,60657,-87.64925572789521,41.94033100858747,41.8375,-87.6866
Chipotle,IL,Chicago,60611,-87.61426108729951,41.893852147163884,41.8375,-87.6866
Chipotle,IL,Chicago,60659,-87.70405593900391,41.99114621317092,41.8375,-87.6866
Chipotle,IL,Chicago,60606,-87.63735145603125,41.882070547272605,41.8375,-87.6866
Chipotle,IL,Chicago,60608,-87.67139985218088,41.848740193889,41.8375,-87.6866
Chipotle,IL,Chicago,60601,-87.6220635700897,41.88528523136448,41.8375,-87.6866
Chipotle,IL,Chicago,60618,-87.70254829749322,41.94696095316243,41.8375,-87.6866
Chipotle,IL,Chicago,60618,-87.70254829749322,41.94696095316243,41.8375,-87.6866
Chipotle,IL,Chicago,60620,-87.65251816139221,41.740815665104634,41.8375,-87.6866
Chipotle,IL,Chicago,60641,-87.74678675474802,41.946606202484915,41.8375,-87.6866
Chipotle,IL,Chicago,60630,-87.75711917849637,41.97211990635078,41.8375,-87.6866
Chipotle,IL,Chicago,60640,-87.66135522475841,41.972673964714545,41.8375,-87.6866
Chipotle,IL,Chicago,60661,-87.64409932063991,41.88302774391605,41.8375,-87.6866
Chipotle,IL,Chicago,60632,-87.71333414995226,41.81137057415015,41.8375,-87.6866
Chipotle,IL,Chicago,60638,-87.77051886961898,41.78143264685466,41.8375,-87.6866
Chipotle,IL,Chicago,60654,-87.63725908348005,41.89227718409998,41.8375,-87.6866
Chipotle,IL,Chicago,60614,-87.64964889919189,41.92276384312978,41.8375,-87.6866
Chipotle,IL,Chicago,60626,-87.6669274703476,42.00982361517519,41.8375,-87.6866
Chipotle,IL,Chicago,60612,-87.68774265080452,41.88031290743506,41.8375,-87.6866
Chipotle,IL,Chicago,60652,-87.7147959011066,41.747931606353006,41.8375,-87.6866
Chipotle,IL,Chicago,60602,-87.62914845044855,41.88307288187778,41.8375,-87.6866
Chipotle,IL,Chicago,60621,-87.63957122269964,41.77638315900862,41.8375,-87.6866
Chipotle,IL,Cicero,60804,-87.76017352291537,41.837804899582736,41.8445,-87.7593
Chipotle,IL,Countryside,60525,-87.86892645773176,41.78423583403485,39.0518,-77.4124
Chipotle,IL,Crestwood,60418,,,38.5569,-90.3783
Chipotle,IL,Lake,60014,-88.32728524995748,42.23202605076852,,
Chipotle,IL,Decatur,62526,-88.98791219496289,39.90149576076528,39.8557,-88.9342
Chipotle,IL,Deerfield,60015,-87.87477401780704,42.17249497611834,42.1654,-87.8516
Chipotle,IL,Dekalb,60115,-88.75479238482275,41.90082366802988,,
Chipotle,IL,Dekalb,60115,-88.75479238482275,41.90082366802988,,
Chipotle,IL,Plaines,60018,-87.89696919933174,41.99746826266345,,
Chipotle,IL,Dixon,61021,-89.47909106654136,41.829668347794964,38.4469,-121.825
Chipotle,IL,Grove,60515,-88.02291823229663,41.80957300361425,,
Chipotle,IL,Grove,60515,-88.02291823229663,41.80957300361425,,
Chipotle,IL,Peoria,61611,-89.53562689356608,40.71058563384714,40.752,-89.6154
Chipotle,IL,Edwardsville,62025,-89.93324810776049,38.830555158839864,38.7922,-89.9874
Chipotle,IL,Effingham,62401,-88.56417398015016,39.119501794099584,39.1205,-88.5509
Chipotle,IL,Elgin,60124,-88.39711366936321,42.025824680198184,42.0383,-88.324
Chipotle,IL,Village,60007,-87.99305941472396,42.0075698386473,,
Chipotle,IL,Elmhurst,60126,-87.94206201172561,41.89648758040416,41.8973,-87.9432
Chipotle,IL,Elmhurst,60126,-87.94206201172561,41.89648758040416,41.8973,-87.9432
Chipotle,IL,Evanston,60201,-87.69212969236071,42.05637705255478,42.0464,-87.6943
Chipotle,IL,Park,60805,-87.7024458909687,41.72200183973631,,
Chipotle,IL,Heights,62208,-90.00454957800206,38.59626201721411,,
Chipotle,IL,Park,60130,-87.81739564034751,41.866434405197424,,
Chipotle,IL,Frankfort,60423,-87.83790644344985,41.4795691303566,38.1924,-84.8643
Chipotle,IL,Park,60131,-87.88428141630266,41.938762038624446,,
Chipotle,IL,Galesburg,61401,-90.38466230325146,40.94471053219821,40.9506,-90.3763
Chipotle,IL,Ellyn,60137,-88.06185501744875,41.86509829718397,,
Chipotle,IL,Glenview,60025,-87.82038298754865,42.07541547824213,42.0825,-87.8214
Chipotle,IL,Glenview,60062,-87.84438480393321,42.126556882791675,42.0825,-87.8214
Chipotle,IL,Grayslake,60030,-88.04461873397258,42.33668677528588,42.3405,-88.0338
Chipotle,IL,Gurnee,60031,-87.94110329123951,42.3750566633542,42.3708,-87.9392
Chipotle,IL,Estates,60169,-88.11663884665491,42.050375009192166,,
Chipotle,IL,Estates,60192,-88.18228908236556,42.07368303219457,,
Chipotle,IL,Glen,60491,-87.95989740592435,41.60275806296929,,
Chipotle,IL,Homewood,60430,-87.66474881335118,41.55765835267854,33.4619,-86.809
Chipotle,IL,Huntley,60142,-88.44254886762938,42.17562609521642,42.1599,-88.433
Chipotle,IL,Joliet,60435,-88.12989071546184,41.54541079147893,41.5188,-88.1499
Chipotle,IL,Joliet,60435,-88.12989071546184,41.54541079147893,41.5188,-88.1499
Chipotle,IL,Kildeer,60047,-88.04545179695631,42.20224102095215,,
Chipotle,IL,Grange,60525,-87.86892645773176,41.78423583403485,,
Chipotle,IL,Bluff,60044,-87.86114686158025,42.285694935331996,,
Chipotle,IL,Zurich,60047,-88.04545179695631,42.20224102095215,,
Chipotle,IL,Lakemoor,60051,-88.22930955665429,42.35414744944552,,
Chipotle,IL,Lansing,60438,-87.55086294305055,41.56662140677513,42.7142,-84.5601
Chipotle,IL,Libertyville,60048,-87.94979956124232,42.29524144750022,42.287,-87.967
Chipotle,IL,Lincolnshire,60069,-87.92608437974383,42.19761809592672,,
Chipotle,IL,Lockport,60441,-88.05079912174993,41.59297228483298,41.5906,-88.0293
Chipotle,IL,Park,61111,-89.0035719005349,42.33535694652322,,
Chipotle,IL,Park,61115,-89.02883177331859,42.3637384943259,,
Chipotle,IL,Macomb,61455,-90.65452449250047,40.43534276637406,40.4709,-90.6807
Chipotle,IL,Marion,62959,-88.90775072079869,37.71804358491165,42.0451,-91.585
Chipotle,IL,Matteson,60443,-87.74674913684994,41.503725299903294,41.5095,-87.7468
Chipotle,IL,Mattoon,61938,-88.37427388850718,39.483850451811975,39.4774,-88.3623
Chipotle,IL,McHenry,60051,-88.22930955665429,42.35414744944552,42.3387,-88.2932
Chipotle,IL,Park,60160,-87.8606632328927,41.9041434324683,,
Chipotle,IL,Minooka,60447,-88.3242113652183,41.48821056872145,41.4507,-88.2791
Chipotle,IL,Mokena,60448,-87.89376132088276,41.537703407588964,41.5327,-87.8781
Chipotle,IL,Moline,61265,-90.49027793005881,41.48202471713049,41.4821,-90.492
Chipotle,IL,Grove,60053,-87.78894819223608,42.042335814219065,,
Chipotle,IL,Prospect,60056,-87.93435409836488,42.06653337879365,,
Chipotle,IL,Mundelein,60060,-88.0397379800796,42.26990439821887,42.2693,-88.0102
Chipotle,IL,Naperville,60540,-88.1451452184869,41.76364697616903,41.748,-88.1659
Chipotle,IL,Naperville,60563,-88.17025350666415,41.799697144525425,41.748,-88.1659
Chipotle,IL,Naperville,60540,-88.1451452184869,41.76364697616903,41.748,-88.1659
Chipotle,IL,Naperville,60564,-88.19855994234065,41.70821692122106,41.748,-88.1659
Chipotle,IL,Lenox,60451,-87.96076020536148,41.50693385518845,43.1113,-75.7582
Chipotle,IL,Niles,60714,-87.81097569627579,42.028062507161884,42.0278,-87.8099
Chipotle,IL,Normal,61761,-88.95856427829658,40.529572233962156,40.5217,-88.9884
Chipotle,IL,Normal,61761,-88.95856427829658,40.529572233962156,40.5217,-88.9884
Chipotle,IL,Norridge,60706,-87.81624216762982,41.96425687245225,41.9637,-87.8231
Chipotle,IL,Northbrook,60062,-87.84438480393321,42.126556882791675,42.1292,-87.8352
Chipotle,IL,Brook,60523,-87.95403726322361,41.83707153877326,,
Chipotle,IL,Lawn,60453,-87.75282172050785,41.714268647923184,,
Chipotle,IL,Lawn,60453,-87.75282172050785,41.714268647923184,,
Chipotle,IL,Park,60301,-87.79893738372435,41.88856037094192,,
Chipotle,IL,Terrace,60181,-87.9763234233181,41.878193544583056,,
Chipotle,IL,Park,60462,-87.83241880349064,41.62488120771525,,
Chipotle,IL,Oswego,60543,-88.32320702862944,41.66526404087095,41.6834,-88.3372
Chipotle,IL,Palatine,60074,-88.02657586715917,42.13153022386619,42.118,-88.043
Chipotle,IL,Ridge,60068,-87.84356297263778,42.012519852268134,40.9068,-72.8816
Chipotle,IL,Peoria,61615,-89.64587168868013,40.774265514515726,40.752,-89.6154
Chipotle,IL,Peru,61354,-89.14281699217231,41.32786144934399,40.7593,-86.0756
Chipotle,IL,Plainfield,60585,-88.22413692050841,41.659332448132076,40.6154,-74.4157
Chipotle,IL,Rockford,61108,-89.00399557478387,42.25479309551715,42.2596,-89.064
Chipotle,IL,Meadows,60008,-88.0226699566745,42.074455791319174,,
Chipotle,IL,Romeoville,60446,-88.10457080572796,41.63181440443355,41.6318,-88.0997
Chipotle,IL,Rosemont,60018,-87.89696919933174,41.99746826266345,38.5478,-121.3553
Chipotle,IL,Beach,60073,-88.10982777441804,42.34811328230768,,
Chipotle,IL,Charles,60174,-88.29935280464177,41.9272596895999,,
Chipotle,IL,Charles,60174,-88.29935280464177,41.9272596895999,,
Chipotle,IL,Schaumburg,60194,-88.11141119063552,42.033639531806216,42.0308,-88.0838
Chipotle,IL,Schaumburg,60173,-88.05194534205184,42.051597094027485,42.0308,-88.0838
Chipotle,IL,Skokie,60076,-87.72992942308589,42.0352620187987,42.036,-87.74
Chipotle,IL,Skokie,60077,-87.75718672131791,42.03475060719214,42.036,-87.74
Chipotle,IL,Skokie,60077,-87.75718672131791,42.03475060719214,42.036,-87.74
Chipotle,IL,Elgin,60177,-88.30993650392507,41.98990301351362,42.0383,-88.324
Chipotle,IL,Holland,60473,-87.59981739930681,41.59739436128044,42.7677,-86.0984
Chipotle,IL,Springfield,62702,-89.64169182261041,39.824013846068105,42.1155,-72.5395
Chipotle,IL,Springfield,62704,-89.68515448687386,39.773941951937864,42.1155,-72.5395
Chipotle,IL,Streamwood,60107,-88.17926569228867,42.02216551276642,42.0209,-88.1779
Chipotle,IL,Park,60477,-87.7886891522082,41.572537088556004,,
Chipotle,IL,Park,60487,-87.83424224618211,41.56357757240552,,
Chipotle,IL,Hills,60061,-87.96070621568154,42.23374619747462,,
Chipotle,IL,Park,60181,-87.9763234233181,41.878193544583056,,
Chipotle,IL,Warrenville,60555,-88.18133764834819,41.82272911578482,41.8209,-88.1857
Chipotle,IL,Waukegan,60085,-87.8653243854351,42.354143555643184,42.3698,-87.8716
Chipotle,IL,Waukegan,60085,-87.8653243854351,42.354143555643184,42.3698,-87.8716
Chipotle,IL,Dundee,60118,-88.30524269249628,42.10669567618787,,
Chipotle,IL,Westmont,60559,-87.97481650219629,41.794039942399145,33.9417,-118.3018
Chipotle,IL,Wheaton,60189,-88.11785678222309,41.83976906693928,41.8561,-88.1085
Chipotle,IL,Wheaton,60187,-88.11227369626859,41.87241687432797,41.8561,-88.1085
Chipotle,IL,Wheeling,60090,-87.92194027556855,42.1294817638123,42.1308,-87.924
Chipotle,IL,Willowbrook,60527,-87.93335822560827,41.74464208037858,33.9209,-118.2356
Chipotle,IL,Woodstock,60098,-88.45787784205422,42.325176080797796,34.1026,-84.5091
Chipotle,IL,Yorkville,60560,-88.42970084226195,41.608020757447484,41.6563,-88.4507
Chipotle,IN,Anderson,46013,-85.67829446519463,40.049100467075284,40.0891,-85.6892
Chipotle,IN,Auburn,46706,-85.0393798297424,41.34276207858919,32.6087,-85.4903
Chipotle,IN,Aurora,47001,-84.96835818084253,39.066647493979,39.7083,-104.7237
Chipotle,IN,Avon,46123,-86.39962628286732,39.762900249313994,41.4485,-82.0187
Chipotle,IN,Bloomington,47401,-86.45153416349112,39.085925796674324,40.4757,-88.9703
Chipotle,IN,Bloomington,47404,-86.58966708901904,39.21963497604108,40.4757,-88.9703
Chipotle,IN,Bloomington,47408,-86.46452821202047,39.22994688475395,40.4757,-88.9703
Chipotle,IN,Brownsburg,46112,-86.38260249683077,39.86504217375337,39.8337,-86.383
Chipotle,IN,Camby,46113,-86.30534402769209,39.632819550945435,,
Chipotle,IN,Carmel,46032,-86.17109790946911,39.96582648943084,39.965,-86.146
Chipotle,IN,Carmel,46032,-86.17109790946911,39.96582648943084,39.965,-86.146
Chipotle,IN,Carmel,46033,-86.0854295437347,39.97889557900054,39.965,-86.146
Chipotle,IN,Chesterton,46304,-87.04693111714946,41.614300892925016,41.5997,-87.055
Chipotle,IN,Columbus,47201,-85.99068815573301,39.15770622568252,39.9862,-82.9855
Chipotle,IN,Point,46307,-87.32767307715712,41.4025799812422,,
Chipotle,IN,Point,46307,-87.32767307715712,41.4025799812422,,
Chipotle,IN,Dyer,46311,-87.50898639246331,41.46528360832011,41.4977,-87.509
Chipotle,IN,Elkhart,46514,-85.9746562984237,41.72348144768889,41.6916,-85.9627
Chipotle,IN,Evansville,47715,-87.48420457441969,37.969989261785535,37.9881,-87.5341
Chipotle,IN,Evansville,47715,-87.48420457441969,37.969989261785535,37.9881,-87.5341
Chipotle,IN,Evansville,47712,-87.6604248398606,37.92895442869399,37.9881,-87.5341
Chipotle,IN,Evansville,47715,-87.48420457441969,37.969989261785535,37.9881,-87.5341
Chipotle,IN,Fishers,46037,-85.94719610984029,39.960316581466145,39.9588,-85.9659
Chipotle,IN,Wayne,46804,-85.24062584197677,41.051224565949255,40.9481,-74.2453
Chipotle,IN,Wayne,46825,-85.1254039537103,41.15298714827244,40.9481,-74.2453
Chipotle,IN,Wayne,46818,-85.25014393446533,41.14786612991275,40.9481,-74.2453
Chipotle,IN,Wayne,46805,-85.11748593656316,41.09931592124149,40.9481,-74.2453
Chipotle,IN,Goshen,46526,-85.88344617400824,41.55314518678587,41.5743,-85.8309
Chipotle,IN,Greenfield,46140,-85.77068057358473,39.803370955271355,42.9619,-88.0052
Chipotle,IN,Highland,46322,-87.4587951067318,41.54826542664049,34.1113,-117.165
Chipotle,IN,Indianapolis,46220,-86.10818182500913,39.8677528130542,39.7771,-86.1458
Chipotle,IN,Indianapolis,46240,-86.12372302760483,39.90690046388852,39.7771,-86.1458
Chipotle,IN,Indianapolis,46268,-86.23334619438864,39.8993348093665,39.7771,-86.1458
Chipotle,IN,Indianapolis,46240,-86.12372302760483,39.90690046388852,39.7771,-86.1458
Chipotle,IN,Indianapolis,46203,-86.09694258857729,39.737605752450804,39.7771,-86.1458
Chipotle,IN,Indianapolis,46250,-86.06810406992669,39.904104149576426,39.7771,-86.1458
Chipotle,IN,Indianapolis,46204,-86.15695953460218,39.7715586459728,39.7771,-86.1458
Chipotle,IN,Indianapolis,46202,-86.1633338445798,39.78411819804967,39.7771,-86.1458
Chipotle,IN,Indianapolis,46220,-86.10818182500913,39.8677528130542,39.7771,-86.1458
Chipotle,IN,Indianapolis,46237,-86.07571184553818,39.672969352302715,39.7771,-86.1458
Chipotle,IN,Indianapolis,46227,-86.13146231539618,39.67613612084923,39.7771,-86.1458
Chipotle,IN,Jeffersonville,47130,-85.69713707165769,38.33520567123344,38.3376,-85.7026
Chipotle,IN,Kokomo,46902,-86.0953971733604,40.437941938595785,40.464,-86.1277
Chipotle,IN,Kokomo,46902,-86.0953971733604,40.437941938595785,40.464,-86.1277
Chipotle,IN,Porte,46350,-86.72155604146054,41.60735402285254,,
Chipotle,IN,Lafayette,47909,-86.90075023981555,40.3234690401197,30.2082,-92.0325
Chipotle,IN,Lafayette,47905,-86.76596476532083,40.420409284474935,30.2082,-92.0325
Chipotle,IN,Lebanon,46052,-86.45986339901631,40.044811439001066,40.3412,-76.4228
Chipotle,IN,Merrillville,46410,-87.33361399566513,41.481202329384324,41.4728,-87.3196
Chipotle,IN,City,46360,-86.86941768206434,41.688373992547575,,
Chipotle,IN,Mishawaka,46544,-86.1389182959944,41.61691903598352,41.6742,-86.1666
Chipotle,IN,Mishawaka,46545,-86.14641791948556,41.692985239871355,41.6742,-86.1666
Chipotle,IN,Muncie,47303,-85.37801531988586,40.27158686899712,40.1989,-85.395
Chipotle,IN,Munster,46321,-87.50403914720638,41.54690499224061,41.5468,-87.504
Chipotle,IN,Albany,47150,-85.84659549430836,38.2883521267784,42.6664,-73.7987
Chipotle,IN,Noblesville,46060,-85.93087989749695,40.06598907424916,40.0355,-86.0042
Chipotle,IN,Noblesville,46062,-86.0554500980202,40.06174667830485,40.0355,-86.0042
Chipotle,IN,Plainfield,46168,-86.3918659564999,39.689286490458386,40.6154,-74.4157
Chipotle,IN,Portage,46368,-87.18093935370395,41.59099616792722,42.2,-85.5906
Chipotle,IN,Richmond,47374,-84.88913987454973,39.83161792867377,37.5295,-77.4756
Chipotle,IN,Richmond,47374,-84.88913987454973,39.83161792867377,37.5295,-77.4756
Chipotle,IN,John,46373,-87.46882656623366,41.44749893929547,,
Chipotle,IN,Bend,46617,-86.23487908020986,41.68443283782013,44.0563,-121.3095
Chipotle,IN,Bend,46614,-86.27870591885012,41.60335684728169,44.0563,-121.3095
Chipotle,IN,Bend,46637,-86.24158715185465,41.733919324573364,44.0563,-121.3095
Chipotle,IN,Speedway,46224,-86.25629525168875,39.79546406754448,39.7937,-86.2481
Chipotle,IN,Valparaiso,46383,-87.00336735178706,41.45912751962666,41.4783,-87.0506
Chipotle,IN,Lafayette,47906,-86.98646603330157,40.48691743419702,30.2082,-92.0325
Chipotle,IN,Lafayette,47906,-86.98646603330157,40.48691743419702,30.2082,-92.0325
Chipotle,IN,Westfield,46074,-86.17578196124872,40.03627407381999,40.0341,-86.1529
Chipotle,IA,Ames,50010,-93.5882867394031,42.033606938807935,42.0256,-93.6217
Chipotle,IA,Ankeny,50021,-93.56816715489882,41.72118952164325,41.7288,-93.6031
Chipotle,IA,Rapids,52402,-91.65976160866965,42.02279784149439,,
Chipotle,IA,Coralville,52241,-91.59479632474434,41.69869738804071,41.699,-91.5967
Chipotle,IA,Davenport,52806,-90.62589058224589,41.58969336913479,41.5565,-90.6053
Chipotle,IA,Davenport,52807,-90.51682979273197,41.61069800664941,41.5565,-90.6053
Chipotle,IA,Moines,50310,-93.6732236291343,41.62780322699799,,
Chipotle,IA,Dubuque,52003,-90.67520273225703,42.43438760143733,42.5002,-90.707
Chipotle,IA,Grimes,50111,-93.8042938985529,41.69180030392358,41.6779,-93.7947
Chipotle,IA,City,52240,-91.50164268081582,41.63547343473011,,
Chipotle,IA,City,51106,-96.32080083123208,42.46617653779731,,
Chipotle,IA,Waukee,50263,-93.87240917826196,41.59564434577733,41.5985,-93.8869
Chipotle,IA,Moines,50266,-93.79938555008522,41.56938324781488,,
Chipotle,IA,Moines,50266,-93.79938555008522,41.56938324781488,,
Chipotle,KS,Derby,67037,-97.21977173862359,37.56440275458374,37.5571,-97.2551
Chipotle,KS,City,66111,-94.79519398460953,39.08384349534046,,
Chipotle,KS,City,66112,-94.77359268083205,39.11452302224657,,
Chipotle,KS,Lawrence,66046,-95.21354142238577,38.90777906293819,38.9597,-95.2642
Chipotle,KS,Lawrence,66049,-95.34464616455367,38.98238356511553,38.9597,-95.2642
Chipotle,KS,Lawrence,66044,-95.20855411347902,39.02892551716442,38.9597,-95.2642
Chipotle,KS,Leawood,66209,-94.63873255204807,38.89909712680464,38.9075,-94.6258
Chipotle,KS,Lenexa,66215,-94.7429606338183,38.956967305281374,38.9609,-94.8018
Chipotle,KS,Lenexa,66219,-94.77629128696283,38.952218599929644,38.9609,-94.8018
Chipotle,KS,Manhattan,66502,-96.53127212535885,39.1512481028955,40.7834,-73.9662
Chipotle,KS,Mission,66202,-94.66914155598378,39.023927797536,26.2039,-98.3256
Chipotle,KS,Mission,66202,-94.66914155598378,39.023927797536,26.2039,-98.3256
Chipotle,KS,Olathe,66062,-94.77798065696702,38.834543443474814,38.8833,-94.82
Chipotle,KS,Olathe,66062,-94.77798065696702,38.834543443474814,38.8833,-94.82
Chipotle,KS,Olathe,66062,-94.77798065696702,38.834543443474814,38.8833,-94.82
Chipotle,KS,Olathe,66061,-94.87958078351183,38.89665539703037,38.8833,-94.82
Chipotle,KS,Olathe,66061,-94.87958078351183,38.89665539703037,38.8833,-94.82
Chipotle,KS,Olathe,66062,-94.77798065696702,38.834543443474814,38.8833,-94.82
Chipotle,KS,Park,66214,-94.71416533845702,38.96381028206219,,
Chipotle,KS,Park,66212,-94.68146537339346,38.95634842279936,,
Chipotle,KS,Park,66223,-94.66820497173258,38.862817946825366,,
Chipotle,KS,Park,66223,-94.66820497173258,38.862817946825366,,
Chipotle,KS,Park,66210,-94.70494501747476,38.923701255651046,,
Chipotle,KS,Village,66208,-94.62950818977323,38.99933217669463,,
Chipotle,KS,Salina,67401,-97.64580184647626,38.83402682385248,38.8136,-97.6143
Chipotle,KS,Shawnee,66203,-94.70548987258746,39.02153170635834,39.0158,-94.8076
Chipotle,KS,Shawnee,66217,-94.78203950205918,39.00909977310506,39.0158,-94.8076
Chipotle,KS,Shawnee,66226,-94.86004841110146,39.030573025258754,39.0158,-94.8076
Chipotle,KS,Topeka,66605,-95.63352038374279,39.011714834828815,39.0346,-95.6955
Chipotle,KS,Topeka,66608,-95.66444872002604,39.080335275106485,39.0346,-95.6955
Chipotle,KS,Topeka,66604,-95.72661627019842,39.038882868139844,39.0346,-95.6955
Chipotle,KS,Wichita,67203,-97.36493955674906,37.70405261294625,37.6895,-97.3443
Chipotle,KS,Wichita,67205,-97.42252969651136,37.749909354283055,37.6895,-97.3443
Chipotle,KS,Wichita,67217,-97.36277210025175,37.6154869624473,37.6895,-97.3443
Chipotle,KS,Wichita,67226,-97.21528328212511,37.77329860989691,37.6895,-97.3443
Chipotle,KS,Wichita,67226,-97.21528328212511,37.77329860989691,37.6895,-97.3443
Chipotle,KS,Wichita,67214,-97.3178701071302,37.70722060736122,37.6895,-97.3443
Chipotle,KS,Wichita,67207,-97.22772336992807,37.66640727669243,37.6895,-97.3443
Chipotle,KS,Wichita,67209,-97.43536210213719,37.66278688127079,37.6895,-97.3443
Chipotle,KY,Alexandria,41001,-84.40264183466695,38.91489724150273,38.8185,-77.0861
Chipotle,KY,Green,42101,-86.47617927508604,37.06377473250131,40.9483,-81.4757
Chipotle,KY,Green,42104,-86.45125336992169,36.87837679869545,40.9483,-81.4757
Chipotle,KY,Burlington,41005,-84.76743392494515,39.00809155079679,36.076,-79.4685
Chipotle,KY,Covington,41011,-84.52951068468113,39.06806987238311,39.0334,-84.5166
Chipotle,KY,Springs,41017,-84.56147175830766,39.02886226560813,41.0212,-72.1584
Chipotle,KY,Erlanger,41018,-84.60288086982176,39.01561502352032,39.0109,-84.5864
Chipotle,KY,Florence,41042,-84.65283554908886,39.00116214058493,34.178,-79.7898
Chipotle,KY,Florence,41042,-84.65283554908886,39.00116214058493,34.178,-79.7898
Chipotle,KY,Florence,41042,-84.65283554908886,39.00116214058493,34.178,-79.7898
Chipotle,KY,Mitchell,41017,-84.56147175830766,39.02886226560813,43.7294,-98.0337
Chipotle,KY,Hebron,41048,-84.70714551407991,39.09500221850798,,
Chipotle,KY,Heights,41076,-84.4359376362181,39.01778198237268,,
Chipotle,KY,Hopkinsville,42240,-87.46233580795318,36.878852556654856,36.8381,-87.4775
Chipotle,KY,Independence,41051,-84.54503383973565,38.93400453053567,39.0871,-94.3501
Chipotle,KY,Lexington,40511,-84.4780484185117,38.13369271281866,38.0423,-84.4587
Chipotle,KY,Lexington,40509,-84.3761908418284,37.99784378323095,38.0423,-84.4587
Chipotle,KY,Lexington,40509,-84.3761908418284,37.99784378323095,38.0423,-84.4587
Chipotle,KY,Lexington,40503,-84.53423911674172,38.00468950211237,38.0423,-84.4587
Chipotle,KY,Lexington,40509,-84.3761908418284,37.99784378323095,38.0423,-84.4587
Chipotle,KY,Lexington,40508,-84.50112008151012,38.05003493762479,38.0423,-84.4587
Chipotle,KY,Lexington,40503,-84.53423911674172,38.00468950211237,38.0423,-84.4587
Chipotle,KY,Lexington,40513,-84.60642338687286,38.015934252776084,38.0423,-84.4587
Chipotle,KY,Louisville,40241,-85.57580978100142,38.30162920289219,38.1663,-85.6485
Chipotle,KY,Louisville,40204,-85.7209034258126,38.23914950851164,38.1663,-85.6485
Chipotle,KY,Louisville,40223,-85.54182829976969,38.259939821337326,38.1663,-85.6485
Chipotle,KY,Louisville,40202,-85.75347274019676,38.25711190973964,38.1663,-85.6485
Chipotle,KY,Louisville,40222,-85.62037829564905,38.27130999589775,38.1663,-85.6485
Chipotle,KY,Louisville,40291,-85.57807022762711,38.129088065723494,38.1663,-85.6485
Chipotle,KY,Newport,41071,-84.4828094316526,39.073890802831826,41.4801,-71.3203
Chipotle,KY,Owensboro,42301,-87.2461069665292,37.740374545079796,37.7575,-87.1172
Chipotle,KY,Union,41091,-84.73996090855263,38.918632631592004,40.6953,-74.2697
Chipotle,KY,Versailles,40383,-84.7398748052819,38.01263181626375,38.0486,-84.7258
Chipotle,KY,Walton,41094,-84.62523433551597,38.883978172980115,,
Chipotle,LA,Rouge,70802,-91.17750815093696,30.44381170191045,,
Chipotle,LA,Rouge,70809,-91.07110200980635,30.39381219828108,,
Chipotle,LA,City,71111,-93.70305369508604,32.581569510416145,,
Chipotle,LA,Covington,70433,-90.13838303926823,30.463282605527667,39.0334,-84.5166
Chipotle,LA,Gonzales,70737,-90.92221683216655,30.22513616423012,30.2132,-90.9234
Chipotle,LA,Hammond,70403,-90.48387779369375,30.48002188338198,41.6168,-87.4909
Chipotle,LA,Harahan,70123,-90.20508773047847,29.95087943560027,29.9374,-90.2031
Chipotle,LA,Lafayette,70508,-92.0286041434268,30.15553047151339,30.2082,-92.0325
Chipotle,LA,Mandeville,70471,-90.06230849118269,30.407174944772127,30.3751,-90.0904
Chipotle,LA,Metairie,70002,-90.16220463793648,30.010532855636555,29.9977,-90.178
Chipotle,LA,Metairie,70003,-90.21397473433147,29.998616612426048,29.9977,-90.178
Chipotle,LA,Orleans,70115,-90.10194830653872,29.923913420588537,,
Chipotle,LA,Shreveport,71105,-93.70964315284621,32.45669980646182,32.4653,-93.7955
Chipotle,LA,Slidell,70458,-89.79440213233157,30.258670490438192,30.2887,-89.7828
Chipotle,ME,Auburn,04210,-70.24925258363511,44.08506107790297,32.6087,-85.4903
Chipotle,ME,Bangor,04401,-68.84473305579668,44.84922806788442,44.8323,-68.7906
Chipotle,ME,Portland,04101,-70.25726698579147,43.66266105798378,45.5371,-122.65
Chipotle,ME,Saco,04072,-70.45771213030065,43.535652922119965,43.539,-70.4624
Chipotle,ME,Portland,04106,-70.28592233451975,43.63152578405755,45.5371,-122.65
Chipotle,ME,Westbrook,04092,-70.3539008234694,43.695334285059836,43.6954,-70.3539
Chipotle,ME,Windham,04062,-70.40447421532467,43.79746368916695,43.7981,-70.4056
Chipotle,MD,Annapolis,21401,-76.55011627376656,38.989811105923536,38.9706,-76.5047
Chipotle,MD,Annapolis,21401,-76.55011627376656,38.989811105923536,38.9706,-76.5047
Chipotle,MD,Hill,20906,-77.05664263999336,39.08673367912092,,
Chipotle,MD,Baltimore,21211,-76.63941795219843,39.32999252446337,39.3051,-76.6144
Chipotle,MD,Baltimore,21201,-76.62221967776132,39.29482089513779,39.3051,-76.6144
Chipotle,MD,Baltimore,21218,-76.60262915127196,39.32999667278704,39.3051,-76.6144
Chipotle,MD,Baltimore,21224,-76.54231540115013,39.27497173016085,39.3051,-76.6144
Chipotle,MD,Baltimore,21209,-76.66955459591198,39.373939745627965,39.3051,-76.6144
Chipotle,MD,Baltimore,21201,-76.62221967776132,39.29482089513779,39.3051,-76.6144
Chipotle,MD,Baltimore,21218,-76.60262915127196,39.32999667278704,39.3051,-76.6144
Chipotle,MD,Baltimore,21224,-76.54231540115013,39.27497173016085,39.3051,-76.6144
Chipotle,MD,Baltimore,21236,-76.48621543238792,39.38835226707771,39.3051,-76.6144
Chipotle,MD,Baltimore,21202,-76.60738492723425,39.29647723532494,39.3051,-76.6144
Chipotle,MD,Baltimore,21212,-76.61510623480116,39.368280124978,39.3051,-76.6144
Chipotle,MD,Baltimore,21230,-76.62089414405507,39.266040807610885,39.3051,-76.6144
Chipotle,MD,Baltimore,21240,-76.67324643976445,39.175332220281895,39.3051,-76.6144
Chipotle,MD,Air,21015,-76.29605743662272,39.5468704606909,,
Chipotle,MD,Air,21014,-76.35168432281016,39.53661825219203,,
Chipotle,MD,Bethesda,20814,-77.10203475411022,39.00488871675608,38.9866,-77.1188
Chipotle,MD,Bethesda,20817,-77.14864625952465,38.99815855699621,38.9866,-77.1188
Chipotle,MD,Bethesda,20814,-77.10203475411022,39.00488871675608,38.9866,-77.1188
Chipotle,MD,Bowie,20720,-76.78265355883468,38.982256782475496,38.9549,-76.7406
Chipotle,MD,Bowie,20715,-76.74009375509989,38.988294580627276,38.9549,-76.7406
Chipotle,MD,Bowie,20716,-76.71503734671936,38.927248797697104,38.9549,-76.7406
Chipotle,MD,Brandywine,20613,-76.80880500530063,38.67247314652164,38.6963,-76.8846
Chipotle,MD,Burtonsville,20866,-76.93351923630263,39.10943396015825,39.1166,-76.9356
Chipotle,MD,California,20619,-76.52631128515713,38.29130409588043,38.2969,-76.4949
Chipotle,MD,Cambridge,21613,-76.08341260603622,38.502206544492495,42.3759,-71.1185
Chipotle,MD,Springs,20748,-76.9406060447832,38.81689861416644,41.0212,-72.1584
Chipotle,MD,Heights,20743,-76.89345118219416,38.88392622539195,,
Chipotle,MD,Hall,20622,-76.84488000842457,38.45393404116665,,
Chipotle,MD,Chase,20815,-77.0786672863939,38.98361181741232,,
Chipotle,MD,Clinton,20735,-76.90584246595502,38.750146567946224,38.7499,-76.9063
Chipotle,MD,Cockeysville,21030,-76.66769858492388,39.491912106693476,39.4804,-76.6294
Chipotle,MD,Park,20740,-76.93096497228333,39.00271304671964,,
Chipotle,MD,Park,20740,-76.93096497228333,39.00271304671964,,
Chipotle,MD,Columbia,21044,-76.88384786598131,39.210337772530835,34.0378,-80.9036
Chipotle,MD,Columbia,21045,-76.82744265149877,39.20616649383658,34.0378,-80.9036
Chipotle,MD,Columbia,21046,-76.84188347631736,39.1735706835395,34.0378,-80.9036
Chipotle,MD,Damascus,20872,-77.21770805099132,39.29151073955427,39.2701,-77.1957
Chipotle,MD,Dundalk,21222,-76.49345670732795,39.265478222370966,39.2704,-76.4942
Chipotle,MD,Dunkirk,20754,-76.65282506099105,38.73661209721977,42.4801,-79.3324
Chipotle,MD,Easton,21601,-76.08672393456874,38.79301157001582,40.6858,-75.2209
Chipotle,MD,Edgewater,21037,-76.5423638110119,38.9149426752332,28.9594,-80.9406
Chipotle,MD,Elkton,21921,-75.85886353183946,39.626347069628835,39.6066,-75.8209
Chipotle,MD,City,21042,-76.89278858581129,39.27032132210785,,
Chipotle,MD,Fallston,21047,-76.439169159908,39.52797604147015,39.5332,-76.4452
Chipotle,MD,Hill,21050,-76.39228139247105,39.5856945070279,,
Chipotle,MD,Forestville,20747,-76.88378040867072,38.85442074292049,39.0711,-84.3389
Chipotle,MD,Frederick,21704,-77.37500248122302,39.35410303485679,39.4337,-77.4141
Chipotle,MD,Frederick,21704,-77.37500248122302,39.35410303485679,39.4337,-77.4141
Chipotle,MD,Frederick,21701,-77.33495855001023,39.44605105476222,39.4337,-77.4141
Chipotle,MD,Frederick,21702,-77.45657741329465,39.47872239563467,39.4337,-77.4141
Chipotle,MD,Fulton,20759,-76.92857222874417,39.15475931318297,38.8551,-91.951
Chipotle,MD,Gaithersburg,20878,-77.25144681104655,39.112516439116746,39.1346,-77.2131
Chipotle,MD,Gaithersburg,20877,-77.18828437969452,39.140901451299676,39.1346,-77.2131
Chipotle,MD,Gaithersburg,20878,-77.25144681104655,39.112516439116746,39.1346,-77.2131
Chipotle,MD,Gambrills,21054,-76.67327047202357,39.021776890404716,,
Chipotle,MD,Germantown,20874,-77.2975055665304,39.12974315843537,39.1755,-77.2643
Chipotle,MD,Germantown,20876,-77.23295673122347,39.207896095799356,39.1755,-77.2643
Chipotle,MD,Burnie,21060,-76.58376252955641,39.16797981755913,,
Chipotle,MD,Burnie,21061,-76.62973548779362,39.16176857756843,,
Chipotle,MD,Burnie,21061,-76.62973548779362,39.16176857756843,,
Chipotle,MD,Greenbelt,20770,-76.8794388633109,39.00430497260512,38.9953,-76.8885
Chipotle,MD,Hagerstown,21740,-77.74247635964589,39.63402902320873,39.6401,-77.7217
Chipotle,MD,Hagerstown,21740,-77.74247635964589,39.63402902320873,39.6401,-77.7217
Chipotle,MD,Hanover,21076,-76.72165012818775,39.16684998559572,39.8118,-76.9836
Chipotle,MD,Valley,21030,-76.66769858492388,39.491912106693476,32.8088,-85.181
Chipotle,MD,Hyattsville,20783,-76.9687861322517,38.99909972471918,38.9613,-76.9548
Chipotle,MD,Hyattsville,20782,-76.96487708014165,38.96472251825163,38.9613,-76.9548
Chipotle,MD,Hyattsville,20781,-76.93645660512392,38.94317869653307,38.9613,-76.9548
Chipotle,MD,Hyattsville,20784,-76.89043663886295,38.95103144387639,38.9613,-76.9548
Chipotle,MD,Kensington,20895,-77.07755742404302,39.026745529796266,41.6284,-72.7686
Chipotle,MD,Plata,20646,-77.00017483168462,38.52261936596957,,
Chipotle,MD,Lanham,20706,-76.85097397619573,38.96559620084006,38.962,-76.8421
Chipotle,MD,Laurel,20707,-76.88180959740232,39.098035541035784,39.0949,-76.8622
Chipotle,MD,Laurel,20707,-76.88180959740232,39.098035541035784,39.0949,-76.8622
Chipotle,MD,Laurel,20724,-76.8040018973708,39.10107762476907,39.0949,-76.8622
Chipotle,MD,Park,20653,-76.43259126151548,38.2322068487657,,
Chipotle,MD,Heights,21090,-76.66807536072274,39.20924379644565,,
Chipotle,MD,Timonium,21093,-76.64085624624698,39.439790613886906,39.4459,-76.6032
Chipotle,MD,Airy,21771,-77.15688850767691,39.39351277409124,,
Chipotle,MD,Carrollton,20784,-76.89043663886295,38.95103144387639,32.989,-96.8999
Chipotle,MD,East,21901,-75.95840733359825,39.585640704717456,,
Chipotle,MD,City,21842,-75.09100478261907,38.37316718269278,,
Chipotle,MD,City,21842,-75.09100478261907,38.37316718269278,,
Chipotle,MD,Olney,20832,-77.07252687282923,39.151146169216105,39.1465,-77.0715
Chipotle,MD,Mills,21117,-76.77713121398658,39.42711773805741,,
Chipotle,MD,Hill,20745,-76.99417603920445,38.806481522604884,,
Chipotle,MD,Hill,20745,-76.99417603920445,38.806481522604884,,
Chipotle,MD,Parkville,21234,-76.53390766539134,39.39347146701689,39.3832,-76.5519
Chipotle,MD,Pasadena,21122,-76.49502363706766,39.12058898402325,29.6575,-95.1498
Chipotle,MD,Pikesville,21208,-76.72435405671827,39.384858259115944,39.3893,-76.702
Chipotle,MD,Potomac,20854,-77.22048017177114,39.03373761993851,39.0141,-77.1943
Chipotle,MD,Frederick,20678,-76.60142428641487,38.52224919006545,39.4337,-77.4141
Chipotle,MD,Reisterstown,21136,-76.80848169484167,39.489041149878496,39.455,-76.814
Chipotle,MD,Rockville,20852,-77.12457871804331,39.05149275450402,39.0834,-77.1553
Chipotle,MD,Rockville,20850,-77.1809383955306,39.091292062149925,39.0834,-77.1553
Chipotle,MD,Rockville,20853,-77.09517572690963,39.10232874844622,39.0834,-77.1553
Chipotle,MD,Rockville,20852,-77.12457871804331,39.05149275450402,39.0834,-77.1553
Chipotle,MD,Rosedale,21237,-76.49523211880691,39.33914665539987,39.3266,-76.5084
Chipotle,MD,Salisbury,21801,-75.64146816240812,38.38052278644851,38.3756,-75.5865
Chipotle,MD,Salisbury,21801,-75.64146816240812,38.38052278644851,38.3756,-75.5865
Chipotle,MD,Park,21146,-76.55667510143124,39.07757222039665,,
Chipotle,MD,Spring,20901,-77.0091158276138,39.02141078542976,30.0613,-95.383
Chipotle,MD,Spring,20903,-76.98124694376891,39.0205990474555,30.0613,-95.383
Chipotle,MD,Spring,20904,-76.97970999435307,39.0666329493684,30.0613,-95.383
Chipotle,MD,Spring,20904,-76.97970999435307,39.0666329493684,30.0613,-95.383
Chipotle,MD,Spring,20910,-77.03629378240873,39.002263808828374,30.0613,-95.383
Chipotle,MD,Stevensville,21666,-76.33432771873426,38.93756321111801,38.9745,-76.3184
Chipotle,MD,Suitland,20746,-76.91811410948877,38.83681558276877,38.8492,-76.9225
Chipotle,MD,Sykesville,21784,-76.97362032481836,39.40106118270803,,
Chipotle,MD,Towson,21204,-76.63260606576074,39.40258908129392,39.3944,-76.619
Chipotle,MD,Towson,21286,-76.57441171051552,39.415037166089625,39.3944,-76.619
Chipotle,MD,Marlboro,20774,-76.77387762350745,38.87527253533872,40.3427,-74.2567
Chipotle,MD,Marlboro,20772,-76.7662464706046,38.77980614215624,40.3427,-74.2567
Chipotle,MD,Waldorf,20603,-76.97694463477413,38.6293858797423,38.6085,-76.9194
Chipotle,MD,Westminster,21157,-76.98081834025527,39.54932612815828,39.8837,-105.0624
Chipotle,MD,Wheaton,20902,-77.04216258646395,39.04375490058945,41.8561,-88.1085
Chipotle,MD,Mill,21244,-76.7803299507557,39.33305502332696,,
Chipotle,MA,Attleboro,02703,-71.29489533089726,41.93110493907413,41.9311,-71.295
Chipotle,MA,Bedford,01730,-71.27834122814784,42.496947705334506,32.8464,-97.135
Chipotle,MA,Beverly,01915,-70.86184987272264,42.56722641018382,42.5681,-70.8627
Chipotle,MA,Billerica,01862,-71.29340446091746,42.57487942410491,42.5587,-71.2673
Chipotle,MA,Boston,02110,-71.05178693110827,42.3581372334941,42.3188,-71.0852
Chipotle,MA,Boston,02215,-71.10303726935534,42.34771409823849,42.3188,-71.0852
Chipotle,MA,Boston,02108,-71.0648991917288,42.35775803144585,42.3188,-71.0852
Chipotle,MA,Boston,02210,-71.03892801515236,42.34759524501044,42.3188,-71.0852
Chipotle,MA,Boston,02116,-71.07570890882745,42.35067923556055,42.3188,-71.0852
Chipotle,MA,Boston,02116,-71.07570890882745,42.35067923556055,42.3188,-71.0852
Chipotle,MA,Brighton,02135,-71.15377286803282,42.349897224712336,39.9716,-104.7963
Chipotle,MA,Brockton,02301,-71.04224091123649,42.07791167011435,42.0821,-71.0242
Chipotle,MA,Brookline,02215,-71.10303726935534,42.34771409823849,42.3243,-71.1408
Chipotle,MA,Burlington,01803,-71.20258310031272,42.50215233164558,36.076,-79.4685
Chipotle,MA,Cambridge,02138,-71.13454368135315,42.380065784068364,42.3759,-71.1185
Chipotle,MA,Cambridge,02142,-71.08200738136517,42.361982208966026,42.3759,-71.1185
Chipotle,MA,Cambridge,02139,-71.1029963986212,42.36254652299056,42.3759,-71.1185
Chipotle,MA,Chelmsford,01824,-71.355638662022,42.59111637708735,42.6,-71.3631
Chipotle,MA,Chicopee,01020,-72.5653205293939,42.17634337434603,42.1764,-72.5719
Chipotle,MA,Dedham,02026,-71.17776232736124,42.2467140691548,42.2467,-71.1777
Chipotle,MA,Dorchester,02125,-71.05534640825776,42.31548403000303,,
Chipotle,MA,Longmeadow,01028,-72.499050653537,42.05977319212378,42.0475,-72.5718
Chipotle,MA,Fairhaven,02719,-70.8693582763373,41.63428837087078,41.6394,-70.8732
Chipotle,MA,River,02721,-71.14768292392219,41.674712093304414,,
Chipotle,MA,Framingham,01701,-71.43817793384983,42.321733264170774,42.3085,-71.4368
Chipotle,MA,Franklin,02038,-71.4112806529326,42.08621356022175,35.92,-86.8516
Chipotle,MA,Gardner,01440,-71.98649596065363,42.58738514843337,38.8122,-94.9275
Chipotle,MA,Hadley,01035,-72.56921732927742,42.35564515553036,,
Chipotle,MA,Hanover,02339,-70.85665032482352,42.12239752247833,39.8118,-76.9836
Chipotle,MA,Haverhill,01830,-71.05309781622924,42.79598397511693,42.7838,-71.0871
Chipotle,MA,Hingham,02043,-70.88498446612692,42.216691826572855,42.2176,-70.8854
Chipotle,MA,Holyoke,01040,-72.64107425966668,42.21256798090533,42.2125,-72.6411
Chipotle,MA,Hyannis,02601,-70.29672102639084,41.66005734536885,,
Chipotle,MA,Leominster,01453,-71.76138084002105,42.518642955310554,42.5209,-71.7717
Chipotle,MA,Lynnfield,01940,-71.03752400395206,42.534539375462934,42.5356,-71.0382
Chipotle,MA,Mansfield,02048,-71.21868308329573,42.01625490732917,40.7656,-82.5275
Chipotle,MA,Marlborough,01752,-71.54682533671931,42.34939756343851,42.3494,-71.5468
Chipotle,MA,Marlborough,01752,-71.54682533671931,42.34939756343851,42.3494,-71.5468
Chipotle,MA,Medfield,02052,-71.30496722289718,42.184826649266874,42.1848,-71.305
Chipotle,MA,Medford,02155,-71.10884560457922,42.42323665417744,42.3372,-122.854
Chipotle,MA,Medway,02053,-71.42902695809452,42.15353143860642,42.1535,-71.4291
Chipotle,MA,Methuen,01844,-71.18885924187262,42.73401670498824,,
Chipotle,MA,Milford,01757,-71.51914888139305,42.1568074645862,42.1565,-71.5188
Chipotle,MA,Natick,01760,-71.34980567446955,42.284345928023754,42.2847,-71.3497
Chipotle,MA,Newburyport,01950,-70.88783785159242,42.81237805107642,42.8124,-70.8878
Chipotle,MA,Newton,02464,-71.2194588360556,42.312904295110926,42.3316,-71.2085
Chipotle,MA,Newton,02460,-71.20836820758389,42.35199208117042,42.3316,-71.2085
Chipotle,MA,Andover,01845,-71.08652060119424,42.67134536742966,42.6466,-71.1651
Chipotle,MA,Dartmouth,02747,-71.01627675208805,41.66781965383035,41.6138,-70.9973
Chipotle,MA,Northampton,01060,-72.63127794615176,42.322262621273154,40.2104,-75.0014
Chipotle,MA,Norwood,02062,-71.19488667166947,42.18603922367142,42.1861,-71.1948
Chipotle,MA,Peabody,01960,-70.97225046381543,42.533734518395754,42.5335,-70.9725
Chipotle,MA,Pittsfield,01201,-73.27645541779273,42.449935649630994,42.4517,-73.2605
Chipotle,MA,Plymouth,02360,-70.63044217094671,41.88353234062167,45.0225,-93.4617
Chipotle,MA,Quincy,02171,-71.02098888043383,42.29273206970684,42.2506,-71.0187
Chipotle,MA,Randolph,02368,-71.05341802454136,42.17696172536561,42.1778,-71.0539
Chipotle,MA,Raynham,02767,-71.05112938409023,41.937098772260974,41.9312,-71.0437
Chipotle,MA,Reading,01867,-71.10552965901036,42.5350641488573,40.34,-75.9267
Chipotle,MA,Saugus,01906,-71.01441535740274,42.468008110243886,42.4681,-71.0145
Chipotle,MA,Seekonk,02771,-71.31743612962966,41.837777829979906,41.8379,-71.3174
Chipotle,MA,Shrewsbury,01545,-71.71553911212345,42.28422784866567,42.2842,-71.7154
Chipotle,MA,Somerville,02144,-71.12195880758226,42.400715904948335,42.3908,-71.1014
Chipotle,MA,Swampscott,01907,-70.9055925723173,42.47481005159923,42.4757,-70.9068
Chipotle,MA,Waltham,02451,-71.2571624060486,42.398175747099295,42.3889,-71.2423
Chipotle,MA,Waltham,02452,-71.2196306177131,42.393598918052106,42.3889,-71.2423
Chipotle,MA,Wareham,02571,-70.69717849784496,41.760722760246615,41.7662,-70.6999
Chipotle,MA,Watertown,02472,-71.17727513416096,42.36998621759052,43.9734,-75.9094
Chipotle,MA,Springfield,01089,-72.65024960684046,42.12534218254085,42.1155,-72.5395
Chipotle,MA,Westborough,01581,-71.6140059640025,42.26815520531276,42.2681,-71.614
Chipotle,MA,Westfield,01085,-72.76958618365039,42.153712135534334,40.0341,-86.1529
Chipotle,MA,Westford,01886,-71.44006709415899,42.5864173671582,42.5864,-71.4401
Chipotle,MA,Westwood,02090,-71.21068367817671,42.2202552903208,42.2202,-71.2106
Chipotle,MA,Woburn,01801,-71.15423926647749,42.48693926798169,42.4869,-71.1543
Chipotle,MA,Worcester,01605,-71.78746381403367,42.28943993301367,42.2705,-71.8079
Chipotle,MI,Adrian,49221,-84.06360494109857,41.90300398468665,41.8994,-84.0447
Chipotle,MI,Park,48101,-83.21059572274784,42.25982279963823,,
Chipotle,MI,Arbor,48103,-83.84323687582082,42.25992717418172,,
Chipotle,MI,Arbor,48104,-83.71702690089126,42.26424828681781,,
Chipotle,MI,Arbor,48104,-83.71702690089126,42.26424828681781,,
Chipotle,MI,Arbor,48108,-83.73181397854196,42.222150772144325,,
Chipotle,MI,City,48706,-83.9515866504837,43.60079940433573,,
Chipotle,MI,Hills,48302,-83.29520145604796,42.585688275840255,,
Chipotle,MI,Brighton,48116,-83.78195773924408,42.505129028271206,39.9716,-104.7963
Chipotle,MI,Canton,48187,-83.4878206074241,42.329203692877456,40.8078,-81.3676
Chipotle,MI,Canton,48188,-83.48590357118606,42.285640798566234,40.8078,-81.3676
Chipotle,MI,Chesterfield,48051,-82.82071129337928,42.69377034175165,38.6589,-90.5803
Chipotle,MI,Township,48036,-82.89996324454374,42.59212041895543,,
Chipotle,MI,Township,48036,-82.89996324454374,42.59212041895543,,
Chipotle,MI,Township,48390,-83.47640263338312,42.55140904638069,,
Chipotle,MI,Heights,48127,-83.282904948842,42.33662815812546,,
Chipotle,MI,Detroit,48224,-82.941265332149,42.410694700326935,42.3834,-83.1024
Chipotle,MI,Detroit,48226,-83.05005833134113,42.33175430059286,42.3834,-83.1024
Chipotle,MI,Lansing,48823,-84.4538134594199,42.76197264451893,42.7142,-84.5601
Chipotle,MI,Lansing,48823,-84.4538134594199,42.76197264451893,42.7142,-84.5601
Chipotle,MI,Ferndale,48220,-83.13518364441603,42.45806107685455,42.4592,-83.1313
Chipotle,MI,Flint,48507,-83.71548388988342,42.96543308733208,43.0236,-83.6921
Chipotle,MI,Blanc,48439,-83.62913268425892,42.91680370693347,,
Chipotle,MI,Rapids,49544,-85.74192881799972,43.04594608902278,,
Chipotle,MI,Rapids,49508,-85.62529980520304,42.87346844024896,,
Chipotle,MI,Grandville,49418,-85.77136374806678,42.87800056716065,42.9004,-85.7564
Chipotle,MI,Holland,49424,-86.13286783374082,42.842330980221995,42.7677,-86.0984
Chipotle,MI,Hudsonville,49426,-85.88833821824836,42.86322201247092,,
Chipotle,MI,Kalamazoo,49009,-85.69404016459747,42.30762900341766,42.2749,-85.5882
Chipotle,MI,Kentwood,49512,-85.5467531702083,42.88140732982215,42.8852,-85.5926
Chipotle,MI,Lansing,48917,-84.63994517457428,42.72377455569055,42.7142,-84.5601
Chipotle,MI,Livonia,48150,-83.37257894557335,42.36844324039239,42.3972,-83.3733
Chipotle,MI,Heights,48071,-83.10337199149713,42.50726537695906,,
Chipotle,MI,Heights,48071,-83.10337199149713,42.50726537695906,,
Chipotle,MI,Monroe,48162,-83.43563956593283,41.960303137103594,32.5185,-92.0774
Chipotle,MI,Pleasant,48858,-84.79617665348134,43.61518829266538,,
Chipotle,MI,Northville,48168,-83.5404492085863,42.4062962968446,,
Chipotle,MI,Shores,49441,-86.28624679711223,43.18293127277168,,
Chipotle,MI,Novi,48375,-83.4633147589187,42.464832670504855,42.4786,-83.4893
Chipotle,MI,Okemos,48864,-84.40675513216588,42.701315944608965,42.7057,-84.4135
Chipotle,MI,Orion,48359,-83.27886056170433,42.722028434335144,,
Chipotle,MI,Plymouth,48170,-83.5315917993034,42.36762610186295,45.0225,-93.4617
Chipotle,MI,Plymouth,48170,-83.5315917993034,42.36762610186295,45.0225,-93.4617
Chipotle,MI,Huron,48060,-82.4600782893099,42.98186219707717,44.3623,-98.2094
Chipotle,MI,Portage,49002,-85.5609160986199,42.197366961621434,42.2,-85.5906
Chipotle,MI,Hills,48307,-83.12324171621715,42.65955212288986,,
Chipotle,MI,Hills,48309,-83.18367141561818,42.65865337539411,,
Chipotle,MI,Rockford,49341,-85.49192872508583,43.12431600894335,42.2596,-89.064
Chipotle,MI,Roseville,48066,-82.9369985713624,42.507327105959725,38.7703,-121.3196
Chipotle,MI,Oak,48067,-83.137944790084,42.4904615450662,,
Chipotle,MI,Oak,48073,-83.16436836256909,42.51921004675141,,
Chipotle,MI,Saginaw,48604,-83.96251902606794,43.494412207005865,43.4199,-83.9501
Chipotle,MI,Township,48315,-82.99631922441375,42.67289041443719,,
Chipotle,MI,Southfield,48076,-83.23086339262804,42.49750982099831,42.4765,-83.2605
Chipotle,MI,Southfield,48034,-83.29109231607482,42.49692588565542,42.4765,-83.2605
Chipotle,MI,Heights,48313,-83.001471178299,42.59956710535629,,
Chipotle,MI,Heights,48312,-83.00944685322018,42.55846139130225,,
Chipotle,MI,Taylor,48180,-83.26881084504633,42.22605184464054,42.226,-83.2688
Chipotle,MI,Troy,48084,-83.17570137326902,42.56063385241143,42.5817,-83.1457
Chipotle,MI,Troy,48098,-83.17890791577054,42.5990528525916,42.5817,-83.1457
Chipotle,MI,Warren,48092,-83.05941001592905,42.51399857641042,42.4934,-83.027
Chipotle,MI,Bloomfield,48322,-83.38137043470209,42.54217152882201,40.8098,-74.1869
Chipotle,MI,Wixom,48393,-83.54508093021124,42.521113064881234,42.5243,-83.5346
Chipotle,MI,Woodhaven,48183,-83.21929900645857,42.135903793562484,42.132,-83.2374
Chipotle,MN,Andover,55304,-93.26546302836344,45.2557462402048,42.6466,-71.1651
Chipotle,MN,Valley,55124,-93.20074822921026,44.74557171273634,32.8088,-85.181
Chipotle,MN,Valley,55124,-93.20074822921026,44.74557171273634,32.8088,-85.181
Chipotle,MN,Baxter,56425,-94.28218284957458,46.34283885146364,46.3426,-94.2793
Chipotle,MN,Blaine,55449,-93.19458964787158,45.17277953029437,45.1696,-93.2077
Chipotle,MN,Blaine,55434,-93.25045225293691,45.168086260737944,45.1696,-93.2077
Chipotle,MN,Blaine,55434,-93.25045225293691,45.168086260737944,45.1696,-93.2077
Chipotle,MN,Bloomington,55431,-93.31242317089028,44.82608376027825,40.4757,-88.9703
Chipotle,MN,Bloomington,55425,-93.23644765008582,44.84220512292999,40.4757,-88.9703
Chipotle,MN,Center,55430,-93.3012912395513,45.06396194784396,40.6483,-80.2977
Chipotle,MN,Park,55443,-93.33714210292707,45.119489721342774,,
Chipotle,MN,Park,55428,-93.38122161725767,45.063209216718654,,
Chipotle,MN,Buffalo,55313,-93.85145789094993,45.17378917318845,42.9018,-78.8487
Chipotle,MN,Burnsville,55337,-93.27502487261012,44.77671190066597,44.7648,-93.2793
Chipotle,MN,Champlin,55316,-93.39034510312183,45.17023002679219,45.1702,-93.3903
Chipotle,MN,Chanhassen,55317,-93.55194961552826,44.85806120606326,44.8546,-93.5621
Chipotle,MN,Chaska,55318,-93.63668069440689,44.81107208719764,44.8164,-93.6091
Chipotle,MN,Heights,55421,-93.25313937026436,45.05090179172007,,
Chipotle,MN,Rapids,55433,-93.31642258552743,45.16133316293312,,
Chipotle,MN,Rapids,55448,-93.30206419324873,45.19071931669951,,
Chipotle,MN,Grove,55016,-92.93460147508064,44.81770226248819,,
Chipotle,MN,Crystal,55428,-93.38122161725767,45.063209216718654,45.0377,-93.3599
Chipotle,MN,Duluth,55811,-92.22246764247743,46.84224200545185,46.7756,-92.1393
Chipotle,MN,Eagan,55122,-93.19768320059471,44.80468010998391,44.817,-93.1638
Chipotle,MN,Eagan,55121,-93.15428106930688,44.8470635300886,44.817,-93.1638
Chipotle,MN,Prairie,55344,-93.43080983876871,44.86425896213081,,
Chipotle,MN,Prairie,55347,-93.46636803820287,44.82933595849283,,
Chipotle,MN,Edina,55435,-93.3346871184934,44.87350658357457,44.8914,-93.3602
Chipotle,MN,River,55330,-93.56787691347907,45.33432899484762,,
Chipotle,MN,Lake,55025,-93.02272466466484,45.26258290190185,,
Chipotle,MN,Valley,55427,-93.38027088458793,45.00627234198732,32.8088,-85.181
Chipotle,MN,Hastings,55033,-92.86375614025044,44.71291855720609,40.5961,-98.39
Chipotle,MN,Hopkins,55343,-93.41634783627202,44.914322368892385,44.9259,-93.4056
Chipotle,MN,Heights,55076,-93.03397503844417,44.83630920635406,,
Chipotle,MN,Lakeville,55044,-93.27978564085514,44.64092420547455,44.6774,-93.252
Chipotle,MN,Mankato,56001,-93.9770115504535,44.13203317993924,44.1715,-93.9772
Chipotle,MN,Mankato,56003,-94.088591210928,44.212726763050945,44.1715,-93.9772
Chipotle,MN,Mankato,56001,-93.9770115504535,44.13203317993924,44.1715,-93.9772
Chipotle,MN,Grove,55311,-93.4947890516733,45.104859933632206,,
Chipotle,MN,Grove,55369,-93.44631722659445,45.12647771192375,,
Chipotle,MN,Grove,55369,-93.44631722659445,45.12647771192375,,
Chipotle,MN,Maplewood,55109,-93.0261016704334,45.014625010111075,44.9842,-93.0247
Chipotle,MN,Maplewood,55109,-93.0261016704334,45.014625010111075,44.9842,-93.0247
Chipotle,MN,Minneapolis,55403,-93.28573576773141,44.97003438236735,44.9635,-93.2678
Chipotle,MN,Minneapolis,55402,-93.2714441115822,44.9760395244452,44.9635,-93.2678
Chipotle,MN,Minneapolis,55414,-93.22647761375339,44.97935977823358,44.9635,-93.2678
Chipotle,MN,Minneapolis,55454,-93.24212351483503,44.96963530207861,44.9635,-93.2678
Chipotle,MN,Minneapolis,55408,-93.29206361304092,44.93993049625319,44.9635,-93.2678
Chipotle,MN,Minneapolis,55421,-93.25313937026436,45.05090179172007,44.9635,-93.2678
Chipotle,MN,Minneapolis,55416,-93.33882990233785,44.94927769261987,44.9635,-93.2678
Chipotle,MN,Minneapolis,55402,-93.2714441115822,44.9760395244452,44.9635,-93.2678
Chipotle,MN,Minneapolis,55414,-93.22647761375339,44.97935977823358,44.9635,-93.2678
Chipotle,MN,Minnetonka,55343,-93.41634783627202,44.914322368892385,44.9322,-93.4598
Chipotle,MN,Minnetonka,55305,-93.43228099789067,44.95473099014318,44.9322,-93.4598
Chipotle,MN,Minnetonka,55345,-93.4837783526657,44.91526081969026,44.9322,-93.4598
Chipotle,MN,Monticello,55362,-93.83155647741853,45.300476656616674,45.2991,-93.7996
Chipotle,MN,Moorhead,56560,-96.73562121835751,46.84233438466507,46.8673,-96.7461
Chipotle,MN,Branch,55056,-92.95268022983299,45.5087265282418,,
Chipotle,MN,Heights,55082,-92.84041454552766,45.07278261664142,,
Chipotle,MN,Plymouth,55447,-93.48917410539501,45.001118249262014,45.0225,-93.4617
Chipotle,MN,Richfield,55423,-93.28210403831693,44.87624551090674,44.8763,-93.2829
Chipotle,MN,Richfield,55423,-93.28210403831693,44.87624551090674,44.8763,-93.2829
Chipotle,MN,Rochester,55904,-92.40058706419114,43.95991432302498,43.168,-77.6162
Chipotle,MN,Rochester,55901,-92.50688558955552,44.0697516626599,43.168,-77.6162
Chipotle,MN,Rogers,55374,-93.57960307198947,45.176440342660634,36.317,-94.1531
Chipotle,MN,Rosemount,55068,-93.06862964488423,44.73782121067322,44.7466,-93.0661
Chipotle,MN,Roseville,55113,-93.15555558845624,45.01302400222368,38.7703,-121.3196
Chipotle,MN,Roseville,55113,-93.15555558845624,45.01302400222368,38.7703,-121.3196
Chipotle,MN,Cloud,56303,-94.21159836616968,45.57441756027421,,
Chipotle,MN,Cloud,56301,-94.24233576494804,45.488126443055684,,
Chipotle,MN,Cloud,56301,-94.24233576494804,45.488126443055684,,
Chipotle,MN,Michael,55376,-93.68729147830727,45.21058860495935,,
Chipotle,MN,Paul,55116,-93.17028862995635,44.90969630377203,,
Chipotle,MN,Paul,55102,-93.12167790842463,44.9318638208102,,
Chipotle,MN,Paul,55105,-93.16816428845803,44.934596099368285,,
Chipotle,MN,Savage,55378,-93.36306726342914,44.75739550063439,44.7545,-93.3632
Chipotle,MN,Shakopee,55379,-93.51620471289529,44.754189878710456,44.7745,-93.4772
Chipotle,MN,Shakopee,55379,-93.51620471289529,44.754189878710456,44.7745,-93.4772
Chipotle,MN,Shoreview,55126,-93.13253704213932,45.0848089917145,45.0842,-93.1358
Chipotle,MN,Park,55416,-93.33882990233785,44.94927769261987,,
Chipotle,MN,Heights,55127,-93.08264976338967,45.084115849513005,,
Chipotle,MN,Wayzata,55391,-93.54204345679567,44.95941699166674,,
Chipotle,MN,Paul,55118,-93.10343450431856,44.896526045337986,,
Chipotle,MN,Woodbury,55125,-92.94394626484065,44.91988561053077,44.9057,-92.923
Chipotle,MN,Woodbury,55125,-92.94394626484065,44.91988561053077,44.9057,-92.923
Chipotle,MS,Diberville,39540,-88.89900653859463,30.441758485959443,,
Chipotle,MS,Flowood,39232,-90.09160719899121,32.32977220185435,32.3359,-90.0802
Chipotle,MS,Madison,39110,-90.14020634022597,32.50597522876942,43.0822,-89.393
Chipotle,MS,Branch,38654,-89.82303120985209,34.935219626415744,,
Chipotle,MS,Oxford,38655,-89.47573506341834,34.33305431246775,34.3627,-89.5336
Chipotle,MS,Oxford,38655,-89.47573506341834,34.33305431246775,34.3627,-89.5336
Chipotle,MS,Pearl,39208,-90.08963913078965,32.26043210798307,32.273,-90.0918
Chipotle,MS,Ridgeland,39157,-90.17149992940897,32.42667608482876,32.4236,-90.1481
Chipotle,MS,Southaven,38671,-89.99949940065976,34.96572880676747,34.9514,-89.9786
Chipotle,MS,Starkville,39759,-88.82644396641852,33.43662887696431,33.4608,-88.8297
Chipotle,MS,Tupelo,38804,-88.67147550924354,34.28228467442797,34.2692,-88.7318
Chipotle,MO,Belton,64012,-94.54983502038561,38.78693026774414,38.8192,-94.5335
Chipotle,MO,Springs,64014,-94.25504775912029,39.00710253178742,41.0212,-72.1584
Chipotle,MO,Springs,64015,-94.30632659086149,39.01409575030308,41.0212,-72.1584
Chipotle,MO,Bridgeton,63044,-90.42896482377598,38.76983489026148,39.4286,-75.2281
Chipotle,MO,Chesterfield,63017,-90.53642078494678,38.651009061119346,38.6589,-90.5803
Chipotle,MO,Clayton,63105,-90.32827633091107,38.64435360908958,35.659,-78.4498
Chipotle,MO,Columbia,65203,-92.39700014141279,38.88519607691491,34.0378,-80.9036
Chipotle,MO,Columbia,65201,-92.2435681638343,38.89820727873838,34.0378,-80.9036
Chipotle,MO,Columbia,65201,-92.2435681638343,38.89820727873838,34.0378,-80.9036
Chipotle,MO,Coeur,63141,-90.45821481805892,38.6582815780081,,
Chipotle,MO,Peres,63131,-90.44417562196183,38.61743937092854,,
Chipotle,MO,Peres,63131,-90.44417562196183,38.61743937092854,,
Chipotle,MO,Ellisville,63011,-90.55920004103545,38.60366371411936,38.5897,-90.5884
Chipotle,MO,Florissant,63033,-90.27718812226897,38.79560315995288,38.7996,-90.3269
Chipotle,MO,Grandview,64030,-94.52269036450043,38.880152495934176,38.8802,-94.5227
Chipotle,MO,Independence,64055,-94.3985621171439,39.05066740905162,39.0871,-94.3501
Chipotle,MO,Independence,64057,-94.32400822078591,39.06924161633119,39.0871,-94.3501
Chipotle,MO,City,65109,-92.27872565011394,38.573287634019344,,
Chipotle,MO,Joplin,64801,-94.49632032784912,37.11012807226491,37.0757,-94.5018
Chipotle,MO,City,64114,-94.59721594804228,38.95778161325721,,
Chipotle,MO,City,64145,-94.59309963052667,38.87547130391705,,
Chipotle,MO,City,64106,-94.57203988387603,39.10503384549547,,
Chipotle,MO,City,64111,-94.59387897247538,39.05758073418499,,
Chipotle,MO,City,64111,-94.59387897247538,39.05758073418499,,
Chipotle,MO,City,64118,-94.5747730505863,39.21301183169804,,
Chipotle,MO,City,64133,-94.45643654011742,39.01386190193242,,
Chipotle,MO,City,64117,-94.52291607201825,39.16522647898284,,
Chipotle,MO,City,64112,-94.59519173562775,39.03597441405601,,
Chipotle,MO,City,64114,-94.59721594804228,38.95778161325721,,
Chipotle,MO,City,64151,-94.6311613983035,39.21483278154388,,
Chipotle,MO,City,64154,-94.63085724104602,39.27838152443813,,
Chipotle,MO,City,64157,-94.4718746534306,39.27619032286154,,
Chipotle,MO,City,64155,-94.57679659930807,39.276977680559284,,
Chipotle,MO,Kirkwood,63122,-90.42016729802393,38.579203615001134,38.5788,-90.4203
Chipotle,MO,Summit,64081,-94.40409738059058,38.90703336024334,40.7154,-74.3647
Chipotle,MO,Summit,64081,-94.40409738059058,38.90703336024334,40.7154,-74.3647
Chipotle,MO,Summit,64086,-94.2875557143468,38.90787800279606,40.7154,-74.3647
Chipotle,MO,Liberty,64068,-94.38877559865821,39.25949804073029,39.2394,-94.4191
Chipotle,MO,Fallon,63366,-90.72027456984259,38.859438098070896,39.4737,-118.7779
Chipotle,MO,Raytown,64133,-94.45643654011742,39.01386190193242,38.9944,-94.4641
Chipotle,MO,Charles,63303,-90.54290505249516,38.740111100937,,
Chipotle,MO,Joseph,64506,-94.80178620851768,39.78980980876483,,
Chipotle,MO,Louis,63144,-90.34773571309985,38.61913011240465,,
Chipotle,MO,Louis,63103,-90.21686199458124,38.62971191899447,,
Chipotle,MO,Louis,63139,-90.29172350651334,38.610412968870094,,
Chipotle,MO,Louis,63132,-90.37800846479252,38.67601719339031,,
Chipotle,MO,Louis,63119,-90.35135358759109,38.58846617174434,,
Chipotle,MO,Springfield,65802,-93.35407044815248,37.20909025182751,42.1155,-72.5395
Chipotle,MO,Springfield,65807,-93.3255485857194,37.165631747231856,42.1155,-72.5395
Chipotle,MO,Warrensburg,64093,-93.73173176135374,38.79477413782307,38.7627,-93.726
Chipotle,MO,Wentzville,63385,-90.85752040746034,38.79700505240176,38.8153,-90.8669
Chipotle,MT,Billings,59102,-108.58019880197278,45.77565606245067,45.7891,-108.5526
Chipotle,MT,Billings,59102,-108.58019880197278,45.77565606245067,45.7891,-108.5526
Chipotle,MT,Billings,59105,-108.50585612652245,45.882723640578945,45.7891,-108.5526
Chipotle,MT,Bozeman,59718,-111.12638378360971,45.57814387849762,45.6833,-111.0558
Chipotle,MT,Falls,59405,-111.28922669563693,47.30526318125059,40.1686,-74.7915
Chipotle,MT,Helena,59601,-112.17645331559126,46.539818207010065,46.5965,-112.0202
Chipotle,MT,Kalispell,59901,-114.38224328947113,48.22816171840961,48.2153,-114.3274
Chipotle,MT,Missoula,59808,-114.09609890591177,46.98298815869399,46.8751,-114.0214
Chipotle,NE,Bellevue,68123,-95.94315846635931,41.10151558557347,47.5951,-122.1535
Chipotle,NE,Elkhorn,68022,-96.24590956911041,41.27851769969297,42.6713,-88.5377
Chipotle,NE,Elkhorn,68022,-96.24590956911041,41.27851769969297,42.6713,-88.5377
Chipotle,NE,Fremont,68025,-96.48934343616119,41.43792438684064,37.5265,-121.9843
Chipotle,NE,Island,68803,-98.41520299518872,40.95488790854965,,
Chipotle,NE,Kearney,68847,-99.02565297836377,40.75892213918141,40.7011,-99.0833
Chipotle,NE,Vista,68128,-96.06580334977426,41.18135165064634,33.1896,-117.2386
Chipotle,NE,Lincoln,68508,-96.70583302996658,40.818331984396984,40.8099,-96.6784
Chipotle,NE,Lincoln,68516,-96.64254879164386,40.73488485261349,40.8099,-96.6784
Chipotle,NE,Lincoln,68521,-96.70950786560576,40.86613094468717,40.8099,-96.6784
Chipotle,NE,Lincoln,68510,-96.63603341967715,40.80652539784745,40.8099,-96.6784
Chipotle,NE,Lincoln,68506,-96.63867648672655,40.783887455428754,40.8099,-96.6784
Chipotle,NE,Omaha,68144,-96.11925631533528,41.234827678471696,41.2627,-96.0529
Chipotle,NE,Omaha,68137,-96.1188805104893,41.20586773204664,41.2627,-96.0529
Chipotle,NE,Omaha,68136,-96.18670452407287,41.16889127742734,41.2627,-96.0529
Chipotle,NE,Omaha,68114,-96.0521077043646,41.263226722951615,41.2627,-96.0529
Chipotle,NE,Omaha,68130,-96.19588658778267,41.23422947280171,41.2627,-96.0529
Chipotle,NE,Omaha,68131,-95.96447170946803,41.264565242612484,41.2627,-96.0529
Chipotle,NE,Omaha,68116,-96.1677755631232,41.29933977219237,41.2627,-96.0529
Chipotle,NE,Omaha,68114,-96.0521077043646,41.263226722951615,41.2627,-96.0529
Chipotle,NE,Papillion,68133,-95.9994352915923,41.11354381620248,41.1511,-96.0665
Chipotle,NV,City,89701,-119.71839469574769,39.13967456675515,,
Chipotle,NV,Elko,89801,-115.75891840681996,41.249102597435986,40.8381,-115.7678
Chipotle,NV,Henderson,89052,-115.05674693858184,35.955112789236225,36.0133,-115.0381
Chipotle,NV,Henderson,89014,-115.05806185874633,36.06171858675206,36.0133,-115.0381
Chipotle,NV,Henderson,89015,-114.92819376171008,36.03921538657595,36.0133,-115.0381
Chipotle,NV,Henderson,89052,-115.05674693858184,35.955112789236225,36.0133,-115.0381
Chipotle,NV,Henderson,89074,-115.08091249623256,36.03658179819584,36.0133,-115.0381
Chipotle,NV,Vegas,89110,-115.0477383640016,36.171427087862874,,
Chipotle,NV,Vegas,89134,-115.30775063947868,36.20273620855925,,
Chipotle,NV,Vegas,89119,-115.14613155866147,36.08472884211017,,
Chipotle,NV,Vegas,89102,-115.18682373348857,36.14542989697428,,
Chipotle,NV,Vegas,89109,-115.16374087520929,36.12532544279513,,
Chipotle,NV,Vegas,89109,-115.16374087520929,36.12532544279513,,
Chipotle,NV,Vegas,89109,-115.16374087520929,36.12532544279513,,
Chipotle,NV,Vegas,89169,-115.14129927892868,36.1241418181554,,
Chipotle,NV,Vegas,89109,-115.16374087520929,36.12532544279513,,
Chipotle,NV,Vegas,89139,-115.21164799463003,36.03467110064331,,
Chipotle,NV,Vegas,89141,-115.20705783304484,35.98841222913709,,
Chipotle,NV,Vegas,89119,-115.14613155866147,36.08472884211017,,
Chipotle,NV,Vegas,89148,-115.31038377035371,36.05877705402053,,
Chipotle,NV,Vegas,89119,-115.14613155866147,36.08472884211017,,
Chipotle,NV,Vegas,89130,-115.22711073758641,36.25398919451777,,
Chipotle,NV,Vegas,89118,-115.21399470820738,36.07740071393798,,
Chipotle,NV,Vegas,89149,-115.29254319541113,36.2722569322793,,
Chipotle,NV,Vegas,89128,-115.2643631078578,36.19681544652756,,
Chipotle,NV,Vegas,89113,-115.26351385239246,36.0611640411488,,
Chipotle,NV,Vegas,89123,-115.14877057500757,36.03521033415695,,
Chipotle,NV,Vegas,89131,-115.24265605492948,36.30615998290786,,
Chipotle,NV,Vegas,89148,-115.31038377035371,36.05877705402053,,
Chipotle,NV,Vegas,89106,-115.16323141914964,36.18170667246106,,
Chipotle,NV,Vegas,89117,-115.28000813469697,36.14258986775275,,
Chipotle,NV,Mesquite,89027,-114.12350756518431,36.811258783908414,32.7602,-96.5865
Chipotle,NV,Vegas,89032,-115.17271874337689,36.22318085818354,,
Chipotle,NV,Vegas,89030,-115.12412837823726,36.21151547443565,,
Chipotle,NV,Vegas,89030,-115.12412837823726,36.21151547443565,,
Chipotle,NV,Vegas,89084,-115.17410673729536,36.296905013290186,,
Chipotle,NV,Pahrump,89048,-116.00381060590549,36.166090435119806,36.2235,-115.9974
Chipotle,NV,Reno,89511,-119.89555768162789,39.39512105279048,39.5497,-119.8483
Chipotle,NV,Reno,89523,-119.91372651169604,39.5240146978054,39.5497,-119.8483
Chipotle,NV,Reno,89521,-119.6859385482876,39.38101201678194,39.5497,-119.8483
Chipotle,NV,Reno,89509,-119.82728686677618,39.496607346967096,39.5497,-119.8483
Chipotle,NV,Reno,89503,-119.83987272202641,39.5407974258028,39.5497,-119.8483
Chipotle,NV,Sparks,89434,-119.64036146437243,39.5321220189929,39.5736,-119.7161
Chipotle,NH,Bedford,03110,-71.53027846143519,42.940656735841,32.8464,-97.135
Chipotle,NH,Claremont,03743,-72.32527697266201,43.35814508867541,34.1259,-117.7153
Chipotle,NH,Concord,03301,-71.54337716191625,43.224332424415,37.9722,-122.0016
Chipotle,NH,Dover,03820,-70.88676878774656,43.188811073052264,39.161,-75.5202
Chipotle,NH,Keene,03431,-72.29551327973458,42.96263049222956,42.9494,-72.2998
Chipotle,NH,Manchester,03103,-71.44431542394837,42.95357951021652,42.9848,-71.4447
Chipotle,NH,Nashua,03060,-71.4593171109568,42.74130897220574,42.7491,-71.491
Chipotle,NH,Nashua,03063,-71.51937566609425,42.779504226544546,42.7491,-71.491
Chipotle,NH,Newington,03801,-70.80516914356501,43.072949650037515,38.7358,-77.1993
Chipotle,NH,Conway,03860,-71.1198857606441,44.04207742039795,35.0753,-92.4692
Chipotle,NH,Portsmouth,03801,-70.80516914356501,43.072949650037515,36.8468,-76.354
Chipotle,NH,Salem,03079,-71.22025104319395,42.790197274339675,44.9233,-123.0244
Chipotle,NH,Stratham,03885,-70.90059786084439,43.01575026132149,,
Chipotle,NJ,Absecon,08201,-74.49506072917765,39.422323475381035,39.4229,-74.4944
Chipotle,NJ,Avenel,07001,-74.26993030227413,40.5834345692676,40.5842,-74.2716
Chipotle,NJ,Barrington,08007,-75.05374534046592,39.8657906510055,41.7443,-71.3145
Chipotle,NJ,Ridge,07920,-74.56297108532614,40.67839711600248,40.9068,-72.8816
Chipotle,NJ,Bellmawr,08031,-75.09451626604516,39.866653109417406,39.8666,-75.0941
Chipotle,NJ,Bernardsville,07924,-74.5896359168888,40.72703260098237,,
Chipotle,NJ,Bloomfield,07003,-74.18682574075682,40.809921154981005,40.8098,-74.1869
Chipotle,NJ,Brook,08805,-74.53699779772688,40.57164635811176,,
Chipotle,NJ,Brick,08723,-74.11091484096599,40.038864781208275,40.06,-74.1099
Chipotle,NJ,Bridgeton,08302,-75.2608790052352,39.43948779841463,39.4286,-75.2281
Chipotle,NJ,Bridgewater,08807,-74.62028631842085,40.59275315928896,40.5934,-74.6076
Chipotle,NJ,Burlington,08016,-74.82989037365599,40.06935671090863,36.076,-79.4685
Chipotle,NJ,House,08210,-74.82587798437207,39.11715120623722,,
Chipotle,NJ,Hill,08034,-74.99929938739939,39.90604785792312,,
Chipotle,NJ,Hill,08002,-75.02539077817356,39.931344239426636,,
Chipotle,NJ,Chester,07930,-74.68676592207807,40.77992800765377,39.8456,-75.3718
Chipotle,NJ,Cinnaminson,08077,-74.99527524772256,40.001888572746225,40.0008,-74.993
Chipotle,NJ,Clark,07066,-74.31341980667383,40.62027808574765,40.6203,-74.3134
Chipotle,NJ,Clementon,08021,-75.00059790790812,39.80669310545576,,
Chipotle,NJ,Clifton,07014,-74.1354738553074,40.83149035139105,40.863,-74.1575
Chipotle,NJ,Closter,07624,-73.96056421994463,40.97329741641222,40.9733,-73.9604
Chipotle,NJ,Delran,08075,-74.94992595916726,40.02932307822294,40.017,-74.9495
Chipotle,NJ,Deptford,08096,-75.12677883132562,39.82662637390518,39.8157,-75.1181
Chipotle,NJ,Brunswick,08816,-74.41620525010438,40.42854419336111,31.1449,-81.4746
Chipotle,NJ,Hanover,07936,-74.36375445678321,40.81922440276119,39.8118,-76.9836
Chipotle,NJ,Rutherford,07073,-74.08533745517445,40.81788693423737,40.8203,-74.1057
Chipotle,NJ,Windsor,08520,-74.53160813883416,40.255283147101345,40.469,-104.9198
Chipotle,NJ,Eatontown,07724,-74.07482202732436,40.29842182807835,40.2913,-74.0558
Chipotle,NJ,Edgewater,07020,-73.97394486054144,40.823686530577504,28.9594,-80.9406
Chipotle,NJ,Edison,08837,-74.34460037426507,40.51363387502093,40.536,-74.3697
Chipotle,NJ,Edison,08817,-74.39444138496934,40.51550590746369,40.536,-74.3697
Chipotle,NJ,Township,08234,-74.62376600751811,39.38658784401732,,
Chipotle,NJ,Englewood,07631,-73.97356702338637,40.891741482445205,39.6468,-104.9942
Chipotle,NJ,Flanders,07836,-74.70327646931176,40.8452743499593,40.8412,-74.7102
Chipotle,NJ,Flemington,08822,-74.86361591370202,40.52110810911648,,
Chipotle,NJ,River,08731,-74.26970865194184,39.86218233436984,,
Chipotle,NJ,Lee,07024,-73.97123532904388,40.85081067780464,,
Chipotle,NJ,Freehold,07728,-74.28536433052774,40.22546330558999,40.2233,-74.2986
Chipotle,NJ,Glassboro,08028,-75.12051522564163,39.69439706963993,39.7014,-75.1113
Chipotle,NJ,City,08030,-75.1177399537286,39.88976761871431,,
Chipotle,NJ,Hackensack,07601,-74.04610775046946,40.88899082519943,40.8891,-74.0462
Chipotle,NJ,Hamilton,08691,-74.59377049150459,40.20978920302531,40.2046,-74.6765
Chipotle,NJ,Hillsborough,08844,-74.67286890754758,40.49849757810527,40.4985,-74.674
Chipotle,NJ,Hillsdale,07642,-74.04389695273551,41.007323696487354,41.0074,-74.044
Chipotle,NJ,Hoboken,07030,-74.0321121822071,40.74529514643737,40.7452,-74.0281
Chipotle,NJ,Holmdel,07733,-74.17257068299642,40.37667156198803,40.3768,-74.1725
Chipotle,NJ,Howell,07731,-74.20007255565686,40.149747440506815,40.1819,-74.1976
Chipotle,NJ,City,07306,-74.07179115721394,40.73456621075861,,
Chipotle,NJ,City,07302,-74.04688339029754,40.7198229268113,,
Chipotle,NJ,City,07310,-74.03774168339125,40.73059534571855,,
Chipotle,NJ,Kearny,07032,-74.12030836910908,40.75374857782192,40.7528,-74.1202
Chipotle,NJ,Lawrenceville,08648,-74.72186428675565,40.28489915663383,33.9523,-83.9932
Chipotle,NJ,Ledgewood,07852,-74.66267748048018,40.88222953061025,,
Chipotle,NJ,Lodi,07644,-74.08136123785944,40.87845411402649,38.1218,-121.2932
Chipotle,NJ,Madison,07940,-74.41793517258607,40.75983435797905,43.0822,-89.393
Chipotle,NJ,Manahawkin,08050,-74.24832494049274,39.70639372840198,,
Chipotle,NJ,Marlton,08053,-74.89466382499035,39.86049787894388,39.9014,-74.9294
Chipotle,NJ,Marlton,08053,-74.89466382499035,39.86049787894388,39.9014,-74.9294
Chipotle,NJ,Landing,08330,-74.74147592140801,39.476103697556695,,
Chipotle,NJ,Metuchen,08840,-74.35841081386599,40.54363019121304,40.5424,-74.3628
Chipotle,NJ,Montvale,07645,-74.04984619099352,41.05292580803176,41.0529,-74.0499
Chipotle,NJ,Moorestown,08057,-74.94116012574952,39.97937822457977,39.9784,-74.9413
Chipotle,NJ,Plains,07950,-74.48236320120947,40.84451961851963,41.2657,-75.8131
Chipotle,NJ,Plains,07950,-74.48236320120947,40.84451961851963,41.2657,-75.8131
Chipotle,NJ,Laurel,08054,-74.90472551964433,39.94836395126906,39.0949,-76.8622
Chipotle,NJ,Laurel,08054,-74.90472551964433,39.94836395126906,39.0949,-76.8622
Chipotle,NJ,Brunswick,08901,-74.44271959763779,40.48410731945065,31.1449,-81.4746
Chipotle,NJ,Providence,07974,-74.40306090305664,40.697315972167516,41.823,-71.4187
Chipotle,NJ,Newark,07102,-74.17359090076792,40.735890174718726,40.7245,-74.1725
Chipotle,NJ,Newton,07860,-74.81340114029047,41.06022829180209,42.3316,-71.2085
Chipotle,NJ,Bergen,07047,-74.02616990088168,40.79361997454968,,
Chipotle,NJ,Brunswick,08902,-74.48628530078348,40.440705559027016,31.1449,-81.4746
Chipotle,NJ,Brunswick,08902,-74.48628530078348,40.440705559027016,31.1449,-81.4746
Chipotle,NJ,Bridge,08857,-74.32981623000619,40.39162652618825,,
Chipotle,NJ,Paramus,07652,-74.07118040623035,40.94554444095629,40.9455,-74.0712
Chipotle,NJ,Paramus,07652,-74.07118040623035,40.94554444095629,40.9455,-74.0712
Chipotle,NJ,Paramus,07652,-74.07118040623035,40.94554444095629,40.9455,-74.0712
Chipotle,NJ,Parsippany,07054,-74.40224943420249,40.85565257281181,40.8645,-74.4135
Chipotle,NJ,Phillipsburg,08865,-75.150770657711,40.70780231297517,40.6894,-75.1821
Chipotle,NJ,Princeton,08540,-74.65563929937879,40.36330565979064,25.5396,-80.3971
Chipotle,NJ,Ramsey,07446,-74.1454609253385,41.059450638473244,45.2617,-93.4494
Chipotle,NJ,Bank,07701,-74.07745660246087,40.36144377550437,,
Chipotle,NJ,Grande,08242,-74.88879815567176,39.0180474318847,,
Chipotle,NJ,Rockaway,07866,-74.49018287893225,40.95379188654224,40.9602,-74.4988
Chipotle,NJ,Girt,08750,-74.04145840242741,40.13289612368119,,
Chipotle,NJ,Secaucus,07094,-74.06605672834613,40.78101725582668,40.781,-74.0659
Chipotle,NJ,Sewell,08080,-75.11891279642332,39.75582904025576,,
Chipotle,NJ,Shrewsbury,07702,-74.06000905573926,40.324886207943244,42.2842,-71.7154
Chipotle,NJ,Sicklerville,08081,-74.97550864197866,39.736658536718814,39.7452,-74.9934
Chipotle,NJ,Point,08244,-74.58802109566791,39.31816932428467,,
Chipotle,NJ,Plainfield,07080,-74.41530722918223,40.57479699323058,40.6154,-74.4157
Chipotle,NJ,Springfield,07081,-74.32546196705522,40.6994463134417,42.1155,-72.5395
Chipotle,NJ,Springfield,07081,-74.32546196705522,40.6994463134417,42.1155,-72.5395
Chipotle,NJ,Teterboro,07608,-74.06120603361066,40.85367267986294,,
Chipotle,NJ,River,08753,-74.15557844900228,39.979380842000516,,
Chipotle,NJ,River,08753,-74.15557844900228,39.979380842000516,,
Chipotle,NJ,Union,07083,-74.26897579296467,40.6942137729123,40.6953,-74.2697
Chipotle,NJ,Vineland,08360,-75.00642448773336,39.49427559180095,39.4653,-74.9981
Chipotle,NJ,Vineland,08360,-75.00642448773336,39.49427559180095,39.4653,-74.9981
Chipotle,NJ,Voorhees,08043,-74.95484248177034,39.84502648981593,39.845,-74.9549
Chipotle,NJ,Watchung,07069,-74.43949837936256,40.64246434720531,,
Chipotle,NJ,Wayne,07470,-74.24524079510327,40.94803104831596,40.9481,-74.2453
Chipotle,NJ,Wayne,07470,-74.24524079510327,40.94803104831596,40.9481,-74.2453
Chipotle,NJ,Caldwell,07006,-74.28167611209136,40.85216288980615,43.6453,-116.6594
Chipotle,NJ,Orange,07052,-74.26280617860458,40.789303722169315,33.8038,-117.8218
Chipotle,NJ,Westfield,07090,-74.34320574694209,40.651549755745144,40.0341,-86.1529
Chipotle,NJ,Woodbridge,07095,-74.28636669091537,40.55378065795009,40.5611,-74.2943
Chipotle,NM,Albuquerque,87112,-106.51627813707694,35.101050986202246,35.1054,-106.6465
Chipotle,NM,Albuquerque,87106,-106.62160904287653,35.05818649542328,35.1054,-106.6465
Chipotle,NM,Albuquerque,87114,-106.68405729672979,35.197108585819464,35.1054,-106.6465
Chipotle,NM,Albuquerque,87120,-106.73710879487388,35.13509179892886,35.1054,-106.6465
Chipotle,NM,Albuquerque,87110,-106.57809911549806,35.108074437239544,35.1054,-106.6465
Chipotle,NM,Albuquerque,87110,-106.57809911549806,35.108074437239544,35.1054,-106.6465
Chipotle,NM,Albuquerque,87113,-106.59235642078639,35.18355023973417,35.1054,-106.6465
Chipotle,NM,Clovis,88101,-103.28375580899932,34.4987316893766,36.8278,-119.683
Chipotle,NM,Farmington,87402,-108.14403379850842,36.78061923220858,36.7555,-108.1823
Chipotle,NM,Cruces,88011,-106.64369546992735,32.315849796862196,,
Chipotle,NM,Fe,87505,-105.86872734482466,35.6219222570972,,
Chipotle,NY,Albany,12205,-73.82938032090426,42.718970090387515,42.6664,-73.7987
Chipotle,NY,Albany,12203,-73.8481627094757,42.681071343712944,42.6664,-73.7987
Chipotle,NY,Albany,12208,-73.8102294044599,42.653265469252695,42.6664,-73.7987
Chipotle,NY,Amherst,14228,-78.7812546348787,43.04090637169702,43.0117,-78.757
Chipotle,NY,Amherst,14228,-78.7812546348787,43.04090637169702,43.0117,-78.757
Chipotle,NY,Amsterdam,12010,-74.17385960936653,42.937972510156335,42.942,-74.1906
Chipotle,NY,Astoria,11105,-73.90625019700028,40.77897162717198,46.1856,-123.8053
Chipotle,NY,Astoria,11103,-73.91345744191008,40.76257574492997,46.1856,-123.8053
Chipotle,NY,Auburn,13021,-76.55890168881982,42.92381691828664,32.6087,-85.4903
Chipotle,NY,Batavia,14020,-78.21264713813562,42.996185443102064,41.8479,-88.3109
Chipotle,NY,Shore,11706,-73.25108644411256,40.72170439249667,,
Chipotle,NY,Bayside,11360,-73.78154829889057,40.780348536063855,,
Chipotle,NY,Bohemia,11716,-73.12695595172033,40.77126970019174,40.7717,-73.1271
Chipotle,NY,Bronx,10459,-73.89294097764623,40.82585578456568,40.8501,-73.8662
Chipotle,NY,Bronx,10461,-73.84058375749245,40.84739477606517,40.8501,-73.8662
Chipotle,NY,Bronx,10463,-73.9066361820724,40.88082729240202,40.8501,-73.8662
Chipotle,NY,Bronx,10463,-73.9066361820724,40.88082729240202,40.8501,-73.8662
Chipotle,NY,Bronx,10475,-73.82528703306689,40.8694731009727,40.8501,-73.8662
Chipotle,NY,Bronx,10462,-73.85863943300222,40.84280215881067,40.8501,-73.8662
Chipotle,NY,Bronx,10452,-73.92343753662254,40.83739130954323,40.8501,-73.8662
Chipotle,NY,Bronx,10451,-73.92383877152147,40.82071728864835,40.8501,-73.8662
Chipotle,NY,Bronx,10455,-73.90858972787869,40.81471272033019,40.8501,-73.8662
Chipotle,NY,Bronx,10462,-73.85863943300222,40.84280215881067,40.8501,-73.8662
Chipotle,NY,Bronx,10467,-73.87394466032933,40.88090240676962,40.8501,-73.8662
Chipotle,NY,Bronx,10461,-73.84058375749245,40.84739477606517,40.8501,-73.8662
Chipotle,NY,Bronx,10458,-73.88815927669079,40.862529310415034,40.8501,-73.8662
Chipotle,NY,Bronx,10458,-73.88815927669079,40.862529310415034,40.8501,-73.8662
Chipotle,NY,Bronx,10451,-73.92383877152147,40.82071728864835,40.8501,-73.8662
Chipotle,NY,Bronx,10465,-73.82309969069877,40.82386526506178,40.8501,-73.8662
Chipotle,NY,Brooklyn,11201,-73.98966015314589,40.69468421355236,40.6501,-73.9496
Chipotle,NY,Brooklyn,11226,-73.95664861763628,40.6464483143132,40.6501,-73.9496
Chipotle,NY,Brooklyn,11216,-73.94931272791317,40.68076898493075,40.6501,-73.9496
Chipotle,NY,Brooklyn,11249,,,40.6501,-73.9496
Chipotle,NY,Brooklyn,11229,-73.94393787353037,40.60080036151745,40.6501,-73.9496
Chipotle,NY,Brooklyn,11201,-73.98966015314589,40.69468421355236,40.6501,-73.9496
Chipotle,NY,Brooklyn,11221,-73.9278785242926,40.69133995723946,40.6501,-73.9496
Chipotle,NY,Brooklyn,11213,-73.93634169654636,40.67107955953594,40.6501,-73.9496
Chipotle,NY,Brooklyn,11215,-73.98687810452245,40.66251719890512,40.6501,-73.9496
Chipotle,NY,Brooklyn,11201,-73.98966015314589,40.69468421355236,40.6501,-73.9496
Chipotle,NY,Brooklyn,11215,-73.98687810452245,40.66251719890512,40.6501,-73.9496
Chipotle,NY,Brooklyn,11207,-73.89421072725561,40.67075829970679,40.6501,-73.9496
Chipotle,NY,Brooklyn,11214,-73.99621515378331,40.59867999353171,40.6501,-73.9496
Chipotle,NY,Brooklyn,11210,-73.94632286047378,40.62814468354132,40.6501,-73.9496
Chipotle,NY,Brooklyn,11234,-73.91070989347017,40.60602664162089,40.6501,-73.9496
Chipotle,NY,Brooklyn,11213,-73.93634169654636,40.67107955953594,40.6501,-73.9496
Chipotle,NY,Brooklyn,11214,-73.99621515378331,40.59867999353171,40.6501,-73.9496
Chipotle,NY,Brooklyn,11238,-73.96380053576804,40.679169565082915,40.6501,-73.9496
Chipotle,NY,Brooklyn,11205,-73.96624169196511,40.694661465151896,40.6501,-73.9496
Chipotle,NY,Brooklyn,11232,-74.00579748234472,40.656307992111,40.6501,-73.9496
Chipotle,NY,Brooklyn,11209,-74.03013380652206,40.62199442284234,40.6501,-73.9496
Chipotle,NY,Brooklyn,11201,-73.98966015314589,40.69468421355236,40.6501,-73.9496
Chipotle,NY,Brooklyn,11234,-73.91070989347017,40.60602664162089,40.6501,-73.9496
Chipotle,NY,Brooklyn,11204,-73.98483085262656,40.61877750549235,40.6501,-73.9496
Chipotle,NY,Brooklyn,11206,-73.94235759108113,40.70195404753594,40.6501,-73.9496
Chipotle,NY,Buffalo,14216,-78.86168556623382,42.94845030778238,42.9018,-78.8487
Chipotle,NY,Buffalo,14219,-78.8283148290709,42.788871211172705,42.9018,-78.8487
Chipotle,NY,Canandaigua,14424,-77.30818220603399,42.848135128584,42.8608,-77.3182
Chipotle,NY,Place,11514,-73.6124765591373,40.74989202219802,,
Chipotle,NY,Valley,10926,-74.12453175289735,41.30157147029374,32.8088,-85.181
Chipotle,NY,Valley,10917,-74.11719979513312,41.32428635564983,32.8088,-85.181
Chipotle,NY,Cheektowaga,14225,-78.75162793862795,42.9289829393425,42.9082,-78.7466
Chipotle,NY,Cicero,13039,-76.06910466426915,43.168566260281594,41.8445,-87.7593
Chipotle,NY,Park,12065,-73.78648020133825,42.853184945238226,,
Chipotle,NY,Colonie,12205,-73.82938032090426,42.718970090387515,42.7396,-73.7874
Chipotle,NY,Commack,11725,-73.28081263494171,40.84049550758878,40.8435,-73.2833
Chipotle,NY,Corona,11368,-73.85257952006722,40.74962493853085,33.8616,-117.5649
Chipotle,NY,Park,11729,-73.32180944206678,40.76278434895264,,
Chipotle,NY,Park,11729,-73.32180944206678,40.76278434895264,,
Chipotle,NY,Ferry,10522,-73.8647349826201,41.01229793982106,,
Chipotle,NY,Aurora,14052,-78.58108662202746,42.77019567711683,39.7083,-104.7237
Chipotle,NY,Meadow,11554,-73.56021168057343,40.719585853055776,,
Chipotle,NY,Northport,11731,-73.31692992978118,40.8626368323,33.2586,-87.5993
Chipotle,NY,Elmhurst,11373,-73.87853853359005,40.738842866726415,41.8973,-87.9432
Chipotle,NY,Elmhurst,11373,-73.87853853359005,40.738842866726415,41.8973,-87.9432
Chipotle,NY,Elmhurst,11373,-73.87853853359005,40.738842866726415,41.8973,-87.9432
Chipotle,NY,Elmont,11003,-73.70797074376415,40.70139221304887,40.7033,-73.7078
Chipotle,NY,Fairport,14450,-77.41702861025904,43.091629903944444,,
Chipotle,NY,Farmingdale,11735,-73.43269053055604,40.73154702953746,,
Chipotle,NY,Fayetteville,13066,-76.0031834656271,43.03271814082968,36.0714,-94.1661
Chipotle,NY,Fishkill,12524,-73.89256881778502,41.52965146609432,41.5129,-73.9271
Chipotle,NY,Flushing,11354,-73.8272338358787,40.76863828723276,,
Chipotle,NY,Hills,11375,-73.84614008893848,40.720963574738256,,
Chipotle,NY,Meadows,11366,-73.78501664538717,40.7281564133036,,
Chipotle,NY,City,11530,-73.6372442191996,40.72736084791963,,
Chipotle,NY,Glenmont,12077,-73.7840736593841,42.59431715601388,39.0698,-77.0467
Chipotle,NY,Glenville,12302,-73.98202372094178,42.88184857093595,42.8869,-73.9925
Chipotle,NY,Neck,11021,-73.72897215396387,40.78646731032103,,
Chipotle,NY,Hamburg,14075,-78.83294388528874,42.714323217806545,42.7394,-78.8581
Chipotle,NY,Hauppauge,11788,-73.21320615138939,40.81808389223985,40.8211,-73.2109
Chipotle,NY,Hauppauge,11788,-73.21320615138939,40.81808389223985,40.8211,-73.2109
Chipotle,NY,Hicksville,11801,-73.52396174303004,40.76240339021944,40.7637,-73.5245
Chipotle,NY,Falls,10928,-73.99770612839595,41.353420334921275,40.1686,-74.7915
Chipotle,NY,Beach,11414,-73.8449694282204,40.65811684411337,,
Chipotle,NY,Beach,11414,-73.8449694282204,40.65811684411337,,
Chipotle,NY,Station,11747,-73.4098128612773,40.78416351400613,,
Chipotle,NY,Islandia,11749,-73.17092597114502,40.80676532635341,,
Chipotle,NY,Ithaca,14850,-76.49957396753102,42.430998186260624,42.4442,-76.5032
Chipotle,NY,Heights,11372,-73.88366632801976,40.75167494967428,,
Chipotle,NY,Jamaica,11435,-73.80963685095271,40.70122591993155,,
Chipotle,NY,Jamaica,11432,-73.79307108563536,40.71535870986991,,
Chipotle,NY,City,13790,-75.99798680998833,42.17014581417935,,
Chipotle,NY,Kingston,12401,-74.05276623668541,41.935607159559936,41.9295,-73.9968
Chipotle,NY,Grove,11755,-73.11725354963104,40.85819020357138,,
Chipotle,NY,Ronkonkoma,11779,-73.11540068088941,40.812777580589135,40.8037,-73.1246
Chipotle,NY,Latham,12110,-73.77673742096185,42.75317946950439,42.7427,-73.7497
Chipotle,NY,Lawrence,11559,-73.71729608318411,40.60653254927922,38.9597,-95.2642
Chipotle,NY,Levittown,11756,-73.51658014055356,40.72545245460104,40.7241,-73.5125
Chipotle,NY,Lindenhurst,11757,-73.37351131160761,40.68879186902947,40.6858,-73.371
Chipotle,NY,Liverpool,13090,-76.2135744393308,43.1517211186498,,
Chipotle,NY,City,11101,-73.93889096896932,40.74677208115078,,
Chipotle,NY,Mamaroneck,10543,-73.73561875484789,40.95211829241268,40.9443,-73.7488
Chipotle,NY,Maspeth,11378,-73.90967800344531,40.72472904003229,,
Chipotle,NY,Merrick,11566,-73.55409567489941,40.66310292153888,40.6515,-73.5535
Chipotle,NY,Middletown,10940,-74.4701460397377,41.451190185704206,39.5033,-84.3659
Chipotle,NY,Mineola,11501,-73.6389045040278,40.74628560397247,40.747,-73.6394
Chipotle,NY,Lake,10547,-73.8462069105581,41.311650203038425,,
Chipotle,NY,Kisco,10549,-73.72094460070599,41.200634286217536,,
Chipotle,NY,Nanuet,10954,-74.01279241697455,41.09989836490961,41.0957,-74.0155
Chipotle,NY,Hartford,13413,-75.27712925153564,43.05900764353885,41.7661,-72.6834
Chipotle,NY,Park,11040,-73.6797319879837,40.74559864911612,,
Chipotle,NY,Rochelle,10804,-73.78632501261104,40.94912156468321,41.9197,-89.0629
Chipotle,NY,York,10004,-74.01601970565935,40.694087884014955,39.9651,-76.7315
Chipotle,NY,York,10038,-74.00253963024288,40.709338434471,39.9651,-76.7315
Chipotle,NY,York,10065,-73.96314401219541,40.76462843741948,39.9651,-76.7315
Chipotle,NY,York,10038,-74.00253963024288,40.709338434471,39.9651,-76.7315
Chipotle,NY,York,10065,-73.96314401219541,40.76462843741948,39.9651,-76.7315
Chipotle,NY,York,10003,-73.98918085896602,40.73182933447026,39.9651,-76.7315
Chipotle,NY,York,10010,-73.98245546966113,40.73910427605552,39.9651,-76.7315
Chipotle,NY,York,10021,-73.9587407514984,40.769224494915555,39.9651,-76.7315
Chipotle,NY,York,10020,-73.98003765184627,40.75921371010816,39.9651,-76.7315
Chipotle,NY,York,10019,-73.98734157387119,40.76582888018277,39.9651,-76.7315
Chipotle,NY,York,10011,-74.000620056921,40.742042916293265,39.9651,-76.7315
Chipotle,NY,York,10028,-73.95351366269358,40.77644167814641,39.9651,-76.7315
Chipotle,NY,York,10017,-73.97248922535931,40.75235914285128,39.9651,-76.7315
Chipotle,NY,York,10022,-73.96794886950615,40.75863041991217,39.9651,-76.7315
Chipotle,NY,York,10029,-73.94397003864425,40.7917631560547,39.9651,-76.7315
Chipotle,NY,York,10004,-74.01601970565935,40.694087884014955,39.9651,-76.7315
Chipotle,NY,York,10014,-74.00698522815135,40.73368327935534,39.9651,-76.7315
Chipotle,NY,York,10024,-73.97485843063403,40.79219109382407,39.9651,-76.7315
Chipotle,NY,York,10001,-73.99717705496859,40.75063643962799,39.9651,-76.7315
Chipotle,NY,York,10019,-73.98734157387119,40.76582888018277,39.9651,-76.7315
Chipotle,NY,York,10036,-73.98982729753513,40.75925431820775,39.9651,-76.7315
Chipotle,NY,York,10025,-73.96662180624645,40.79860161477176,39.9651,-76.7315
Chipotle,NY,York,10023,-73.98260219094186,40.77591503714568,39.9651,-76.7315
Chipotle,NY,York,10016,-73.97829371280488,40.745220698156295,39.9651,-76.7315
Chipotle,NY,York,10007,-74.00777678969217,40.7138577126026,39.9651,-76.7315
Chipotle,NY,York,10018,-73.99313994942925,40.75533197628236,39.9651,-76.7315
Chipotle,NY,York,10007,-74.00777678969217,40.7138577126026,39.9651,-76.7315
Chipotle,NY,York,10001,-73.99717705496859,40.75063643962799,39.9651,-76.7315
Chipotle,NY,York,10025,-73.96662180624645,40.79860161477176,39.9651,-76.7315
Chipotle,NY,York,10009,-73.97863344766057,40.726398693741004,39.9651,-76.7315
Chipotle,NY,York,10001,-73.99717705496859,40.75063643962799,39.9651,-76.7315
Chipotle,NY,York,10022,-73.96794886950615,40.75863041991217,39.9651,-76.7315
Chipotle,NY,York,10027,-73.95320382734229,40.81180049299213,39.9651,-76.7315
Chipotle,NY,York,10280,-74.01685739822238,40.70917915768716,39.9651,-76.7315
Chipotle,NY,York,10031,-73.95004499089703,40.825288176003234,39.9651,-76.7315
Chipotle,NY,York,10118,,,39.9651,-76.7315
Chipotle,NY,York,10032,-73.94282953758659,40.83879195598543,39.9651,-76.7315
Chipotle,NY,York,10032,-73.94282953758659,40.83879195598543,39.9651,-76.7315
Chipotle,NY,York,10013,-74.00490143139464,40.720102806828585,39.9651,-76.7315
Chipotle,NY,York,10014,-74.00698522815135,40.73368327935534,39.9651,-76.7315
Chipotle,NY,York,10033,-73.9340506180767,40.850482065998904,39.9651,-76.7315
Chipotle,NY,York,10016,-73.97829371280488,40.745220698156295,39.9651,-76.7315
Chipotle,NY,York,10018,-73.99313994942925,40.75533197628236,39.9651,-76.7315
Chipotle,NY,York,10011,-74.000620056921,40.742042916293265,39.9651,-76.7315
Chipotle,NY,York,10003,-73.98918085896602,40.73182933447026,39.9651,-76.7315
Chipotle,NY,York,10018,-73.99313994942925,40.75533197628236,39.9651,-76.7315
Chipotle,NY,York,10016,-73.97829371280488,40.745220698156295,39.9651,-76.7315
Chipotle,NY,York,10036,-73.98982729753513,40.75925431820775,39.9651,-76.7315
Chipotle,NY,York,10012,-73.9980784474653,40.72558069928901,39.9651,-76.7315
Chipotle,NY,York,10010,-73.98245546966113,40.73910427605552,39.9651,-76.7315
Chipotle,NY,York,10012,-73.9980784474653,40.72558069928901,39.9651,-76.7315
Chipotle,NY,York,10027,-73.95320382734229,40.81180049299213,39.9651,-76.7315
Chipotle,NY,York,10025,-73.96662180624645,40.79860161477176,39.9651,-76.7315
Chipotle,NY,York,10019,-73.98734157387119,40.76582888018277,39.9651,-76.7315
Chipotle,NY,York,10003,-73.98918085896602,40.73182933447026,39.9651,-76.7315
Chipotle,NY,York,10019,-73.98734157387119,40.76582888018277,39.9651,-76.7315
Chipotle,NY,York,10036,-73.98982729753513,40.75925431820775,39.9651,-76.7315
Chipotle,NY,York,10022,-73.96794886950615,40.75863041991217,39.9651,-76.7315
Chipotle,NY,Falls,14304,-78.9519850678602,43.09940845173564,40.1686,-74.7915
Chipotle,NY,Oceanside,11572,-73.63682737049069,40.63233258909683,33.2247,-117.3083
Chipotle,NY,Olean,14760,-78.41386766606382,42.07344250861516,42.0819,-78.4321
Chipotle,NY,Patchogue,11772,-72.98710597609025,40.760986907810874,40.7621,-73.0185
Chipotle,NY,Pelham,10803,-73.80660333203765,40.90028604842466,33.3114,-86.7573
Chipotle,NY,Plattsburgh,12901,-73.47385217510067,44.70386229788771,44.6951,-73.4563
Chipotle,NY,Station,11776,-73.0463858016454,40.913604754389866,,
Chipotle,NY,Queens,11362,-73.7368720246173,40.756500079450184,40.7498,-73.7976
Chipotle,NY,queens,11104,-73.92020255158673,40.74464746956013,,
Chipotle,NY,Queensbury,12804,-73.68408965103615,43.33891487193284,43.3568,-73.6765
Chipotle,NY,Park,11374,-73.8615152839182,40.72646767762786,,
Chipotle,NY,Rensselaer,12144,-73.71809549298112,42.62977464236792,42.6465,-73.7328
Chipotle,NY,Riverhead,11901,-72.6468317872927,40.92644815264622,40.9408,-72.7095
Chipotle,NY,Rochester,14620,-77.60517338347641,43.12891222215506,43.168,-77.6162
Chipotle,NY,Rochester,14621,-77.60372052573527,43.18970365141487,43.168,-77.6162
Chipotle,NY,Rochester,14615,-77.65598756362756,43.20342583452954,43.168,-77.6162
Chipotle,NY,Rochester,14610,-77.54540756603147,43.14258189360649,43.168,-77.6162
Chipotle,NY,Rochester,14618,-77.55534547492084,43.11297146571615,43.168,-77.6162
Chipotle,NY,Rochester,14618,-77.55534547492084,43.11297146571615,43.168,-77.6162
Chipotle,NY,Rochester,14623,-77.64240283598367,43.088464986268576,43.168,-77.6162
Chipotle,NY,Brook,10573,-73.6772810225323,41.01686935176873,,
Chipotle,NY,Springs,12866,-73.74079812993199,43.070794649452516,41.0212,-72.1584
Chipotle,NY,Scarsdale,10583,-73.79313459307572,40.98925494771333,40.9902,-73.7773
Chipotle,NY,Schenectady,12304,-73.89724465449599,42.77405990111893,42.8025,-73.9275
Chipotle,NY,Selden,11784,-73.04124518031594,40.86893931869974,40.8714,-73.0466
Chipotle,NY,Shirley,11967,-72.87489809171436,40.79511378757929,40.7936,-72.8748
Chipotle,NY,Island,10309,-74.22060269614141,40.531361104995554,,
Chipotle,NY,Island,10306,-74.12545787208798,40.57152300888254,,
Chipotle,NY,Island,10314,-74.1664543176247,40.599316483973915,,
Chipotle,NY,Syosset,11791,-73.50419943996583,40.828678417452394,40.8157,-73.502
Chipotle,NY,Syracuse,13210,-76.12608355342917,43.03012986175001,43.0407,-76.1437
Chipotle,NY,Syracuse,13214,-76.0742637793508,43.03820476257467,43.0407,-76.1437
Chipotle,NY,Syracuse,13219,-76.2228006183345,43.03975937596368,43.0407,-76.1437
Chipotle,NY,Tarrytown,10591,-73.84416782470588,41.08588999454796,41.0647,-73.8672
Chipotle,NY,Tonawanda,14223,-78.8462029722682,42.97345187694197,43.0105,-78.8805
Chipotle,NY,Poughkeepsie,12601,-73.91165438252156,41.7035195778823,41.695,-73.9211
Chipotle,NY,Uniondale,11553,-73.59205439114434,40.70675068449558,40.7176,-73.5947
Chipotle,NY,Stream,11581,-73.7165101736604,40.65159721679322,,
Chipotle,NY,Vestal,13850,-76.0266321665196,42.04873914324371,42.0492,-76.026
Chipotle,NY,Victor,14564,-77.42406407944084,42.982954121760095,42.9894,-77.4277
Chipotle,NY,Wantagh,11793,-73.5141648578745,40.650798512743094,40.6686,-73.5104
Chipotle,NY,Watertown,13601,-75.90671292005358,43.96836655707488,43.9734,-75.9094
Chipotle,NY,Webster,14580,-77.44585657863688,43.219851586081795,43.2294,-77.4454
Chipotle,NY,Webster,14580,-77.44585657863688,43.219851586081795,43.2294,-77.4454
Chipotle,NY,Nyack,10994,-73.97264558222442,41.0975492990413,,
Chipotle,NY,Westbury,11590,-73.57462398715089,40.7554115157502,40.7599,-73.5891
Chipotle,NY,Plains,10601,-73.76506394127159,41.03294657984937,41.2657,-75.8131
Chipotle,NY,Plains,10607,-73.81111886656731,41.03956070239759,41.2657,-75.8131
Chipotle,NY,Williamsville,14221,-78.72286307052352,42.98001426012252,,
Chipotle,NY,Williamsville,14221,-78.72286307052352,42.98001426012252,,
Chipotle,NY,Yonkers,10704,-73.86177004362837,40.91889707054884,40.9466,-73.8673
Chipotle,NY,Heights,10598,-73.79326193949724,41.28189229523657,,
Chipotle,NC,Apex,27523,-78.96053501818241,35.77226717936479,35.7237,-78.8743
Chipotle,NC,Asheboro,27203,-79.78929070692092,35.732223209948806,35.7158,-79.8127
Chipotle,NC,Asheville,28803,-82.52001873860813,35.52959172197001,35.5707,-82.5537
Chipotle,NC,Asheville,28806,-82.61428800449552,35.57237005674528,35.5707,-82.5537
Chipotle,NC,Asheville,28806,-82.61428800449552,35.57237005674528,35.5707,-82.5537
Chipotle,NC,Boone,28607,-81.65524278547242,36.2179523561119,36.2111,-81.6669
Chipotle,NC,Burlington,27215,-79.48890031608315,36.03177469299537,36.076,-79.4685
Chipotle,NC,Cary,27511,-78.7843413242096,35.76325329981306,35.7819,-78.8195
Chipotle,NC,Cary,27518,-78.77349075115157,35.72985786962995,35.7819,-78.8195
Chipotle,NC,Cary,27518,-78.77349075115157,35.72985786962995,35.7819,-78.8195
Chipotle,NC,Hill,27514,-79.04446345242174,35.96720680878102,,
Chipotle,NC,Hill,27516,-79.15140118896333,35.91247685083237,,
Chipotle,NC,Charlotte,28277,-80.81749045724308,35.05240733075326,35.2083,-80.8303
Chipotle,NC,Charlotte,28203,-80.85910714281093,35.20818557417645,35.2083,-80.8303
Chipotle,NC,Charlotte,28273,-80.94667689787076,35.12684034167579,35.2083,-80.8303
Chipotle,NC,Charlotte,28204,-80.8270140351939,35.21461959711855,35.2083,-80.8303
Chipotle,NC,Charlotte,28211,-80.7961797659983,35.168058185669985,35.2083,-80.8303
Chipotle,NC,Charlotte,28262,-80.74225018994615,35.32514288002975,35.2083,-80.8303
Chipotle,NC,Charlotte,28202,-80.84460587488392,35.227792217762,35.2083,-80.8303
Chipotle,NC,Charlotte,28217,-80.90839662880569,35.171439913004384,35.2083,-80.8303
Chipotle,NC,Charlotte,28212,-80.74511619603332,35.18942019484381,35.2083,-80.8303
Chipotle,NC,Charlotte,28211,-80.7961797659983,35.168058185669985,35.2083,-80.8303
Chipotle,NC,Charlotte,28262,-80.74225018994615,35.32514288002975,35.2083,-80.8303
Chipotle,NC,Charlotte,28226,-80.81984771851398,35.10669627894813,35.2083,-80.8303
Chipotle,NC,Charlotte,28277,-80.81749045724308,35.05240733075326,35.2083,-80.8303
Chipotle,NC,Charlotte,28227,-80.65127408245617,35.18615550707816,35.2083,-80.8303
Chipotle,NC,Charlotte,28262,-80.74225018994615,35.32514288002975,35.2083,-80.8303
Chipotle,NC,Charlotte,28216,-80.88750441275498,35.31121428630495,35.2083,-80.8303
Chipotle,NC,Clayton,27520,-78.47186648116246,35.61425479878991,35.659,-78.4498
Chipotle,NC,Concord,28025,-80.52790303434502,35.3804216647273,37.9722,-122.0016
Chipotle,NC,Concord,28027,-80.67521975046971,35.40847789113977,37.9722,-122.0016
Chipotle,NC,Durham,27703,-78.80681756785455,35.960768284866944,35.9792,-78.9022
Chipotle,NC,Durham,27705,-78.98064537170175,36.02694647236471,35.9792,-78.9022
Chipotle,NC,Durham,27707,-78.95484194043553,35.95474049666079,35.9792,-78.9022
Chipotle,NC,Durham,27704,-78.83040874719602,36.0417607127789,35.9792,-78.9022
Chipotle,NC,Durham,27703,-78.80681756785455,35.960768284866944,35.9792,-78.9022
Chipotle,NC,Durham,27713,-78.92368330662244,35.89496502206558,35.9792,-78.9022
Chipotle,NC,Durham,27707,-78.95484194043553,35.95474049666079,35.9792,-78.9022
Chipotle,NC,City,27909,-76.27093870688273,36.28762926469647,,
Chipotle,NC,Fayetteville,28314,-79.02259781684715,35.05815538887506,36.0714,-94.1661
Chipotle,NC,Fayetteville,28303,-78.96184344151841,35.086045429950296,36.0714,-94.1661
Chipotle,NC,Fayetteville,28311,-78.88168690318,35.17183675943611,36.0714,-94.1661
Chipotle,NC,City,28043,-81.86929023680811,35.31196997975802,,
Chipotle,NC,Liberty,28307,-78.98501871059872,35.137383041034944,39.2394,-94.4191
Chipotle,NC,Varina,27526,-78.82800364044056,35.54134667320152,,
Chipotle,NC,Garner,27529,-78.5817214748282,35.652359751668854,35.6936,-78.6181
Chipotle,NC,Garner,27529,-78.5817214748282,35.652359751668854,35.6936,-78.6181
Chipotle,NC,Gastonia,28056,-81.12514759380645,35.217200221867756,35.2494,-81.1854
Chipotle,NC,Goldsboro,27534,-77.90760335778761,35.37131603618552,35.3778,-77.9717
Chipotle,NC,Greensboro,27408,-79.814135469947,36.10311147654406,36.0956,-79.8271
Chipotle,NC,Greensboro,27408,-79.814135469947,36.10311147654406,36.0956,-79.8271
Chipotle,NC,Greensboro,27407,-79.87646033957057,36.00982774353478,36.0956,-79.8271
Chipotle,NC,Greensboro,27403,-79.82469154576688,36.06432673162385,36.0956,-79.8271
Chipotle,NC,Greensboro,27409,-79.9447317963164,36.09388155889043,36.0956,-79.8271
Chipotle,NC,Greensboro,27410,-79.89430858045694,36.11785418049262,36.0956,-79.8271
Chipotle,NC,Greensboro,27407,-79.87646033957057,36.00982774353478,36.0956,-79.8271
Chipotle,NC,Greenville,27834,-77.38394848897511,35.658574370555726,34.8354,-82.3646
Chipotle,NC,Greenville,27858,-77.2978881130491,35.532068937740306,34.8354,-82.3646
Chipotle,NC,Harrisburg,28075,-80.63985153065182,35.30270318805279,40.2752,-76.8843
Chipotle,NC,Hendersonville,28792,-82.36892603280658,35.38981889836909,36.3063,-86.5997
Chipotle,NC,Hickory,28602,-81.38617648339607,35.67609181672326,35.741,-81.3223
Chipotle,NC,Hickory,28601,-81.32634116662867,35.77254949719106,35.741,-81.3223
Chipotle,NC,Point,27262,-80.03839700841684,35.96233502927277,,
Chipotle,NC,Point,27263,-79.93796838402325,35.90929463666201,,
Chipotle,NC,Point,27265,-80.03053538083161,36.009587730452836,,
Chipotle,NC,Springs,27540,-78.8696535469794,35.61213101256273,41.0212,-72.1584
Chipotle,NC,Mills,28306,-78.8955202677554,34.95880235459843,,
Chipotle,NC,Huntersville,28078,-80.86262696278155,35.404908610707245,35.406,-80.8716
Chipotle,NC,Jacksonville,28546,-77.36102185960888,34.796622578626476,30.3322,-81.6749
Chipotle,NC,Jacksonville,28540,-77.50564174449113,34.756334102642334,30.3322,-81.6749
Chipotle,NC,Kannapolis,28027,-80.67521975046971,35.40847789113977,35.4764,-80.6408
Chipotle,NC,Kernersville,27284,-80.07738621765209,36.11845879608764,36.1065,-80.0842
Chipotle,NC,Leland,28451,-78.09331189966564,34.23768310145496,34.2042,-78.0279
Chipotle,NC,Lenoir,28645,-81.54413441932738,35.97737917942602,35.9094,-81.5249
Chipotle,NC,Matthews,28105,-80.71312609202248,35.1165961588767,35.1195,-80.7101
Chipotle,NC,Monroe,28110,-80.52705053631556,35.06749717170762,32.5185,-92.0774
Chipotle,NC,Mooresville,28117,-80.89561274032891,35.57215954820963,35.5847,-80.8266
Chipotle,NC,Morganton,28655,-81.74412206813446,35.75714275742717,35.7408,-81.7002
Chipotle,NC,Morrisville,27560,-78.82708828576082,35.85921895222013,35.8368,-78.8348
Chipotle,NC,Bern,28562,-77.1267563993609,35.08049675240634,,
Chipotle,NC,Pineville,28134,-80.89179091097616,35.08614225351596,31.3414,-92.4096
Chipotle,NC,Raleigh,27607,-78.72235360255434,35.81327893216581,35.8324,-78.6429
Chipotle,NC,Raleigh,27603,-78.66172560126118,35.6635803447411,35.8324,-78.6429
Chipotle,NC,Raleigh,27609,-78.63333949901698,35.84330456215554,35.8324,-78.6429
Chipotle,NC,Raleigh,27616,-78.53807977164064,35.8672941097212,35.8324,-78.6429
Chipotle,NC,Raleigh,27609,-78.63333949901698,35.84330456215554,35.8324,-78.6429
Chipotle,NC,Raleigh,27612,-78.71023837941732,35.85333315187995,35.8324,-78.6429
Chipotle,NC,Raleigh,27615,-78.63611145678999,35.89798161805336,35.8324,-78.6429
Chipotle,NC,Rapids,27870,-77.72095529421298,36.43001591625294,,
Chipotle,NC,Mount,27804,-77.84674221571196,35.990369159616044,,
Chipotle,NC,Salisbury,28144,-80.46415898742464,35.70621265379973,38.3756,-75.5865
Chipotle,NC,Smithfield,27577,-78.34384262262601,35.4918637857294,41.9014,-71.5308
Chipotle,NC,Pines,28387,-79.37604902307366,35.179120762120505,,
Chipotle,NC,Statesville,28625,-80.88575528431367,35.86508534472014,35.7842,-80.8713
Chipotle,NC,Forest,27587,-78.5528678232926,35.98128382564981,37.3728,-79.2831
Chipotle,NC,Wendell,27591,-78.38606432786575,35.784847395069306,35.7819,-78.3952
Chipotle,NC,Wilmington,28403,-77.87984885034096,34.22185605990152,34.2099,-77.8866
Chipotle,NC,Wilmington,28411,-77.7914347070849,34.30223827929549,34.2099,-77.8866
Chipotle,NC,Wilmington,28405,-77.86699769893987,34.26513663612752,34.2099,-77.8866
Chipotle,NC,Wilson,27893,-77.90258941096033,35.69202754584282,35.7311,-77.9284
Chipotle,NC,Salem,27127,-80.27892088557336,36.01990699089168,44.9233,-123.0244
Chipotle,NC,Salem,27103,-80.32148257279655,36.057988163682175,44.9233,-123.0244
Chipotle,NC,Salem,27105,-80.23476669576598,36.16284140847616,44.9233,-123.0244
Chipotle,NC,Salem,27106,-80.3226068965082,36.1429040122561,44.9233,-123.0244
Chipotle,NC,Winterville,28590,-77.41630785722849,35.5204968659345,35.5291,-77.4
Chipotle,OH,Akron,44312,-81.44077242803809,41.015414776534676,41.0798,-81.5219
Chipotle,OH,Akron,44304,-81.50785262883285,41.083175400178824,41.0798,-81.5219
Chipotle,OH,Akron,44333,-81.63284490795655,41.16191526977921,41.0798,-81.5219
Chipotle,OH,Akron,44319,-81.53157420530232,40.98304656928493,41.0798,-81.5219
Chipotle,OH,Akron,44312,-81.44077242803809,41.015414776534676,41.0798,-81.5219
Chipotle,OH,Akron,44303,-81.5369422775465,41.10468628844033,41.0798,-81.5219
Chipotle,OH,Alliance,44601,-81.13018549434996,40.91934295083289,40.9107,-81.1189
Chipotle,OH,Amelia,45102,-84.20427080500109,39.017149019160016,39.0269,-84.2218
Chipotle,OH,Amherst,44001,-82.26177080637834,41.364956892900175,43.0117,-78.757
Chipotle,OH,Anderson,45255,-84.32709761035449,39.058868158929855,40.0891,-85.6892
Chipotle,OH,Ashland,44805,-82.31685485381472,40.87291008992682,37.6942,-122.1159
Chipotle,OH,Ashtabula,44004,-80.79160961216448,41.85618440872332,41.8805,-80.7984
Chipotle,OH,Athens,45701,-82.0821468165152,39.31356698888571,33.9508,-83.3689
Chipotle,OH,Athens,45701,-82.0821468165152,39.31356698888571,33.9508,-83.3689
Chipotle,OH,Aurora,44202,-81.33989410039472,41.31496506530301,39.7083,-104.7237
Chipotle,OH,Austintown,44515,-80.76377555890434,41.101247936802615,41.0932,-80.7405
Chipotle,OH,Austintown,44515,-80.76377555890434,41.101247936802615,41.0932,-80.7405
Chipotle,OH,Avon,44011,-82.0187395182741,41.44852344291348,41.4485,-82.0187
Chipotle,OH,Avon,44011,-82.0187395182741,41.44852344291348,41.4485,-82.0187
Chipotle,OH,Barberton,44203,-81.62890144446528,41.02054657454293,41.0095,-81.6037
Chipotle,OH,Batavia,45103,-84.13762911054519,39.09754789721888,41.8479,-88.3109
Chipotle,OH,Beavercreek,45324,-83.99404795337259,39.82278826628015,39.731,-84.0624
Chipotle,OH,Beavercreek,45431,-84.07953938041314,39.764518702017995,39.731,-84.0624
Chipotle,OH,Bellefontaine,43311,-83.75613224376127,40.36588799373376,40.3627,-83.763
Chipotle,OH,Berea,44017,-81.86310084139171,41.36867035364073,41.3696,-81.8641
Chipotle,OH,Bexley,43209,-82.93009507877615,39.95389109256436,39.965,-82.9343
Chipotle,OH,Ash,45241,-84.40192261705828,39.27709816041408,,
Chipotle,OH,Boardman,44512,-80.66774082139025,41.024996649843764,,
Chipotle,OH,Green,43402,-83.65458702115328,41.40996392337979,40.9483,-81.4757
Chipotle,OH,Brecksville,44141,-81.61423420886891,41.300832021694504,41.3079,-81.6192
Chipotle,OH,Brooklyn,44144,-81.74269261048802,41.437651077837884,40.6501,-73.9496
Chipotle,OH,Brunswick,44212,-81.82950366540412,41.2434115401977,31.1449,-81.4746
Chipotle,OH,Cambridge,43725,-81.58943372743387,40.04497415730689,42.3759,-71.1185
Chipotle,OH,Winchester,43110,-82.79947749522513,39.82633764553427,39.1735,-78.1746
Chipotle,OH,Winchester,43110,-82.79947749522513,39.82633764553427,39.1735,-78.1746
Chipotle,OH,Canfield,44406,-80.77218593734128,41.01104684227874,,
Chipotle,OH,Canton,44709,-81.38620646371994,40.84235634588621,40.8078,-81.3676
Chipotle,OH,Canton,44708,-81.43562912695218,40.81775425524916,40.8078,-81.3676
Chipotle,OH,Canton,44718,-81.44742983809276,40.851163570257754,40.8078,-81.3676
Chipotle,OH,Canton,44721,-81.32837490382995,40.89412812616978,40.8078,-81.3676
Chipotle,OH,Centerville,45458,-84.15814646421501,39.6006965088743,39.6339,-84.1449
Chipotle,OH,Chillicothe,45601,-82.95563316597145,39.31022676032361,39.3393,-82.9939
Chipotle,OH,Chillicothe,45601,-82.95563316597145,39.31022676032361,39.3393,-82.9939
Chipotle,OH,Cincinnati,45202,-84.50289133493304,39.10899675870153,39.1413,-84.506
Chipotle,OH,Cincinnati,45215,-84.46209460690754,39.235301627117195,39.1413,-84.506
Chipotle,OH,Cincinnati,45206,-84.48437391251113,39.12733097713623,39.1413,-84.506
Chipotle,OH,Cincinnati,45230,-84.39099039562579,39.074362812995155,39.1413,-84.506
Chipotle,OH,Cincinnati,45219,-84.51306475300957,39.12737984767111,39.1413,-84.506
Chipotle,OH,Cincinnati,45241,-84.40192261705828,39.27709816041408,39.1413,-84.506
Chipotle,OH,Cincinnati,45219,-84.51306475300957,39.12737984767111,39.1413,-84.506
Chipotle,OH,Cincinnati,45240,-84.52889847860617,39.28516748500741,39.1413,-84.506
Chipotle,OH,Cincinnati,45247,-84.65159158940911,39.22033235156671,39.1413,-84.506
Chipotle,OH,Cincinnati,45209,-84.42660778022847,39.153038910731574,39.1413,-84.506
Chipotle,OH,Cincinnati,45245,-84.27537511260921,39.06266869345224,39.1413,-84.506
Chipotle,OH,Cincinnati,45255,-84.32709761035449,39.058868158929855,39.1413,-84.506
Chipotle,OH,Cincinnati,45209,-84.42660778022847,39.153038910731574,39.1413,-84.506
Chipotle,OH,Cincinnati,45238-5340,,,39.1413,-84.506
Chipotle,OH,Cincinnati,45238-3495,,,39.1413,-84.506
Chipotle,OH,Cincinnati,45227,-84.3853975844912,39.1538937517952,39.1413,-84.506
Chipotle,OH,Cincinnati,45247,-84.65159158940911,39.22033235156671,39.1413,-84.506
Chipotle,OH,Cincinnati,45211,-84.59828807349744,39.15635090245703,39.1413,-84.506
Chipotle,OH,Cincinnati,45236,-84.3973026530557,39.20981096679065,39.1413,-84.506
Chipotle,OH,Cincinnati,45236,-84.3973026530557,39.20981096679065,39.1413,-84.506
Chipotle,OH,Cincinnati,45231,-84.53784754928694,39.24543329446262,39.1413,-84.506
Chipotle,OH,Cincinnati,45249,-84.32799074672829,39.27548561428679,39.1413,-84.506
Chipotle,OH,Cincinnati,45251,-84.59385898477741,39.26813667581309,39.1413,-84.506
Chipotle,OH,Circleville,43113,-82.96317255816477,39.59092251214219,39.6063,-82.9334
Chipotle,OH,Cleveland,44106,-81.60673055543276,41.50626065985983,41.4764,-81.6805
Chipotle,OH,Cleveland,44102,-81.73792221044043,41.47876473029205,41.4764,-81.6805
Chipotle,OH,Cleveland,44111,-81.78858866050885,41.458254359605476,41.4764,-81.6805
Chipotle,OH,Cleveland,44114,-81.67776235184438,41.51765645670483,41.4764,-81.6805
Chipotle,OH,Cleveland,44109,-81.69670958732968,41.44473557533538,41.4764,-81.6805
Chipotle,OH,Heights,44106,-81.60673055543276,41.50626065985983,,
Chipotle,OH,Columbus,43201,-83.00045985850119,39.991329105358005,39.9862,-82.9855
Chipotle,OH,Columbus,43240,-82.98172382476247,40.145420017609794,39.9862,-82.9855
Chipotle,OH,Columbus,43212,-83.04167708862815,39.9870608586619,39.9862,-82.9855
Chipotle,OH,Columbus,43228,-83.12595621169909,39.96475245197173,39.9862,-82.9855
Chipotle,OH,Columbus,43201,-83.00045985850119,39.991329105358005,39.9862,-82.9855
Chipotle,OH,Columbus,43229,-82.97603046733683,40.08585748127257,39.9862,-82.9855
Chipotle,OH,Columbus,43235,-83.05242043820421,40.102626573410376,39.9862,-82.9855
Chipotle,OH,Columbus,43229,-82.97603046733683,40.08585748127257,39.9862,-82.9855
Chipotle,OH,Columbus,43201,-83.00045985850119,39.991329105358005,39.9862,-82.9855
Chipotle,OH,Columbus,43221,-83.07765826953717,40.02264368951487,39.9862,-82.9855
Chipotle,OH,Columbus,43207,-82.9629162143745,39.89584609332337,39.9862,-82.9855
Chipotle,OH,Columbus,43215,-83.01278474456072,39.966340754735135,39.9862,-82.9855
Chipotle,OH,Columbus,43219,-82.9211995950347,40.006510660303704,39.9862,-82.9855
Chipotle,OH,Columbus,43214,-83.01974132062723,40.052140249952174,39.9862,-82.9855
Chipotle,OH,Columbus,43230,-82.8698474284068,40.0356183704786,39.9862,-82.9855
Chipotle,OH,Columbus,43228,-83.12595621169909,39.96475245197173,39.9862,-82.9855
Chipotle,OH,Columbus,43215,-83.01278474456072,39.966340754735135,39.9862,-82.9855
Chipotle,OH,Columbus,43017,-83.13007941876235,40.116801632451015,39.9862,-82.9855
Chipotle,OH,Columbus,43235,-83.05242043820421,40.102626573410376,39.9862,-82.9855
Chipotle,OH,Columbus,43213,-82.86743325072162,39.9689601319506,39.9862,-82.9855
Chipotle,OH,Columbus,43214,-83.01974132062723,40.052140249952174,39.9862,-82.9855
Chipotle,OH,Township,44077,-81.2107497594273,41.699410484023964,,
Chipotle,OH,Cortland,44410,-80.72413542009706,41.34930775649866,42.6004,-76.1784
Chipotle,OH,Falls,44223,-81.53126996333417,41.17126382695952,40.1686,-74.7915
Chipotle,OH,Falls,44221,-81.47654146468699,41.13957505461616,40.1686,-74.7915
Chipotle,OH,Falls,44221,-81.47654146468699,41.13957505461616,40.1686,-74.7915
Chipotle,OH,Dayton,45409,-84.18751452638551,39.72435405450865,39.7805,-84.2003
Chipotle,OH,Dayton,45432,-84.0856000759116,39.739056867194925,39.7805,-84.2003
Chipotle,OH,Dayton,45440,-84.09857398962588,39.67400686840181,39.7805,-84.2003
Chipotle,OH,Dayton,45449,-84.24131604925229,39.6646936426186,39.7805,-84.2003
Chipotle,OH,Dayton,45459,-84.16959880687257,39.64689042923341,39.7805,-84.2003
Chipotle,OH,Dayton,45414,-84.21242584976697,39.84253033338693,39.7805,-84.2003
Chipotle,OH,Defiance,43512,-84.3580541235418,41.30271696071595,41.2813,-84.3657
Chipotle,OH,Delaware,43015,-83.0606698045782,40.29678788311305,40.2851,-83.0741
Chipotle,OH,Dublin,43017,-83.13007941876235,40.116801632451015,37.7161,-121.8963
Chipotle,OH,Liverpool,43920,-80.58326423675229,40.67843993760746,,
Chipotle,OH,Elyria,44035,-82.12939163783044,41.36513021525693,41.376,-82.106
Chipotle,OH,Englewood,45415,-84.25694797568518,39.83455545593914,39.6468,-104.9942
Chipotle,OH,Etna,43062,-82.68281237962049,40.007549996619694,,
Chipotle,OH,Euclid,44123,-81.52490470919955,41.60532902507244,41.5903,-81.5188
Chipotle,OH,Fairborn,45324,-83.99404795337259,39.82278826628015,39.801,-84.0094
Chipotle,OH,Fairfield,45014,-84.55128618104331,39.32804703550285,38.2583,-122.0335
Chipotle,OH,Township,45011,-84.50250513531489,39.42965035604741,,
Chipotle,OH,Park,44126,-81.85299110305459,41.441759309689175,,
Chipotle,OH,Findlay,45840,-83.65207950843845,41.02537114401174,41.0469,-83.6379
Chipotle,OH,Findlay,45840,-83.65207950843845,41.02537114401174,41.0469,-83.6379
Chipotle,OH,Fremont,43420,-83.11101965564941,41.358620755587665,37.5265,-121.9843
Chipotle,OH,Gahanna,43230,-82.8698474284068,40.0356183704786,40.0251,-82.8637
Chipotle,OH,Heights,44125,-81.61510904316074,41.40691750441902,,
Chipotle,OH,Heights,43212,-83.04167708862815,39.9870608586619,,
Chipotle,OH,Granville,43023,-82.53180325993324,40.075269297942974,,
Chipotle,OH,Greenville,45331,-84.6462609577417,40.09787024839546,34.8354,-82.3646
Chipotle,OH,City,43123,-83.11982441339953,39.86853204960402,,
Chipotle,OH,City,43123,-83.11982441339953,39.86853204960402,,
Chipotle,OH,Groveport,43125,-82.88449134873626,39.83661892891211,,
Chipotle,OH,Hamilton,45013,-84.64866544356526,39.407708890989376,40.2046,-74.6765
Chipotle,OH,Hamilton,45011,-84.50250513531489,39.42965035604741,40.2046,-74.6765
Chipotle,OH,HAMILTON,45011,-84.50250513531489,39.42965035604741,,
Chipotle,OH,Harrison,45030,-84.76084879451344,39.25707005113437,41.0236,-73.7193
Chipotle,OH,Hartville,44632,-81.30666784064059,40.96381442021529,,
Chipotle,OH,Heath,43056,-82.33514928062515,40.01136150713318,40.0241,-82.4413
Chipotle,OH,Heights,44143,-81.4751240211848,41.55354821639045,,
Chipotle,OH,Hilliard,43026,-83.18553343074642,40.02274704411486,40.0353,-83.1578
Chipotle,OH,Hilliard,43026,-83.18553343074642,40.02274704411486,40.0353,-83.1578
Chipotle,OH,Holland,43528,-83.74895841182155,41.628599082818845,42.7677,-86.0984
Chipotle,OH,Heights,45424,-84.11121056485379,39.846724472438716,,
Chipotle,OH,Hudson,44236,-81.45090727649279,41.2476909975512,42.7639,-71.4072
Chipotle,OH,Independence,44131,-81.65235972671353,41.38285394723053,39.0871,-94.3501
Chipotle,OH,Jeffersonville,43128,-83.57751136584123,39.66413046796004,38.3376,-85.7026
Chipotle,OH,Kent,44240,-81.3415112643129,41.1330360931645,47.3887,-122.2128
Chipotle,OH,Kent,44240,-81.3415112643129,41.1330360931645,47.3887,-122.2128
Chipotle,OH,Kettering,45429,-84.16094579651752,39.68480044981492,39.6956,-84.1494
Chipotle,OH,Lakewood,44107,-81.80176724381533,41.4846841629283,39.6977,-105.1172
Chipotle,OH,Lancaster,43130,-82.6104880533609,39.698824178899315,40.042,-76.3012
Chipotle,OH,Lancaster,43130,-82.6104880533609,39.698824178899315,40.042,-76.3012
Chipotle,OH,Lebanon,45036,-84.22019304181262,39.44444542834261,40.3412,-76.4228
Chipotle,OH,Township,45044,-84.3822717643133,39.45003708168987,,
Chipotle,OH,Lima,45804,-84.06626580261205,40.71464362585696,40.741,-84.112
Chipotle,OH,Lima,45805,-84.16464082084461,40.728727499637124,40.741,-84.112
Chipotle,OH,Loveland,45140,-84.24166161718969,39.25759035016878,40.4166,-105.0623
Chipotle,OH,Lyndhurst,44124,-81.46675752855204,41.50053647822447,40.7965,-74.1099
Chipotle,OH,Mansfield,44903,-82.52737788727494,40.77603151892708,40.7656,-82.5275
Chipotle,OH,Heights,44137,-81.56252350279395,41.40929546481863,,
Chipotle,OH,Marietta,45750,-81.42221281618158,39.43131954993921,33.9533,-84.5422
Chipotle,OH,Marion,43302,-83.12957665776348,40.59969333850098,42.0451,-91.585
Chipotle,OH,Marysville,43040,-83.35956559514261,40.26096556073446,48.0809,-122.1561
Chipotle,OH,Mason,45040,-84.31256539471362,39.35198798959556,39.3571,-84.3023
Chipotle,OH,Mason,45040,-84.31256539471362,39.35198798959556,39.3571,-84.3023
Chipotle,OH,Massillon,44647,-81.56502374990174,40.79757382642582,40.7838,-81.5254
Chipotle,OH,Massillon,44646,-81.49840206163748,40.81250065988998,40.7838,-81.5254
Chipotle,OH,Maumee,43537,-83.68551752524564,41.57466168209989,41.5696,-83.6636
Chipotle,OH,Heights,44124,-81.46675752855204,41.50053647822447,,
Chipotle,OH,Medina,44256,-81.85900372418045,41.14011658157078,41.1358,-81.8695
Chipotle,OH,Medina,44256,-81.85900372418045,41.14011658157078,41.1358,-81.8695
Chipotle,OH,Mentor,44060,-81.32851302238754,41.67795841391352,41.6893,-81.3362
Chipotle,OH,Mentor,44060,-81.32851302238754,41.67795841391352,41.6893,-81.3362
Chipotle,OH,Lake,44060,-81.32851302238754,41.67795841391352,,
Chipotle,OH,Miamisburg,45342,-84.27635136270175,39.629831034498814,39.6322,-84.2724
Chipotle,OH,Heights,44130,-81.78676218573507,41.37784712016835,,
Chipotle,OH,Heights,44130,-81.78676218573507,41.37784712016835,,
Chipotle,OH,Middletown,45005,-84.30294034757422,39.53561664291595,39.5033,-84.3659
Chipotle,OH,Milford,45150,-84.2329907125925,39.16570558003845,42.1565,-71.5188
Chipotle,OH,Monroe,45050,-84.35918787994467,39.44535479586418,32.5185,-92.0774
Chipotle,OH,Moraine,45439,-84.21863893562619,39.701027691407404,,
Chipotle,OH,Vernon,43050,-82.49555830388856,40.3722970979348,41.1973,-74.4857
Chipotle,OH,Albany,43054,-82.80352019515158,40.08086617534629,42.6664,-73.7987
Chipotle,OH,Albany,43054,-82.80352019515158,40.08086617534629,42.6664,-73.7987
Chipotle,OH,Philadelphia,44663,-81.45208217085559,40.46046093235721,40.0077,-75.1339
Chipotle,OH,Newark,43055,-82.37652092891419,40.11782992696542,40.7245,-74.1725
Chipotle,OH,Canton,44720,-81.43167605986956,40.90139210410198,40.8078,-81.3676
Chipotle,OH,Olmsted,44070,-81.91893450974896,41.41503286610285,,
Chipotle,OH,Olmsted,44070,-81.91893450974896,41.41503286610285,,
Chipotle,OH,Ridgeville,44039,-82.01962699796829,41.384771721296985,,
Chipotle,OH,Ridgeville,44039,-82.01962699796829,41.384771721296985,,
Chipotle,OH,Royalton,44133,-81.74533914732147,41.31410453625696,,
Chipotle,OH,Northfield,44067,-81.54762045550297,41.31472437354094,44.455,-93.1698
Chipotle,OH,Norton,44203,-81.62890144446528,41.02054657454293,41.964,-71.1842
Chipotle,OH,Norwalk,44857,-82.5824197502956,41.21849818257698,33.9069,-118.0829
Chipotle,OH,Norwood,45212,-84.45222301168454,39.16416693755733,42.1861,-71.1948
Chipotle,OH,Obetz,43207,-82.9629162143745,39.89584609332337,,
Chipotle,OH,Ontario,44906,-82.57698411364146,40.76578001851357,34.0393,-117.6064
Chipotle,OH,Oregon,43616,-83.4084478682516,41.659547164987536,41.6524,-83.4321
Chipotle,OH,Oxford,45056,-84.74366098694394,39.49068001455256,34.3627,-89.5336
Chipotle,OH,Painesville,44077,-81.2107497594273,41.699410484023964,41.724,-81.2536
Chipotle,OH,Parma,44134,-81.70445099004634,41.38529637889977,41.3843,-81.7286
Chipotle,OH,Parma,44134,-81.70445099004634,41.38529637889977,41.3843,-81.7286
Chipotle,OH,Parma,44129,-81.73510130382068,41.38969889479277,41.3843,-81.7286
Chipotle,OH,Perrysburg,43551,-83.57127549826319,41.52151885421042,41.5377,-83.6413
Chipotle,OH,Pickerington,43147,-82.74212287596671,39.89924309064897,39.889,-82.7678
Chipotle,OH,Powell,43065,-83.09362638731677,40.17761258748528,40.1689,-83.0829
Chipotle,OH,Powell,43065,-83.09362638731677,40.17761258748528,40.1689,-83.0829
Chipotle,OH,Ravenna,44266,-81.20257019053781,41.16674290690122,41.1612,-81.2422
Chipotle,OH,Reynoldsburg,43068,-82.78504962496625,39.95635791634798,39.9588,-82.7943
Chipotle,OH,Reynoldsburg,43068,-82.78504962496625,39.95635791634798,39.9588,-82.7943
Chipotle,OH,Clairsville,43950,-80.92586065701056,40.09621024402773,,
Chipotle,OH,Salem,44460,-80.87055235991963,40.89918953648668,44.9233,-123.0244
Chipotle,OH,Sandusky,44870,-82.74431092131597,41.42536890549623,41.4468,-82.7024
Chipotle,OH,Heights,44122,-81.51179767728338,41.470128096167436,,
Chipotle,OH,Sharonville,45241,-84.40192261705828,39.27709816041408,39.2825,-84.4071
Chipotle,OH,Village,44035,-82.12939163783044,41.36513021525693,,
Chipotle,OH,Sidney,45365,-84.15956296541484,40.2842362482168,40.2891,-84.1667
Chipotle,OH,Solon,44139,-81.44440246598978,41.38326927795238,41.3865,-81.44
Chipotle,OH,Euclid,44118,-81.55626312447342,41.50185010437525,41.5903,-81.5188
Chipotle,OH,Lebanon,45065,-84.2102601502051,39.37085218276443,40.3412,-76.4228
Chipotle,OH,Springboro,45066,-84.22319064681541,39.54899034559003,39.5615,-84.2348
Chipotle,OH,Springdale,45246,-84.46690548041488,39.28963559360696,36.1901,-94.1574
Chipotle,OH,Springfield,45504,-83.86589224845399,39.94926465914448,42.1155,-72.5395
Chipotle,OH,Springfield,45505,-83.76288043302793,39.906889729715964,42.1155,-72.5395
Chipotle,OH,Stow,44224,-81.43882939544152,41.17669388295073,41.1765,-81.4344
Chipotle,OH,Streetsboro,44241,-81.34721444887852,41.239407177761024,41.2396,-81.3456
Chipotle,OH,Strongsville,44136,-81.81105209575026,41.31184118104007,41.3128,-81.8313
Chipotle,OH,Strongsville,44136,-81.81105209575026,41.31184118104007,41.3128,-81.8313
Chipotle,OH,Sunbury,43074,-82.84957134422872,40.2783304042131,40.8616,-76.7871
Chipotle,OH,Tiffin,44883,-83.17332795239172,41.12372363519852,41.1165,-83.1805
Chipotle,OH,Toledo,43612,-83.54862737041503,41.70945257185258,41.6638,-83.5827
Chipotle,OH,Toledo,43606,-83.61085004289909,41.67172276082622,41.6638,-83.5827
Chipotle,OH,Toledo,43614,-83.62888433845153,41.60320363778491,41.6638,-83.5827
Chipotle,OH,Toledo,43623,-83.65143132678227,41.704120179591186,41.6638,-83.5827
Chipotle,OH,Toledo,43617,-83.72826369700401,41.66463336626493,41.6638,-83.5827
Chipotle,OH,Troy,45373,-84.19474804596042,40.032169700272945,42.5817,-83.1457
Chipotle,OH,Twinsburg,44087,-81.44015048030577,41.317968675262335,41.322,-81.4451
Chipotle,OH,Uniontown,44685,-81.42411094020827,40.959906073101315,39.8993,-79.7246
Chipotle,OH,Vandalia,45377,-84.22334698529455,39.896452202523086,39.8791,-84.193
Chipotle,OH,Wadsworth,44281,-81.73834046095665,41.05856599973876,41.0279,-81.7323
Chipotle,OH,Warren,44484,-80.74905400610938,41.2351865432068,42.4934,-83.027
Chipotle,OH,Heights,44122,-81.51179767728338,41.470128096167436,,
Chipotle,OH,Township,45459,-84.16959880687257,39.64689042923341,,
Chipotle,OH,Chester,45069,-84.4114143692492,39.34239642241725,39.8456,-75.3718
Chipotle,OH,Chester,45069,-84.4114143692492,39.34239642241725,39.8456,-75.3718
Chipotle,OH,Chester,45069,-84.4114143692492,39.34239642241725,39.8456,-75.3718
Chipotle,OH,Westerville,43082,-82.88197135747626,40.15242090255424,40.1241,-82.921
Chipotle,OH,Westerville,43081,-82.89132711128967,40.110658216948266,40.1241,-82.921
Chipotle,OH,Westlake,44145,-81.92947618107094,41.45242625562127,41.4524,-81.9294
Chipotle,OH,Westlake,44145,-81.92947618107094,41.45242625562127,41.4524,-81.9294
Chipotle,OH,Whitehall,43213,-82.86743325072162,39.9689601319506,40.6571,-75.5046
Chipotle,OH,Willoughby,44094,-81.37989306581122,41.60998878986257,41.6459,-81.4084
Chipotle,OH,Willowick,44095,-81.44212886210286,41.652426524689986,41.6342,-81.4678
Chipotle,OH,Wilmington,45177,-83.83714767725601,39.46011477863748,34.2099,-77.8866
Chipotle,OH,Woodmere,44122,-81.51179767728338,41.470128096167436,40.6375,-73.7219
Chipotle,OH,Wooster,44691,-81.979541620161,40.805717895576436,40.8172,-81.9336
Chipotle,OH,Wooster,44691,-81.979541620161,40.805717895576436,40.8172,-81.9336
Chipotle,OH,Xenia,45385,-83.91314174239227,39.669797886067514,39.6829,-83.9413
Chipotle,OH,Youngstown,44503,-80.64900818263327,41.09910736342271,41.0993,-80.6463
Chipotle,OH,Youngstown,44505,-80.61956850099854,41.127966467302,41.0993,-80.6463
Chipotle,OH,Zanesville,43701,-81.99400095939983,39.96006016500661,39.9565,-82.0132
Chipotle,OH,Zanesville,43701,-81.99400095939983,39.96006016500661,39.9565,-82.0132
Chipotle,OK,Arrow,74011,-95.80942830198869,35.98163632649867,,
Chipotle,OK,Arrow,74012,-95.80493963022589,36.053609754846924,,
Chipotle,OK,Edmond,73013,-97.48115844501234,35.619464118943725,35.6689,-97.416
Chipotle,OK,City,73110,-97.39764187423624,35.46118276970388,,
Chipotle,OK,Moore,73160,-97.4754256859912,35.33208666105988,35.3293,-97.4757
Chipotle,OK,Norman,73069,-97.46290887683652,35.24963373994206,35.2335,-97.3471
Chipotle,OK,Norman,73069,-97.46290887683652,35.24963373994206,35.2335,-97.3471
Chipotle,OK,City,73134,-97.568313820879,35.61421629517573,,
Chipotle,OK,City,73112,-97.57489781647291,35.51841833865486,,
Chipotle,OK,Owasso,74055,-95.81893692300567,36.27844329618081,36.2878,-95.8311
Chipotle,OK,Stillwater,74075,-97.07905520051028,36.17191388207113,36.1317,-97.0742
Chipotle,OK,Tulsa,74133,-95.87939816832584,36.041475915514184,36.1283,-95.9042
Chipotle,OK,Tulsa,74133,-95.87939816832584,36.041475915514184,36.1283,-95.9042
Chipotle,OK,Tulsa,74146,-95.8532511985772,36.09781352067791,36.1283,-95.9042
Chipotle,OK,Tulsa,74120,-95.97687147723431,36.15049365584313,36.1283,-95.9042
Chipotle,OK,Tulsa,74135,-95.92331603231479,36.09730570054648,36.1283,-95.9042
Chipotle,OK,Tulsa,74135,-95.92331603231479,36.09730570054648,36.1283,-95.9042
Chipotle,OK,Tulsa,74132,-96.01322509263274,36.04861223997123,36.1283,-95.9042
Chipotle,OR,Albany,97322,-123.0189316275451,44.626012131181824,42.6664,-73.7987
Chipotle,OR,Ashland,97520,-122.55125224911069,42.15770289663477,37.6942,-122.1159
Chipotle,OR,Beaverton,97007,-122.8796833529183,45.454322161291245,45.4779,-122.8168
Chipotle,OR,Beaverton,97005,-122.80358839190642,45.49095629061076,45.4779,-122.8168
Chipotle,OR,Beaverton,97005,-122.80358839190642,45.49095629061076,45.4779,-122.8168
Chipotle,OR,Bend,97701,-121.33106190922567,44.01484461415501,44.0563,-121.3095
Chipotle,OR,Bend,97701,-121.33106190922567,44.01484461415501,44.0563,-121.3095
Chipotle,OR,Canby,97013,-122.6716966022084,45.218125649291174,45.2652,-122.6867
Chipotle,OR,Corvallis,97330,-123.27660499370046,44.636413083154714,44.5698,-123.2779
Chipotle,OR,Corvallis,97330,-123.27660499370046,44.636413083154714,44.5698,-123.2779
Chipotle,OR,Eugene,97403,-123.05298097042196,44.03585278593612,44.0564,-123.1174
Chipotle,OR,Eugene,97405,-123.19152827106974,43.939755459605344,44.0564,-123.1174
Chipotle,OR,Eugene,97401,-123.0818563882058,44.068222492979075,44.0564,-123.1174
Chipotle,OR,Gresham,97030,-122.4319476060001,45.508956202438334,45.5021,-122.4413
Chipotle,OR,Valley,97086,-122.52812422321668,45.44519048579652,32.8088,-85.181
Chipotle,OR,Valley,97015,-122.53842023095656,45.41481696326786,32.8088,-85.181
Chipotle,OR,Hillsboro,97124,-122.9464535807654,45.56781610107119,45.5273,-122.936
Chipotle,OR,Hillsboro,97123,-122.98415029374225,45.44161799627743,45.5273,-122.936
Chipotle,OR,Hillsboro,97124,-122.9464535807654,45.56781610107119,45.5273,-122.936
Chipotle,OR,Hillsboro,97124,-122.9464535807654,45.56781610107119,45.5273,-122.936
Chipotle,OR,Keizer,97303,-123.02438172109166,45.03040415869964,45.0028,-123.0243
Chipotle,OR,Falls,97601,-122.07475398567219,42.448853832610105,40.1686,-74.7915
Chipotle,OR,Oswego,97035,-122.72513261154018,45.41323864845218,41.6834,-88.3372
Chipotle,OR,Lebanon,97355,-122.82271122680311,44.53099126469881,40.3412,-76.4228
Chipotle,OR,McMinnville,97128,-123.25455605380999,45.197030156751005,45.211,-123.1918
Chipotle,OR,Medford,97501,-122.905414619772,42.28176892140176,42.3372,-122.854
Chipotle,OR,Medford,97501,-122.905414619772,42.28176892140176,42.3372,-122.854
Chipotle,OR,Milwaukie,97267,-122.61486543969177,45.40772947473342,45.4445,-122.6219
Chipotle,OR,Newberg,97132,-122.98711018100678,45.322296741815826,45.3075,-122.9601
Chipotle,OR,Ontario,97914,-117.08405282447568,44.11323670879858,34.0393,-117.6064
Chipotle,OR,Portland,97216,-122.55840346302423,45.513887314121604,45.5371,-122.65
Chipotle,OR,Portland,97209,-122.68439398267901,45.530954336690954,45.5371,-122.65
Chipotle,OR,Portland,97220,-122.55920014412847,45.549742306399985,45.5371,-122.65
Chipotle,OR,Portland,97229,-122.80993945018253,45.550631171998724,45.5371,-122.65
Chipotle,OR,Portland,97201,-122.68974078035349,45.50783605776128,45.5371,-122.65
Chipotle,OR,Portland,97204,-122.67382109731999,45.51836767900461,45.5371,-122.65
Chipotle,OR,Portland,97202,-122.64407504701192,45.482933943845495,45.5371,-122.65
Chipotle,OR,Portland,97232,-122.64360800844042,45.529219349841746,45.5371,-122.65
Chipotle,OR,Portland,97214,-122.64325991097196,45.514342395620204,45.5371,-122.65
Chipotle,OR,Portland,97223,-122.77949421190924,45.440315603811825,45.5371,-122.65
Chipotle,OR,Portland,97220,-122.55920014412847,45.549742306399985,45.5371,-122.65
Chipotle,OR,Redmond,97756,-121.21384320380807,44.278552957980146,47.6763,-122.1169
Chipotle,OR,Roseburg,97471,-123.47585269504202,43.22016111359602,43.2231,-123.352
Chipotle,OR,Salem,97304,-123.10809319750003,45.008998673077286,44.9233,-123.0244
Chipotle,OR,Salem,97302,-123.06785739220611,44.9018772190708,44.9233,-123.0244
Chipotle,OR,Salem,97301,-123.0039779525192,44.94902647321957,44.9233,-123.0244
Chipotle,OR,Sandy,97055,-122.15498201742346,45.388655357440776,40.5709,-111.8506
Chipotle,OR,Sherwood,97140,-122.86426496740496,45.35502865403277,34.8507,-92.2029
Chipotle,OR,Springfield,97477,-123.01118431138578,44.058775754314944,42.1155,-72.5395
Chipotle,OR,Tigard,97224,-122.79505272290088,45.40549220668039,45.4237,-122.7845
Chipotle,OR,Tualatin,97062,-122.76197532843638,45.368758788652464,45.3772,-122.7748
Chipotle,OR,Warrenton,97146,-123.9470619204352,46.1322312837411,38.7176,-77.7976
Chipotle,OR,Wilsonville,97070,-122.77149059651164,45.30761846685586,45.3109,-122.7702
Chipotle,OR,Village,97060,-122.37030763382663,45.53424412323833,,
Chipotle,OR,Woodburn,97071,-122.82654596853939,45.13593434232622,45.1472,-122.8603
Chipotle,PA,Abington,19001,-75.12544316788771,40.125922760010894,40.1108,-75.1146
Chipotle,PA,Allentown,18109,-75.4404737583646,40.63657607682105,40.5961,-75.4756
Chipotle,PA,Allentown,18104,-75.54709449303648,40.61129387295137,40.5961,-75.4756
Chipotle,PA,Allentown,18106,-75.59615272920892,40.57568915015429,40.5961,-75.4756
Chipotle,PA,Park,15101,-79.95439274493658,40.58048387861707,,
Chipotle,PA,Altoona,16602,-78.37220021492703,40.51241710176182,40.5082,-78.4007
Chipotle,PA,Ardmore,19003,-75.29892801269925,40.0015528532472,34.1949,-97.1256
Chipotle,PA,Audubon,19403,-75.37963869030098,40.149636622443,40.1304,-75.428
Chipotle,PA,Bensalem,19020,-74.93858757720245,40.10453691319951,40.1086,-74.9431
Chipotle,PA,Bethlehem,18017,-75.38679914521394,40.659733506384335,40.6266,-75.3679
Chipotle,PA,Bloomsburg,17815,-76.42382882411542,41.01702411733011,41.0027,-76.4561
Chipotle,PA,Bell,19422,-75.27723933717208,40.15736478874941,33.9801,-118.1798
Chipotle,PA,Bridgeville,15017,-80.12813355966622,40.34035022805291,,
Chipotle,PA,Butler,16001,-79.94378450689317,40.90949986390997,40.8616,-79.8962
Chipotle,PA,Hill,17011,-76.92915411907333,40.235163231813594,,
Chipotle,PA,Hill,17011,-76.92915411907333,40.235163231813594,,
Chipotle,PA,Canonsburg,15317,-80.16678793384848,40.27061857067995,40.2643,-80.1867
Chipotle,PA,Carlisle,17013,-77.19825195863197,40.241737258538095,40.2,-77.2034
Chipotle,PA,Chambersburg,17201,-77.6561727348814,39.961063328946025,39.9315,-77.6556
Chipotle,PA,Coraopolis,15108,-80.19962243300708,40.49999021870401,,
Chipotle,PA,Township,16066,-80.10587399345629,40.7110870903983,,
Chipotle,PA,Township,16066,-80.10587399345629,40.7110870903983,,
Chipotle,PA,City,18519,-75.63071734395048,41.46193869790352,,
Chipotle,PA,Douglassville,19518,-75.75308078599402,40.26887209172519,,
Chipotle,PA,Doylestown,18901,-75.14888994358975,40.30541004381134,40.2962,-75.1393
Chipotle,PA,Dresher,19025,-75.16198706354055,40.14644445187999,,
Chipotle,PA,Liberty,15206,-79.91323190451125,40.47226476995175,39.2394,-94.4191
Chipotle,PA,Easton,18045,-75.27425871414081,40.6939723071805,40.6858,-75.2209
Chipotle,PA,Easton,18045,-75.27425871414081,40.6939723071805,40.6858,-75.2209
Chipotle,PA,Ephrata,17522,-76.1707491788111,40.1722209921073,40.1811,-76.1812
Chipotle,PA,Erie,16505,-80.14553476614498,42.11895299935921,42.1167,-80.0733
Chipotle,PA,Erie,16510,-79.95454806626785,42.112883882545766,42.1167,-80.0733
Chipotle,PA,Erie,16509,-80.04255859032081,42.058749807026665,42.1167,-80.0733
Chipotle,PA,Exton,19341,-75.63668237482294,40.041058789091664,,
Chipotle,PA,Trevose,19053,-74.97955511502552,40.15470583384627,,
Chipotle,PA,Mills,19342,-75.4967637931832,39.905753967968124,,
Chipotle,PA,Greensburg,15601,-79.5355434177249,40.31518099095316,40.3113,-79.5445
Chipotle,PA,Greensburg,15601,-79.5355434177249,40.31518099095316,40.3113,-79.5445
Chipotle,PA,Hanover,17331,-76.9783080935956,39.79015411059758,39.8118,-76.9836
Chipotle,PA,Harrisburg,17110,-76.88558333769184,40.31559417868669,40.2752,-76.8843
Chipotle,PA,Harrisburg,17109,-76.82429903419882,40.289948595860245,40.2752,-76.8843
Chipotle,PA,Harrisburg,17112,-76.77647648326015,40.37311151884663,40.2752,-76.8843
Chipotle,PA,Havertown,19083,-75.31206563943886,39.977025054670854,,
Chipotle,PA,Township,18202,-76.04682407886105,40.95147943007878,,
Chipotle,PA,Hermitage,16148,-80.43196376356279,41.231162010104406,41.2305,-80.4413
Chipotle,PA,Hershey,17033,-76.63539686510771,40.27319865170058,40.2806,-76.6458
Chipotle,PA,Township,18964,-75.33331024296982,40.297361838600885,,
Chipotle,PA,Holmes,19043,-75.3088533700114,39.90030894915329,,
Chipotle,PA,Homestead,15120,-79.90676441618457,40.3961136838696,25.4665,-80.4472
Chipotle,PA,Hummelstown,17036,-76.69871445125253,40.2854632636577,,
Chipotle,PA,Valley,19006,-75.06151287469123,40.13294563565056,32.8088,-85.181
Chipotle,PA,Valley,19006,-75.06151287469123,40.13294563565056,32.8088,-85.181
Chipotle,PA,Indiana,15701,-79.14962649650806,40.62826771136324,40.622,-79.1552
Chipotle,PA,Johnstown,15904,-78.84492033005802,40.30342264214619,40.326,-78.9194
Chipotle,PA,Prussia,19406,-75.3824117860373,40.09442041492383,,
Chipotle,PA,Prussia,19406,-75.3824117860373,40.09442041492383,,
Chipotle,PA,Kingston,18704,-75.89462233437396,41.27658980315985,41.9295,-73.9968
Chipotle,PA,Lancaster,17603,-76.35228639663197,40.01298262775532,40.042,-76.3012
Chipotle,PA,Lancaster,17601,-76.31447284299145,40.07357144425247,40.042,-76.3012
Chipotle,PA,Lancaster,17602,-76.24598063658105,40.01500951909606,40.042,-76.3012
Chipotle,PA,Langhorne,19047,-74.91041657227302,40.181319260689705,,
Chipotle,PA,Lebanon,17042,-76.42496900712845,40.29454879211293,40.3412,-76.4228
Chipotle,PA,Lewisburg,17837,-76.94855022735656,40.981098823849074,35.451,-86.7901
Chipotle,PA,Lewistown,17044,-77.5942754556981,40.578438603521576,40.5964,-77.573
Chipotle,PA,Malvern,19355,-75.53095552508485,40.04685220545379,34.3734,-92.8205
Chipotle,PA,Meadville,16335,-80.15632521313651,41.630941628557515,41.6476,-80.1468
Chipotle,PA,Mechanicsburg,17050,-77.02630421266056,40.248538464769126,40.2115,-77.006
Chipotle,PA,Media,19063,-75.41408767734289,39.921828185074716,,
Chipotle,PA,Monaca,15061,-80.31808901439491,40.65876661268885,,
Chipotle,PA,Monroeville,15146,-79.76043447220381,40.426251717561605,40.4262,-79.7605
Chipotle,PA,Moosic,18507,-75.68046413308754,41.35535349263694,,
Chipotle,PA,Murrysville,15668,-79.6712614517534,40.46202201208989,40.4456,-79.6554
Chipotle,PA,Castle,16101,-80.28712241576258,40.985309001896425,,
Chipotle,PA,Newtown,18940,-74.94754670763687,40.26318304187555,39.992,-75.4106
Chipotle,PA,Square,19073,-75.43484263662606,39.98104917371311,,
Chipotle,PA,Wales,19454,-75.24308556811795,40.22346270321222,,
Chipotle,PA,Parkesburg,19365,-75.92511494024225,39.96407946380321,,
Chipotle,PA,Philadelphia,19146,-75.18356478805885,39.93938394313346,40.0077,-75.1339
Chipotle,PA,Philadelphia,19122,-75.14589988239155,39.97774593187154,40.0077,-75.1339
Chipotle,PA,Philadelphia,19107,-75.15865288056055,39.95173710962788,40.0077,-75.1339
Chipotle,PA,Philadelphia,19116,-75.01272000110009,40.11673553714812,40.0077,-75.1339
Chipotle,PA,Philadelphia,19103,-75.17400433372109,39.952832024853905,40.0077,-75.1339
Chipotle,PA,Philadelphia,19103,-75.17400433372109,39.952832024853905,40.0077,-75.1339
Chipotle,PA,Philadelphia,19148,-75.1513950851357,39.91164560103643,40.0077,-75.1339
Chipotle,PA,Philadelphia,19149,-75.0657611628287,40.037722249857815,40.0077,-75.1339
Chipotle,PA,Philadelphia,19129,-75.18456754963292,40.01360796544786,40.0077,-75.1339
Chipotle,PA,Philadelphia,19104,-75.19838244974068,39.95908782529545,40.0077,-75.1339
Chipotle,PA,Philadelphia,19104,-75.19838244974068,39.95908782529545,40.0077,-75.1339
Chipotle,PA,Philadelphia,19131,-75.2179164853453,39.98857050159089,40.0077,-75.1339
Chipotle,PA,Philadelphia,19128,-75.22899313770296,40.04881676151985,40.0077,-75.1339
Chipotle,PA,Philadelphia,19114,-75.00359633826983,40.06740512594688,40.0077,-75.1339
Chipotle,PA,Pittsburgh,15238,-79.88048405137022,40.53463151640179,40.4397,-79.9763
Chipotle,PA,Pittsburgh,15275,,,40.4397,-79.9763
Chipotle,PA,Pittsburgh,15220,-80.04898611438077,40.4197013625359,40.4397,-79.9763
Chipotle,PA,Pittsburgh,15222,-79.99327997093039,40.44765265489139,40.4397,-79.9763
Chipotle,PA,Pittsburgh,15241,-80.082482592392,40.333021670026596,40.4397,-79.9763
Chipotle,PA,Pittsburgh,15222,-79.99327997093039,40.44765265489139,40.4397,-79.9763
Chipotle,PA,Pittsburgh,15213,-79.95524652157216,40.444041020460276,40.4397,-79.9763
Chipotle,PA,Pittsburgh,15213,-79.95524652157216,40.444041020460276,40.4397,-79.9763
Chipotle,PA,Pittsburgh,15213,-79.95524652157216,40.444041020460276,40.4397,-79.9763
Chipotle,PA,Pittsburgh,15237,-80.04745663981183,40.54884048145938,40.4397,-79.9763
Chipotle,PA,Pittsburgh,15227,-79.97058298748661,40.37571020080507,40.4397,-79.9763
Chipotle,PA,Pittsburgh,15236,-79.97546604518145,40.34742071441054,40.4397,-79.9763
Chipotle,PA,Pittsburgh,15237,-80.04745663981183,40.54884048145938,40.4397,-79.9763
Chipotle,PA,Pittsburgh,15220,-80.04898611438077,40.4197013625359,40.4397,-79.9763
Chipotle,PA,Meeting,19462,-75.28376430084428,40.115541768512195,,
Chipotle,PA,Pottstown,19464,-75.61573253250177,40.25886148543755,40.2508,-75.6445
Chipotle,PA,Quakertown,18951,-75.34461335017703,40.45239877585019,40.4398,-75.3455
Chipotle,PA,Reading,19610,-75.97605219568047,40.340065989416196,40.34,-75.9267
Chipotle,PA,Reading,19606,-75.85739120051531,40.33713618912252,40.34,-75.9267
Chipotle,PA,Royersford,19468,-75.53287024918421,40.2075451780135,,
Chipotle,PA,Selinsgrove,17870,-76.8865666013088,40.813123020795906,,
Chipotle,PA,Shippensburg,17257,-77.49136028899044,40.049123127645366,,
Chipotle,PA,Shrewsbury,17361,-76.67706504100256,39.76551517997316,42.2842,-71.7154
Chipotle,PA,Somerset,15501,-79.12872744533455,40.035943469304286,40.5083,-74.501
Chipotle,PA,Township,18411,-75.74519702664826,41.45429848932173,,
Chipotle,PA,Springfield,19064,-75.34113508784188,39.93329698366441,42.1155,-72.5395
Chipotle,PA,Springfield,19064,-75.34113508784188,39.93329698366441,42.1155,-72.5395
Chipotle,PA,College,16801,-77.84135966106955,40.778898567467614,64.8694,-147.8216
Chipotle,PA,College,16803,-77.8996340773918,40.80165876477636,64.8694,-147.8216
Chipotle,PA,Tarentum,15084,-79.80283620625174,40.63014485802964,,
Chipotle,PA,Temple,19560,-75.89430226095821,40.40340904564531,31.1068,-97.3891
Chipotle,PA,Thorndale,19372,-75.75899266776113,39.99839983086809,,
Chipotle,PA,Trevose,19053,-74.97955511502552,40.15470583384627,,
Chipotle,PA,Uniontown,15401,-79.74725412366874,39.90107959124329,39.8993,-79.7246
Chipotle,PA,Darby,19082,-75.27041881771913,39.96043308712613,39.921,-75.261
Chipotle,PA,Warminster,18974,-75.07300058560546,40.215954065967715,40.2043,-75.0915
Chipotle,PA,Warrington,18976,-75.14424784775815,40.247862468088734,40.2489,-75.158
Chipotle,PA,Washington,15301,-80.25282057291552,40.16204349834123,38.9047,-77.0163
Chipotle,PA,Wayne,19087,-75.39986448043038,40.061155137699444,40.9481,-74.2453
Chipotle,PA,Wayne,19087,-75.39986448043038,40.061155137699444,40.9481,-74.2453
Chipotle,PA,Chester,19380,-75.60718520771809,39.98484962385474,39.8456,-75.3718
Chipotle,PA,Wexford,15090,-80.06883610821733,40.625671864598246,,
Chipotle,PA,Whitehall,18052,-75.50456543658744,40.6567970675226,40.6571,-75.5046
Chipotle,PA,Barre,18702,-75.77363172659953,41.22085774451669,,
Chipotle,PA,Williamsport,17701,-76.90228706283258,41.33755847462032,41.2399,-77.037
Chipotle,PA,Grove,19090,-75.12685278726471,40.156727099290606,,
Chipotle,PA,Wyncote,19095,-75.15123375768164,40.0859908138168,,
Chipotle,PA,York,17403,-76.71335968723302,39.922960638600934,39.9651,-76.7315
Chipotle,PA,York,17402,-76.6592227620926,39.958975519244824,39.9651,-76.7315
Chipotle,PA,York,17404,-76.77126020214547,40.00232403166151,39.9651,-76.7315
Chipotle,RI,Barrington,02806,-71.31929180647893,41.73424882050035,41.7443,-71.3145
Chipotle,RI,Cranston,02920,-71.4660058142617,41.7673472936707,41.7658,-71.4858
Chipotle,RI,Greenwich,02818,-71.48504517323296,41.645745989524734,,
Chipotle,RI,Greenville,02828,-71.55937428728902,41.878041518614644,34.8354,-82.3646
Chipotle,RI,Johnston,02919,-71.52001669539938,41.82737412877677,41.8274,-71.5202
Chipotle,RI,Lincoln,02865,-71.44845287463676,41.9126091213848,40.8099,-96.6784
Chipotle,RI,Middletown,02842,-71.27773727179701,41.51724774019025,39.5033,-84.3659
Chipotle,RI,Kingstown,02852,-71.45881060064164,41.58766740264419,,
Chipotle,RI,Providence,02904,-71.43536743955117,41.860341719283575,41.823,-71.4187
Chipotle,RI,Providence,02906,-71.38993562918017,41.839188936278376,41.823,-71.4187
Chipotle,RI,Providence,02904,-71.43536743955117,41.860341719283575,41.823,-71.4187
Chipotle,RI,Rumford,02916,-71.35214565743128,41.844499439196404,,
Chipotle,RI,Kingstown,02879,-71.53660624016561,41.42605899298164,,
Chipotle,RI,Warwick,02886,-71.4551861255672,41.70351782674299,41.7062,-71.4334
Chipotle,RI,Warwick,02886,-71.4551861255672,41.70351782674299,41.7062,-71.4334
Chipotle,SC,Anderson,29621,-82.60540320970387,34.50707545385881,40.0891,-85.6892
Chipotle,SC,Beaufort,29906,-80.75031608208805,32.44681603396252,32.4597,-80.7235
Chipotle,SC,Bluffton,29910,-80.8848129914814,32.22079314011597,32.2135,-80.9316
Chipotle,SC,Charleston,29401,-79.93210949493802,32.777070270923524,32.8168,-79.9687
Chipotle,SC,Charleston,29407,-79.99866097133933,32.799159820455856,32.8168,-79.9687
Chipotle,SC,Clemson,29631,-82.81718201164394,34.681306404901946,34.6837,-82.8124
Chipotle,SC,Columbia,29229,-80.88922168441202,34.13879004525739,34.0378,-80.9036
Chipotle,SC,Columbia,29212,-81.19937286734965,34.077918362481036,34.0378,-80.9036
Chipotle,SC,Columbia,29203,-81.04356197079666,34.10336408148045,34.0378,-80.9036
Chipotle,SC,Columbia,29206,-80.95839888319598,34.02822240372832,34.0378,-80.9036
Chipotle,SC,Columbia,29209,-80.9532760795252,33.924041460000694,34.0378,-80.9036
Chipotle,SC,Columbia,29201,-81.02808579176103,33.983373988054815,34.0378,-80.9036
Chipotle,SC,Conway,29526,-78.96948535984198,33.863742869785426,35.0753,-92.4692
Chipotle,SC,Duncan,29334,-82.12595883023926,34.90536277431935,34.5408,-97.9215
Chipotle,SC,Easley,29640,-82.57772216100923,34.888328048068395,34.8188,-82.5827
Chipotle,SC,Florence,29501,-79.82545446777912,34.206171490651286,34.178,-79.7898
Chipotle,SC,Mill,29708,-80.98582183621623,35.04664880101601,,
Chipotle,SC,Gaffney,29341,-81.7131965255262,35.11766859949173,35.0743,-81.6552
Chipotle,SC,Creek,29445,-79.98998382984715,32.99781258295353,,
Chipotle,SC,Greenville,29605,-82.3801716682644,34.77533338649823,34.8354,-82.3646
Chipotle,SC,Greenville,29609,-82.389037564723,34.912371293292715,34.8354,-82.3646
Chipotle,SC,Greenville,29615,-82.29513252029652,34.85582518957622,34.8354,-82.3646
Chipotle,SC,Greenville,29607,-82.33131943130356,34.8115471950548,34.8354,-82.3646
Chipotle,SC,Greenville,29607,-82.33131943130356,34.8115471950548,34.8354,-82.3646
Chipotle,SC,Greer,29650,-82.25843482281728,34.89756310865851,34.933,-82.2313
Chipotle,SC,Land,29707,-80.8582926047123,34.97726621627817,,
Chipotle,SC,Land,29707,-80.8582926047123,34.97726621627817,,
Chipotle,SC,Lexington,29073,-81.23820261347349,33.89374739582282,38.0423,-84.4587
Chipotle,SC,Lexington,29072,-81.27545863700735,34.00046787627516,38.0423,-84.4587
Chipotle,SC,Mauldin,29662,-82.30526404261198,34.777805062355455,34.7821,-82.3032
Chipotle,SC,Pleasant,29464,-79.85772817471201,32.81829520907691,,
Chipotle,SC,Beach,29588,-79.02449168655846,33.67166049798239,,
Chipotle,SC,Beach,29577,-78.90334027914652,33.69858215537917,,
Chipotle,SC,Beach,29572,-78.78913720890334,33.769294127415854,,
Chipotle,SC,Augusta,29841,-81.93944483631532,33.525077158457925,33.3645,-82.0708
Chipotle,SC,Charleston,29418,-80.06478744612954,32.88919913411065,32.8168,-79.9687
Chipotle,SC,Charleston,29406,-80.03256954801277,32.93534294209376,32.8168,-79.9687
Chipotle,SC,Beach,29582,-78.66047328989035,33.83427751817173,,
Chipotle,SC,Orangeburg,29118,-80.89213421025893,33.57048970460066,33.4928,-80.8671
Chipotle,SC,Hill,29732,-81.07935349960964,34.96967447506983,,
Chipotle,SC,Hill,29732,-81.07935349960964,34.96967447506983,,
Chipotle,SC,Seneca,29678,-82.94104530137164,34.63301982210936,34.6818,-82.96
Chipotle,SC,Spartanburg,29301,-82.01164475951296,34.9348702009146,34.9442,-81.9251
Chipotle,SC,Spartanburg,29307,-81.83125737604591,34.9839181130949,34.9442,-81.9251
Chipotle,SC,Summerville,29483,-80.18745568644633,33.051351494125605,33.0016,-80.1799
Chipotle,SC,Sumter,29150,-80.35449923828946,33.87556560303283,33.9392,-80.393
Chipotle,SC,Rest,29690,-82.4215319773263,35.059289658750245,,
Chipotle,SC,Columbia,29169,-81.09720828477886,33.99651934918275,34.0378,-80.9036
Chipotle,TN,Alcoa,37701,-83.98460646767367,35.79424632639191,35.8076,-83.9753
Chipotle,TN,Antioch,37013,-86.63242696350409,36.04705294135351,37.9787,-121.796
Chipotle,TN,Arlington,38002,-89.70839865292882,35.28693546117932,32.6998,-97.125
Chipotle,TN,Brentwood,37027,-86.78392716154805,35.99938797004406,37.9356,-121.719
Chipotle,TN,Bristol,37620,-82.09764386851643,36.551407127837905,36.5572,-82.2154
Chipotle,TN,Chattanooga,37405,-85.40588933280137,35.12138145422564,35.066,-85.2481
Chipotle,TN,Chattanooga,37421,-85.15095622970215,35.0289059069782,35.066,-85.2481
Chipotle,TN,Clarksville,37043,-87.23241977641608,36.49576965977284,36.5692,-87.3413
Chipotle,TN,Clarksville,37040,-87.33340513436039,36.523295705381024,36.5692,-87.3413
Chipotle,TN,Cleveland,37312,-84.8706456159586,35.2298564855628,41.4764,-81.6805
Chipotle,TN,Collierville,38017,-89.65069168832815,35.0674455819052,35.047,-89.6987
Chipotle,TN,Columbia,38401,-87.02061583787598,35.62903340459565,34.0378,-80.9036
Chipotle,TN,Cookeville,38501,-85.53845588833191,36.2282347818924,36.1482,-85.5109
Chipotle,TN,Cordova,38018,-89.76598217110846,35.13814052169526,,
Chipotle,TN,Franklin,37067,-86.77835094786772,35.91370257582356,35.92,-86.8516
Chipotle,TN,Franklin,37067,-86.77835094786772,35.91370257582356,35.92,-86.8516
Chipotle,TN,Hendersonville,37075,-86.6065939480636,36.34001650526762,36.3063,-86.5997
Chipotle,TN,Hermitage,37076,-86.58185461754155,36.149423876273374,41.2305,-80.4413
Chipotle,TN,Hixson,37343,-85.2091235805912,35.16886014837855,,
Chipotle,TN,Jackson,38305,-88.7679267679256,35.70199220567667,32.3157,-90.2125
Chipotle,TN,City,37601,-82.3214685562112,36.33029043597365,,
Chipotle,TN,Kingsport,37660,-82.57450867307294,36.529074335035745,36.5224,-82.5454
Chipotle,TN,Knoxville,37934,-84.17913754476785,35.87290579245087,35.9692,-83.9496
Chipotle,TN,Knoxville,37916,-83.93345605109866,35.953117732248785,35.9692,-83.9496
Chipotle,TN,Knoxville,37922,-84.1003083411886,35.86153014605529,35.9692,-83.9496
Chipotle,TN,Knoxville,37918,-83.90934861580081,36.0608462800731,35.9692,-83.9496
Chipotle,TN,Knoxville,37919,-84.00106356172316,35.91431902807433,35.9692,-83.9496
Chipotle,TN,Vergne,37086,-86.5591909615871,36.02120770635319,,
Chipotle,TN,Lebanon,37087,-86.27212682475512,36.27276794999843,40.3412,-76.4228
Chipotle,TN,Madison,37115,-86.69605617898911,36.25447771036904,43.0822,-89.393
Chipotle,TN,Memphis,38104,-90.0037288658669,35.13254903299128,35.1087,-89.9663
Chipotle,TN,Memphis,38133,-89.7942954681085,35.212884358263196,35.1087,-89.9663
Chipotle,TN,Memphis,38122,-89.92121611509543,35.15893032722706,35.1087,-89.9663
Chipotle,TN,Memphis,38119,-89.84588026232085,35.07980671819204,35.1087,-89.9663
Chipotle,TN,Millington,38053,-89.95338994861855,35.3442095570998,35.335,-89.8991
Chipotle,TN,Juliet,37122,-86.48888334721774,36.17751571145111,,
Chipotle,TN,Juliet,37122,-86.48888334721774,36.17751571145111,,
Chipotle,TN,Murfreesboro,37129,-86.44047952025988,35.92714437060022,35.849,-86.4121
Chipotle,TN,Murfreesboro,37129,-86.44047952025988,35.92714437060022,35.849,-86.4121
Chipotle,TN,Nashville,37228,-86.80408812168925,36.19503453815626,36.1715,-86.7842
Chipotle,TN,Nashville,37203,-86.79032265883397,36.1492378311715,36.1715,-86.7842
Chipotle,TN,Nashville,37215,-86.83469815641102,36.08188122330012,36.1715,-86.7842
Chipotle,TN,Nashville,37203,-86.79032265883397,36.1492378311715,36.1715,-86.7842
Chipotle,TN,Nashville,37209,-86.92159633320458,36.15547096665634,36.1715,-86.7842
Chipotle,TN,Nashville,37204,-86.77428306755048,36.106735606901985,36.1715,-86.7842
Chipotle,TN,Nashville,37205,-86.87253847196773,36.111208495043144,36.1715,-86.7842
Chipotle,TN,Sevierville,37862,-83.61251046248668,35.77804546424594,35.8872,-83.5678
Chipotle,TN,Smyrna,37167,-86.5327144575444,35.958557010356024,33.8633,-84.5168
Chipotle,TN,Hill,37174,-86.8998571452321,35.72175740978686,,
Chipotle,TX,Abilene,79601,-99.66351263918673,32.57963945585561,32.4543,-99.7384
Chipotle,TX,Abilene,79606,-99.82696225646185,32.36094711826582,32.4543,-99.7384
Chipotle,TX,Addison,75001,-96.83850250953157,32.96000367782949,41.9313,-88.0085
Chipotle,TX,Allen,75013,-96.69409197891432,33.11463107908148,33.1088,-96.6735
Chipotle,TX,Allen,75013,-96.69409197891432,33.11463107908148,33.1088,-96.6735
Chipotle,TX,Alvin,77511,-95.24203287037038,29.381457426387076,29.3872,-95.2938
Chipotle,TX,Amarillo,79109,-101.88644924105597,35.16634726207146,35.1984,-101.8316
Chipotle,TX,Anna,75409,-96.5273402200967,33.35196371753172,33.3472,-96.5508
Chipotle,TX,Arlington,76013,-97.15644776686156,32.72030410691586,32.6998,-97.125
Chipotle,TX,Arlington,76011,-97.08255240407121,32.754238889094964,32.6998,-97.125
Chipotle,TX,Arlington,76016,-97.18875675699407,32.6890226583135,32.6998,-97.125
Chipotle,TX,Arlington,76018,-97.09001697915883,32.66078135646916,32.6998,-97.125
Chipotle,TX,Arlington,76017,-97.16255704485586,32.66205754610543,32.6998,-97.125
Chipotle,TX,Austin,78759,-97.76103913079963,30.4026673475692,30.3005,-97.7522
Chipotle,TX,Austin,78702,-97.7143069084454,30.263238458530658,30.3005,-97.7522
Chipotle,TX,Austin,78717,-97.75399101262369,30.489915296235395,30.3005,-97.7522
Chipotle,TX,Austin,78723,-97.68571332837318,30.30426972534033,30.3005,-97.7522
Chipotle,TX,Austin,78737,-97.95962991678016,30.18780530776417,30.3005,-97.7522
Chipotle,TX,Austin,78741,-97.7140165038073,30.230488859883668,30.3005,-97.7522
Chipotle,TX,Austin,78727,-97.71740669061043,30.4295009699904,30.3005,-97.7522
Chipotle,TX,Austin,78741,-97.7140165038073,30.230488859883668,30.3005,-97.7522
Chipotle,TX,Austin,78705,-97.73851570987267,30.294331748435557,30.3005,-97.7522
Chipotle,TX,Austin,78704,-97.76536643966934,30.243160007682395,30.3005,-97.7522
Chipotle,TX,Austin,78757,-97.73256961199942,30.351538266131723,30.3005,-97.7522
Chipotle,TX,Austin,78756,-97.74016834947281,30.32222394996091,30.3005,-97.7522
Chipotle,TX,Austin,78749,-97.85817700087223,30.2137727155807,30.3005,-97.7522
Chipotle,TX,Austin,78745,-97.79738103945827,30.206850681601125,30.3005,-97.7522
Chipotle,TX,Austin,78729,-97.75596183710769,30.458427088730776,30.3005,-97.7522
Chipotle,TX,Austin,78726,-97.84206609065487,30.429505627105375,30.3005,-97.7522
Chipotle,TX,Austin,78701,-97.74237257033822,30.27047846104167,30.3005,-97.7522
Chipotle,TX,Austin,78748,-97.823450525149,30.165356157036843,30.3005,-97.7522
Chipotle,TX,Baytown,77523,-94.86719611863948,29.787271663788843,29.7587,-94.9671
Chipotle,TX,Baytown,77521,-94.96589012869802,29.798488312494317,29.7587,-94.9671
Chipotle,TX,Beaumont,77706,-94.17074920239918,30.09975128414483,30.0849,-94.1451
Chipotle,TX,Bedford,76022,-97.14516295004698,32.830658342918355,32.8464,-97.135
Chipotle,TX,Benbrook,76126,-97.51233965979759,32.633834859307754,32.6788,-97.4637
Chipotle,TX,Brownsville,78526,-97.43941014244224,25.99102713326275,25.9975,-97.458
Chipotle,TX,Burleson,76028,-97.30317754577048,32.52603292109373,32.517,-97.3344
Chipotle,TX,Burleson,76028,-97.30317754577048,32.52603292109373,32.517,-97.3344
Chipotle,TX,Carrollton,75010,-96.8967469484685,33.03426475067113,32.989,-96.8999
Chipotle,TX,Hill,75104,-96.9661659495112,32.580443283898674,,
Chipotle,TX,Park,78613,-97.82460670549338,30.50396748902014,,
Chipotle,TX,Cibolo,78108,-98.21881040334935,29.574328493538207,29.5634,-98.2115
Chipotle,TX,Station,77840,-96.3259955897652,30.609071721220825,,
Chipotle,TX,Station,77840,-96.3259955897652,30.609071721220825,,
Chipotle,TX,Station,77840,-96.3259955897652,30.609071721220825,,
Chipotle,TX,Colleyville,76034,-97.14878712673622,32.89120244697841,32.8913,-97.1486
Chipotle,TX,Conroe,77304,-95.51411980867367,30.329506113367046,30.3238,-95.4824
Chipotle,TX,Conroe,77385,-95.422247571255,30.18889703942372,30.3238,-95.4824
Chipotle,TX,Conroe,77384,-95.49526167764446,30.23492624692802,30.3238,-95.4824
Chipotle,TX,Coppell,75019,-96.98550609352698,32.963280378570865,32.9639,-96.9903
Chipotle,TX,Cove,76522,-97.97337751369139,31.216044278405306,,
Chipotle,TX,Corinth,76210,-97.09596622829682,33.15036974866803,33.1434,-97.0682
Chipotle,TX,Christi,78411,-97.38569214154609,27.72953988888842,,
Chipotle,TX,Roads,76227,-96.990511078662,33.27391347813822,,
Chipotle,TX,Cypress,77429,-95.65883536068043,29.991025739436722,33.8171,-118.0386
Chipotle,TX,Cypress,77433,-95.7392104650902,29.949131189288593,33.8171,-118.0386
Chipotle,TX,Cypress,77433,-95.7392104650902,29.949131189288593,33.8171,-118.0386
Chipotle,TX,Cypress,77433,-95.7392104650902,29.949131189288593,33.8171,-118.0386
Chipotle,TX,Dallas,75243,-96.73564041679985,32.912137802203986,32.7935,-96.7667
Chipotle,TX,Dallas,75230,-96.79204507141625,32.90231761246161,32.7935,-96.7667
Chipotle,TX,Dallas,75244,-96.83661700813768,32.92540744935255,32.7935,-96.7667
Chipotle,TX,Dallas,75254,-96.80138062168274,32.94561698468618,32.7935,-96.7667
Chipotle,TX,Dallas,75252,-96.79084201939565,32.997231139593374,32.7935,-96.7667
Chipotle,TX,Dallas,75214,-96.74544838182211,32.82861611275291,32.7935,-96.7667
Chipotle,TX,Dallas,75211,-96.90297560755114,32.73494378138538,32.7935,-96.7667
Chipotle,TX,Dallas,75219,-96.81289713362027,32.8118139353197,32.7935,-96.7667
Chipotle,TX,Dallas,75235,-96.84850427507952,32.832532572527164,32.7935,-96.7667
Chipotle,TX,Dallas,75204,-96.7888531715083,32.802126891097316,32.7935,-96.7667
Chipotle,TX,Dallas,75220,-96.87617940974646,32.86667615690486,32.7935,-96.7667
Chipotle,TX,Dallas,75246,-96.77333219788181,32.7929555871903,32.7935,-96.7667
Chipotle,TX,Dallas,75237,-96.87305608229941,32.66561941930426,32.7935,-96.7667
Chipotle,TX,Dallas,75219,-96.81289713362027,32.8118139353197,32.7935,-96.7667
Chipotle,TX,Dallas,75205,-96.79624050805447,32.83654530375293,32.7935,-96.7667
Chipotle,TX,Dallas,75254,-96.80138062168274,32.94561698468618,32.7935,-96.7667
Chipotle,TX,Dallas,75231,-96.74978181104365,32.87763289664761,32.7935,-96.7667
Chipotle,TX,Dallas,75206,-96.77028841878956,32.83155491701727,32.7935,-96.7667
Chipotle,TX,Dallas,75231,-96.74978181104365,32.87763289664761,32.7935,-96.7667
Chipotle,TX,Dallas,75225,-96.7909905423937,32.86515797745371,32.7935,-96.7667
Chipotle,TX,Dallas,75218,-96.70234953206543,32.84149399814168,32.7935,-96.7667
Chipotle,TX,Park,77536,-95.12128835145468,29.69837394455449,,
Chipotle,TX,Denton,76201,-97.14724744798545,33.22112916251512,33.2175,-97.1418
Chipotle,TX,Denton,76205,-97.12812156278913,33.190278744554185,33.2175,-97.1418
Chipotle,TX,Denton,76201,-97.14724744798545,33.22112916251512,33.2175,-97.1418
Chipotle,TX,Desoto,75115,-96.86372976726328,32.59884429704036,,
Chipotle,TX,Duncanville,75116,-96.91396407140964,32.660145542641565,32.646,-96.9127
Chipotle,TX,M,79934,-106.43394001228613,31.951939193118708,,
Chipotle,TX,Paso,79928,-106.155963772229,31.628630547525464,,
Chipotle,TX,Paso,79936,-106.29784143235057,31.77618272209192,,
Chipotle,TX,Paso,79936,-106.29784143235057,31.77618272209192,,
Chipotle,TX,Paso,79902,-106.49792535018264,31.784128920283763,,
Chipotle,TX,Paso,79938,-105.9701107449351,31.83092007428695,,
Chipotle,TX,Paso,79912,-106.53264104339159,31.8482220779274,,
Chipotle,TX,Paso,79912,-106.53264104339159,31.8482220779274,,
Chipotle,TX,Paso,79925,-106.3633007464577,31.797722275259673,,
Chipotle,TX,Euless,76039,-97.08386546947348,32.85936146244309,32.8508,-97.08
Chipotle,TX,Branch,75234,-96.89039402744666,32.92365777509987,,
Chipotle,TX,Mound,75022,-97.12019146074131,33.0277269690566,44.9328,-93.6591
Chipotle,TX,Mound,75028,-97.06086054969946,33.03282713203653,44.9328,-93.6591
Chipotle,TX,Forney,75126,-96.45183707244952,32.74206430824203,32.744,-96.4529
Chipotle,TX,Bliss,79906,-106.41643789740363,31.80923915094356,,
Chipotle,TX,Hood,76544,-97.76163654040494,31.143126421583418,,
Chipotle,TX,Worth,76179,-97.43778062698398,32.91437010784546,41.6877,-87.7916
Chipotle,TX,Worth,76104,-97.31781033240117,32.72868979536776,41.6877,-87.7916
Chipotle,TX,Worth,76177,-97.31117747236044,32.97524027874096,41.6877,-87.7916
Chipotle,TX,Worth,76105,-97.26943273902897,32.724045951355556,41.6877,-87.7916
Chipotle,TX,Worth,76107,-97.38197727529453,32.741708869381625,41.6877,-87.7916
Chipotle,TX,Worth,76109,-97.38395506245968,32.7010099635333,41.6877,-87.7916
Chipotle,TX,Worth,76177,-97.31117747236044,32.97524027874096,41.6877,-87.7916
Chipotle,TX,Worth,76155,-97.04868822929073,32.82399308245809,41.6877,-87.7916
Chipotle,TX,Worth,76132,-97.41796720552138,32.66758135569398,41.6877,-87.7916
Chipotle,TX,Worth,76244,-97.28435538902474,32.93099215362588,41.6877,-87.7916
Chipotle,TX,Worth,76132,-97.41796720552138,32.66758135569398,41.6877,-87.7916
Chipotle,TX,Worth,76137,-97.29129177472065,32.85878280015486,41.6877,-87.7916
Chipotle,TX,Worth,76116,-97.44638874875307,32.721732501811324,41.6877,-87.7916
Chipotle,TX,Worth,76114,-97.40267895234062,32.77438910126284,41.6877,-87.7916
Chipotle,TX,Worth,76131,-97.34688323039262,32.88334114760934,41.6877,-87.7916
Chipotle,TX,Friendswood,77546,-95.19217962966549,29.514916919658692,29.511,-95.1981
Chipotle,TX,Frisco,75033,,,33.156,-96.8216
Chipotle,TX,Frisco,75034,-96.86032738120306,33.15193068815742,33.156,-96.8216
Chipotle,TX,Frisco,75033,,,33.156,-96.8216
Chipotle,TX,Frisco,75035,-96.77270963752314,33.15536742397892,33.156,-96.8216
Chipotle,TX,Frisco,75034,-96.86032738120306,33.15193068815742,33.156,-96.8216
Chipotle,TX,Frisco,75035,-96.77270963752314,33.15536742397892,33.156,-96.8216
Chipotle,TX,Worth,76123,-97.39314775601994,32.61897622229042,41.6877,-87.7916
Chipotle,TX,Galveston,77551,-94.83299505110942,29.27842091151347,29.2484,-94.8913
Chipotle,TX,Garland,75040,-96.6201036566218,32.927690437762486,32.91,-96.6304
Chipotle,TX,Georgetown,78626,-97.59734198707687,30.66535493122045,30.666,-97.6966
Chipotle,TX,Granbury,76048,-97.80876841193393,32.42319517775645,32.4475,-97.7702
Chipotle,TX,Prairie,75052,-97.02649341572197,32.66588886495859,,
Chipotle,TX,Prairie,75052,-97.02649341572197,32.66588886495859,,
Chipotle,TX,Grapevine,76051,-97.07173990937122,32.92496406144235,32.9343,-97.0742
Chipotle,TX,Greenville,75402,-96.08536956277297,33.06874762604725,34.8354,-82.3646
Chipotle,TX,Heights,76548,-97.64585849230097,31.050803132125335,,
Chipotle,TX,Harlingen,78552,-97.75025185732466,26.195135594342293,26.1916,-97.6977
Chipotle,TX,Houston,77037,-95.39439796675418,29.891137305048176,29.786,-95.3885
Chipotle,TX,Houston,77070,-95.57316771410943,29.97775538443996,29.786,-95.3885
Chipotle,TX,Houston,77092,-95.4738440566645,29.829703189670365,29.786,-95.3885
Chipotle,TX,Houston,77077,-95.6153985463372,29.750099192266838,29.786,-95.3885
Chipotle,TX,Houston,77047,-95.38661561663962,29.6084370206036,29.786,-95.3885
Chipotle,TX,Houston,77077,-95.6153985463372,29.750099192266838,29.786,-95.3885
Chipotle,TX,Houston,77065,-95.6037390175168,29.926941266012275,29.786,-95.3885
Chipotle,TX,Houston,77008,-95.41760622109182,29.798594418371906,29.786,-95.3885
Chipotle,TX,Houston,77084,-95.66213547819672,29.826451588661456,29.786,-95.3885
Chipotle,TX,Houston,77086,-95.49111273353235,29.91829515471394,29.786,-95.3885
Chipotle,TX,Houston,77024,-95.51163143419974,29.770814394083153,29.786,-95.3885
Chipotle,TX,Houston,77015,-95.17342182633892,29.764361410514447,29.786,-95.3885
Chipotle,TX,Houston,77040,-95.52782637852565,29.874422794325692,29.786,-95.3885
Chipotle,TX,Houston,77044,-95.17696360566707,29.897913669111254,29.786,-95.3885
Chipotle,TX,Houston,77090,-95.44387608879524,30.008632042112882,29.786,-95.3885
Chipotle,TX,Houston,77019,-95.41020099131107,29.75322174456966,29.786,-95.3885
Chipotle,TX,Houston,77007,-95.41153267667302,29.771311336112852,29.786,-95.3885
Chipotle,TX,Houston,77082,-95.64177182132704,29.723571968433944,29.786,-95.3885
Chipotle,TX,Houston,77006,-95.3913008360888,29.74097005362039,29.786,-95.3885
Chipotle,TX,Houston,77024,-95.51163143419974,29.770814394083153,29.786,-95.3885
Chipotle,TX,Houston,77027,-95.44591194443198,29.740190322790987,29.786,-95.3885
Chipotle,TX,Houston,77093,-95.3410082508329,29.86228618328067,29.786,-95.3885
Chipotle,TX,Houston,77069,-95.52440041762098,29.985716194736234,29.786,-95.3885
Chipotle,TX,Houston,77056,-95.46803176157657,29.748265319733314,29.786,-95.3885
Chipotle,TX,Houston,77056,-95.46803176157657,29.748265319733314,29.786,-95.3885
Chipotle,TX,Houston,77005,-95.42419506409489,29.718192608711007,29.786,-95.3885
Chipotle,TX,Houston,77057,-95.48863971811174,29.74534480907047,29.786,-95.3885
Chipotle,TX,Houston,77049,-95.14732615305786,29.83414160243008,29.786,-95.3885
Chipotle,TX,Houston,77030,-95.40259428728022,29.70627352015921,29.786,-95.3885
Chipotle,TX,Houston,77084,-95.66213547819672,29.826451588661456,29.786,-95.3885
Chipotle,TX,Houston,77087,-95.30346872926066,29.686111361115568,29.786,-95.3885
Chipotle,TX,Houston,77074,-95.51627479926137,29.688016866957135,29.786,-95.3885
Chipotle,TX,Houston,77070,-95.57316771410943,29.97775538443996,29.786,-95.3885
Chipotle,TX,Houston,77063,-95.5216275510266,29.73550986641353,29.786,-95.3885
Chipotle,TX,Houston,77025,-95.43498775058751,29.68654449795404,29.786,-95.3885
Chipotle,TX,Houston,77096,-95.47945894933115,29.674766239364033,29.786,-95.3885
Chipotle,TX,Houston,77002,-95.36535693957319,29.75649720303156,29.786,-95.3885
Chipotle,TX,Houston,77064,-95.54707054822909,29.92215228970404,29.786,-95.3885
Chipotle,TX,Houston,77083,-95.64889844246511,29.693227518616833,29.786,-95.3885
Chipotle,TX,Oaks,76087,-97.78317702569551,32.67076759467052,,
Chipotle,TX,Humble,77338,-95.29019033376463,30.006795602223033,29.9921,-95.2655
Chipotle,TX,Humble,77346,-95.17717228858346,29.994970447086963,29.9921,-95.2655
Chipotle,TX,Huntsville,77340,-95.53985479443082,30.643686768977535,34.6981,-86.6412
Chipotle,TX,Hurst,76053,-97.17949253641048,32.81708909934566,32.8353,-97.1809
Chipotle,TX,Hutto,78634,-97.54471086714402,30.559086675466844,30.5396,-97.544
Chipotle,TX,Irving,75062,-96.9569154435033,32.847037571472754,32.8583,-96.9702
Chipotle,TX,Irving,75062,-96.9569154435033,32.847037571472754,32.8583,-96.9702
Chipotle,TX,Irving,75063,-96.98595617809043,32.92047171870657,32.8583,-96.9702
Chipotle,TX,Irving,75063,-96.98595617809043,32.92047171870657,32.8583,-96.9702
Chipotle,TX,Katy,77450,-95.73831731551621,29.746295763578583,29.7905,-95.8353
Chipotle,TX,Katy,77494,-95.82860245529457,29.743279571063123,29.7905,-95.8353
Chipotle,TX,Katy,77494,-95.82860245529457,29.743279571063123,29.7905,-95.8353
Chipotle,TX,Katy,77449,-95.7381351972983,29.835557084343108,29.7905,-95.8353
Chipotle,TX,Kennedale,76060,-97.21585934375517,32.64078681593014,32.6434,-97.2172
Chipotle,TX,Kingwood,77345,-95.15897365925464,30.05414814043666,,
Chipotle,TX,Kyle,78640,-97.82813774753141,29.994951029121218,29.9932,-97.8852
Chipotle,TX,Marque,77568,-94.9797398577682,29.363828006842354,,
Chipotle,TX,Worth,76135,-97.46488093828617,32.8343392899071,41.6877,-87.7916
Chipotle,TX,Laredo,78041,-99.46338841846067,27.554155266974284,27.5625,-99.4874
Chipotle,TX,City,77573,-95.08649688162058,29.502076386536395,,
Chipotle,TX,City,77573,-95.08649688162058,29.502076386536395,,
Chipotle,TX,Leander,78641,-97.91516431501071,30.561737354596463,30.5728,-97.8618
Chipotle,TX,Lewisville,75067,-97.00018043998696,33.01368580958035,33.0454,-96.9815
Chipotle,TX,Lewisville,75056,-96.91484090411556,33.07394972811525,33.0454,-96.9815
Chipotle,TX,Lewisville,75067,-97.00018043998696,33.01368580958035,33.0454,-96.9815
Chipotle,TX,Longview,75605,-94.72063519751167,32.58258947328191,32.5193,-94.7622
Chipotle,TX,Lubbock,79424,-101.94095325533571,33.46996338743259,33.5657,-101.8879
Chipotle,TX,Lubbock,79401,-101.85142139688504,33.587881890463926,33.5657,-101.8879
Chipotle,TX,Lubbock,79407,-102.07927457303641,33.56317512377164,33.5657,-101.8879
Chipotle,TX,Lubbock,79424,-101.94095325533571,33.46996338743259,33.5657,-101.8879
Chipotle,TX,Lubbock,79424,-101.94095325533571,33.46996338743259,33.5657,-101.8879
Chipotle,TX,Lucas,75002,-96.60756630860084,33.089657369223445,,
Chipotle,TX,Magnolia,77354,-95.64790830488442,30.211073152260678,33.2775,-93.2261
Chipotle,TX,Mansfield,76063,-97.14275622919126,32.569778930761345,40.7656,-82.5275
Chipotle,TX,Mansfield,76063,-97.14275622919126,32.569778930761345,40.7656,-82.5275
Chipotle,TX,Manvel,77578,-95.36557872086568,29.481329836711016,29.4798,-95.3635
Chipotle,TX,McAllen,78501,-98.23917010849391,26.215807609937784,26.2252,-98.2467
Chipotle,TX,McAllen,78504,-98.23656943887507,26.271969406109164,26.2252,-98.2467
Chipotle,TX,McKinney,75071,-96.62899714752005,33.24665255061522,33.2016,-96.667
Chipotle,TX,McKinney,75072,,,33.2016,-96.667
Chipotle,TX,McKinney,75071,-96.62899714752005,33.24665255061522,33.2016,-96.667
Chipotle,TX,Mesquite,75150,-96.63036831666203,32.81577153475914,32.7602,-96.5865
Chipotle,TX,Mesquite,75150,-96.63036831666203,32.81577153475914,32.7602,-96.5865
Chipotle,TX,Mesquite,75149,-96.61487123571946,32.76999632807725,32.7602,-96.5865
Chipotle,TX,Midland,79705,-102.05953021392801,32.05115871192714,32.0243,-102.1147
Chipotle,TX,City,77459,-95.53297586304623,29.525655101817986,,
Chipotle,TX,Montgomery,77356,-95.70183104597118,30.45055629384492,32.3482,-86.2668
Chipotle,TX,Murphy,75094,-96.6150503614581,33.019066563072286,33.0186,-96.6105
Chipotle,TX,Nacogdoches,75965,-94.62609136265459,31.72384153795663,31.6134,-94.6528
Chipotle,TX,Braunfels,78130,-98.07019790293717,29.6977318845316,,
Chipotle,TX,Caney,77357,-95.19111633034373,30.15845212298314,,
Chipotle,TX,Hills,76180,-97.22502212795173,32.83997078278647,,
Chipotle,TX,Hills,76180,-97.22502212795173,32.83997078278647,,
Chipotle,TX,Odessa,79762,-102.35442943558284,31.926476403084322,31.8801,-102.3448
Chipotle,TX,Pasadena,77504,-95.19001847049097,29.648009757567273,29.6575,-95.1498
Chipotle,TX,Pasadena,77505,-95.138259704721,29.646084869259354,29.6575,-95.1498
Chipotle,TX,Pearland,77584,-95.35080065746804,29.54598999659096,29.5581,-95.3218
Chipotle,TX,Pearland,77581,-95.27756284119013,29.560504158512295,29.5581,-95.3218
Chipotle,TX,Pflugerville,78660,-97.59550747636698,30.443052336077496,30.4515,-97.6018
Chipotle,TX,Pharr,78577,-98.19103465262356,26.150614000034125,26.1685,-98.1904
Chipotle,TX,Plano,75075,-96.74109315613562,33.021343773280044,33.0502,-96.7486
Chipotle,TX,Plano,75074,-96.67429090943926,33.031896725639676,33.0502,-96.7486
Chipotle,TX,Plano,75075,-96.74109315613562,33.021343773280044,33.0502,-96.7486
Chipotle,TX,Plano,75093,-96.81002796343361,33.03549057391373,33.0502,-96.7486
Chipotle,TX,Plano,75074,-96.67429090943926,33.031896725639676,33.0502,-96.7486
Chipotle,TX,Plano,75024,-96.80700557700399,33.0773612994688,33.0502,-96.7486
Chipotle,TX,Plano,75093,-96.81002796343361,33.03549057391373,33.0502,-96.7486
Chipotle,TX,Plano,75023,-96.73244326884543,33.05700856921809,33.0502,-96.7486
Chipotle,TX,Arthur,77640,-93.94103789799102,29.881117228002566,,
Chipotle,TX,Portland,78374,-97.37813491282454,27.897675617187545,45.5371,-122.65
Chipotle,TX,Princeton,75407,-96.48797399810772,33.15087281127294,25.5396,-80.3971
Chipotle,TX,Oak,75154,-96.81010287124583,32.52277386955671,,
Chipotle,TX,Richardson,75081,-96.71017835213745,32.94880701816332,32.9716,-96.7093
Chipotle,TX,Richardson,75080,-96.74202094231231,32.97395461528964,32.9716,-96.7093
Chipotle,TX,Richmond,77407,-95.71250038366142,29.676485869010584,37.5295,-77.4756
Chipotle,TX,Richmond,77494,-95.82860245529457,29.743279571063123,37.5295,-77.4756
Chipotle,TX,Richmond,77407,-95.71250038366142,29.676485869010584,37.5295,-77.4756
Chipotle,TX,Roanoke,76262,-97.22579786470827,33.00948643317076,37.2785,-79.9581
Chipotle,TX,Rockwall,75087,-96.44993220816889,32.941745689582156,32.9169,-96.4374
Chipotle,TX,Rockwall,75087,-96.44993220816889,32.941745689582156,32.9169,-96.4374
Chipotle,TX,Rosenberg,77471,-95.8681355437678,29.545969950527727,29.5456,-95.8223
Chipotle,TX,Rock,78681,-97.72469212550422,30.53329182846413,,
Chipotle,TX,Rock,78681,-97.72469212550422,30.53329182846413,,
Chipotle,TX,Rock,78665,-97.64375318784056,30.544860653728993,,
Chipotle,TX,Rowlett,75088,-96.54909769239701,32.89229569159899,32.9155,-96.5489
Chipotle,TX,City,75189,-96.31193387348003,32.951828749828785,,
Chipotle,TX,Sachse,75048,-96.58088542654673,32.972015207178174,32.9726,-96.5793
Chipotle,TX,Saginaw,76179,-97.43778062698398,32.91437010784546,43.4199,-83.9501
Chipotle,TX,Angelo,76904,-100.3945245613058,31.283606316930896,,
Chipotle,TX,Angelo,76904,-100.3945245613058,31.283606316930896,,
Chipotle,TX,Antonio,78250,-98.66622492502552,29.503174188172213,,
Chipotle,TX,Antonio,78230,-98.55551328054257,29.546123101910574,,
Chipotle,TX,Antonio,78258,-98.49606289470154,29.63371995408548,,
Chipotle,TX,Antonio,78245,-98.73078502918727,29.40396200188648,,
Chipotle,TX,Antonio,78247,-98.40708174287163,29.58546775846477,,
Chipotle,TX,Antonio,78216,-98.48928516669827,29.536464042983166,,
Chipotle,TX,Antonio,78258,-98.49606289470154,29.63371995408548,,
Chipotle,TX,Antonio,78224,-98.53943764227954,29.29428666986604,,
Chipotle,TX,Antonio,78223,-98.39088989771295,29.312198779586037,,
Chipotle,TX,Antonio,78209,-98.45672488421839,29.489048769566278,,
Chipotle,TX,Antonio,78245,-98.73078502918727,29.40396200188648,,
Chipotle,TX,Antonio,78216,-98.48928516669827,29.536464042983166,,
Chipotle,TX,Antonio,78229,-98.57222509429734,29.5055475309554,,
Chipotle,TX,Antonio,78253,-98.79061490317554,29.46743073512536,,
Chipotle,TX,Antonio,78244,-98.35008377375472,29.473820347346976,,
Chipotle,TX,Antonio,78209,-98.45672488421839,29.489048769566278,,
Chipotle,TX,Antonio,78250,-98.66622492502552,29.503174188172213,,
Chipotle,TX,Antonio,78239,-98.36299753605005,29.51680312594452,,
Chipotle,TX,Antonio,78245,-98.73078502918727,29.40396200188648,,
Chipotle,TX,Antonio,78205,-98.48587992248538,29.42348905546269,,
Chipotle,TX,Marcos,78666,-97.9664072611446,29.879590110265678,,
Chipotle,TX,Marcos,78666,-97.9664072611446,29.879590110265678,,
Chipotle,TX,Marcos,78666,-97.9664072611446,29.879590110265678,,
Chipotle,TX,Selma,78154,-98.26630910333742,29.546238406964612,36.5715,-119.6143
Chipotle,TX,Sherman,75090,-96.54560901885377,33.60450221143716,33.6273,-96.6221
Chipotle,TX,Southlake,76092,-97.14858071518549,32.95998695271543,32.9545,-97.1503
Chipotle,TX,Southlake,76092,-97.14858071518549,32.95998695271543,32.9545,-97.1503
Chipotle,TX,Spring,77389,-95.50750051473514,30.115170149237382,30.0613,-95.383
Chipotle,TX,Spring,77388,-95.46852376165927,30.05984736069086,30.0613,-95.383
Chipotle,TX,Spring,77386,-95.35581753307274,30.101240631192706,30.0613,-95.383
Chipotle,TX,Spring,77389,-95.50750051473514,30.115170149237382,30.0613,-95.383
Chipotle,TX,Spring,77380,-95.468666257254,30.1364497543695,30.0613,-95.383
Chipotle,TX,Spring,77379,-95.53381777032908,30.03913492129415,30.0613,-95.383
Chipotle,TX,Spring,77380,-95.468666257254,30.1364497543695,30.0613,-95.383
Chipotle,TX,Branch,78070,-98.40629700522645,29.89823191094116,,
Chipotle,TX,Stafford,77477,-95.56674709118369,29.62569757074775,39.7049,-74.2643
Chipotle,TX,Stafford,77477,-95.56674709118369,29.62569757074775,39.7049,-74.2643
Chipotle,TX,Land,77479,-95.6355511168077,29.566446645157104,,
Chipotle,TX,Land,77479,-95.6355511168077,29.566446645157104,,
Chipotle,TX,Valley,78745,-97.79738103945827,30.206850681601125,32.8088,-85.181
Chipotle,TX,D,76504,-97.37258100284761,31.138071067706857,,
Chipotle,TX,Temple,76502,-97.41034922222272,31.09624511624976,31.1068,-97.3891
Chipotle,TX,Terrell,75160,-96.30018220711008,32.76169263094638,32.734,-96.2931
Chipotle,TX,Texarkana,75503,-94.13040381837338,33.51346844336644,33.45,-94.0847
Chipotle,TX,Tomball,77377,-95.68200895004496,30.06135108141907,30.0951,-95.6194
Chipotle,TX,Tomball,77375,-95.58943430500487,30.095448621533283,30.0951,-95.6194
Chipotle,TX,Club,76262,-97.22579786470827,33.00948643317076,,
Chipotle,TX,Tyler,75703,-95.32062308063765,32.23854915424219,32.3184,-95.3062
Chipotle,TX,Tyler,75703,-95.32062308063765,32.23854915424219,32.3184,-95.3062
Chipotle,TX,City,78148,-98.29562472070168,29.543446616032483,,
Chipotle,TX,Waco,76710,-97.19524402220308,31.53876614678979,31.5599,-97.1882
Chipotle,TX,Waco,76706,-97.09119587450031,31.46652544817727,31.5599,-97.1882
Chipotle,TX,Watauga,76148,-97.2519693086205,32.868116024059994,32.8719,-97.2515
Chipotle,TX,Waxahachie,75165,-96.79745462954173,32.36911489842891,32.4035,-96.8446
Chipotle,TX,Weatherford,76087,-97.78317702569551,32.67076759467052,32.7536,-97.7723
Chipotle,TX,Webster,77598,-95.13686423073722,29.537865111456487,43.2294,-77.4454
Chipotle,TX,Hills,78746,-97.81053824945414,30.297273364675704,,
Chipotle,TX,Falls,76308,-98.54059209794325,33.85238049516463,40.1686,-74.7915
Chipotle,TX,Willis,77378,-95.36869264131577,30.457415026056708,,
Chipotle,TX,Wylie,75098,-96.53477158909966,33.01186375203984,33.0362,-96.5161
Chipotle,UT,City,84720,-113.16812562360906,37.58863101810593,,
Chipotle,UT,Centerville,84014,-111.88504733062041,40.9321376231155,39.6339,-84.1449
Chipotle,UT,Clinton,84015,-112.0611816293931,41.12088714572934,38.7499,-76.9063
Chipotle,UT,Heights,84121,-111.69814832626682,40.62561533028476,,
Chipotle,UT,Mountain,84005,-111.99652974109628,40.325130219706764,,
Chipotle,UT,Farmington,84025,-111.9036052003809,40.9802990192614,36.7555,-108.1823
Chipotle,UT,Holladay,84117,-111.83471402080346,40.66104413914217,40.66,-111.8226
Chipotle,UT,Layton,84041,-111.98381474254771,41.071442050768866,41.077,-111.962
Chipotle,UT,Lehi,84043,-111.87327700612263,40.41086847855177,40.4136,-111.8725
Chipotle,UT,Logan,84321,-111.68546368755825,41.80000749394062,41.7399,-111.8422
Chipotle,UT,Magna,84044,-112.15592321499389,40.71979651424628,40.7634,-112.1599
Chipotle,UT,Murray,84107,-111.88444610552884,40.65804085434985,40.6498,-111.8874
Chipotle,UT,Ogden,84404,-112.11645063083058,41.27065468142872,41.2279,-111.9682
Chipotle,UT,Orem,84097,-111.67312158947904,40.30482690649808,40.2981,-111.6994
Chipotle,UT,City,84098,-111.53431974361055,40.73471441872861,,
Chipotle,UT,Grove,84062,-111.67778235440555,40.43484652069866,,
Chipotle,UT,Provo,84604,-111.59130507740802,40.343199887069034,40.2457,-111.6457
Chipotle,UT,Riverdale,84405,-111.96655855517483,41.15795568930943,33.5639,-84.4103
Chipotle,UT,Riverton,84096,-112.09851995920921,40.51367304718558,40.5176,-111.9636
Chipotle,UT,City,84106,-111.85566152345534,40.70675528549008,,
Chipotle,UT,City,84102,-111.86438638285657,40.76025016743712,,
Chipotle,UT,Sandy,84070,-111.88904592339334,40.57711109646707,40.5709,-111.8506
Chipotle,UT,Springs,84045,-111.91174355814809,40.33845232421578,41.0212,-72.1584
Chipotle,UT,Jordan,84095,-111.97892304001688,40.557254070252164,,
Chipotle,UT,Lake,84115,-111.89268993365856,40.71450507531144,,
Chipotle,UT,Fork,84660,-111.56860308052086,40.06444744725504,,
Chipotle,UT,George,84770,-113.60823628189353,37.17561989820628,,
Chipotle,UT,George,84790,-113.55809805639947,37.046319315192946,,
Chipotle,UT,Syracuse,84075,-112.07975911825004,41.08139838511865,43.0407,-76.1437
Chipotle,UT,Taylorsville,84129,,,40.6569,-111.9493
Chipotle,UT,Tooele,84074,-112.27332924108617,40.55927308419933,40.5393,-112.3082
Chipotle,UT,Vineyard,84059,,,38.474,-121.324
Chipotle,UT,Washington,84780,-113.49026479370832,37.12646296838118,38.9047,-77.0163
Chipotle,UT,Bountiful,84010,-111.86722011962952,40.867782450437396,40.8721,-111.8647
Chipotle,UT,Jordan,84084,-111.96454725838123,40.62287301646668,,
Chipotle,UT,Jordan,84081,-112.03763103407258,40.602837166808,,
Chipotle,UT,City,84120,-112.0012393322352,40.697479260705926,,
Chipotle,VT,Bennington,05201,-73.1413912392734,42.88112195003878,42.8854,-73.2133
Chipotle,VT,Burlington,05401,-73.21000487925673,44.47626819106751,36.076,-79.4685
Chipotle,VT,Rutland,05701,-72.91004015800208,43.62474991053548,43.6092,-72.9783
Chipotle,VT,Burlington,05403,-73.17233595334001,44.446951617768285,36.076,-79.4685
Chipotle,VA,Alexandria,22305,-77.06238269443296,38.83643874970631,38.8185,-77.0861
Chipotle,VA,Alexandria,22302,-77.08475651096153,38.82809517115489,38.8185,-77.0861
Chipotle,VA,Alexandria,22304,-77.113997524584,38.81377938337958,38.8185,-77.0861
Chipotle,VA,Alexandria,22315,-77.15047133158347,38.7560680598851,38.8185,-77.0861
Chipotle,VA,Alexandria,22314,-77.05699263268214,38.80703050521279,38.8185,-77.0861
Chipotle,VA,Alexandria,22312,-77.15365231591403,38.816471638446394,38.8185,-77.0861
Chipotle,VA,Alexandria,22306,-77.0929066604029,38.7567386043075,38.8185,-77.0861
Chipotle,VA,Alexandria,22309,-77.10727709401694,38.719230078550616,38.8185,-77.0861
Chipotle,VA,Arlington,22204,-77.09895447737082,38.860787425517685,32.6998,-97.125
Chipotle,VA,Arlington,22202,-77.05154865748926,38.856512610760134,32.6998,-97.125
Chipotle,VA,Arlington,22202,-77.05154865748926,38.856512610760134,32.6998,-97.125
Chipotle,VA,Arlington,22201,-77.0952398032243,38.88656624937405,32.6998,-97.125
Chipotle,VA,Arlington,22203,-77.11727224782557,38.87372878434226,32.6998,-97.125
Chipotle,VA,Arlington,22207,-77.12376333970467,38.906650938895226,32.6998,-97.125
Chipotle,VA,Ashburn,20147,-77.47953404076287,39.0415330242048,39.0277,-77.4714
Chipotle,VA,Ashburn,20147,-77.47953404076287,39.0415330242048,39.0277,-77.4714
Chipotle,VA,Ashland,23005,-77.48220348577142,37.759565047076116,37.6942,-122.1159
Chipotle,VA,Blacksburg,24060,-80.42108165147098,37.25675494639501,37.23,-80.4279
Chipotle,VA,Blacksburg,24060,-80.42108165147098,37.25675494639501,37.23,-80.4279
Chipotle,VA,Bristow,20136,-77.55375420754649,38.73804045869264,,
Chipotle,VA,Burke,22015,-77.28121861366711,38.78813999875464,38.7773,-77.2633
Chipotle,VA,Centreville,20121,-77.46032191324406,38.81765692663344,38.839,-77.4389
Chipotle,VA,Chantilly,20151,-77.44485711192374,38.89572885278027,38.8868,-77.4453
Chipotle,VA,Chantilly,20151,-77.44485711192374,38.89572885278027,38.8868,-77.4453
Chipotle,VA,Charlottesville,22911,-78.40757122748009,38.092768346298314,38.0375,-78.4855
Chipotle,VA,Charlottesville,22903,-78.5999626341025,38.006827752523066,38.0375,-78.4855
Chipotle,VA,Charlottesville,22911,-78.40757122748009,38.092768346298314,38.0375,-78.4855
Chipotle,VA,Charlottesville,22903,-78.5999626341025,38.006827752523066,38.0375,-78.4855
Chipotle,VA,Chesapeake,23320,-76.21833336154229,36.75193831480363,36.6778,-76.3023
Chipotle,VA,Chesapeake,23322,-76.22883544849552,36.63213304349485,36.6778,-76.3023
Chipotle,VA,Chesapeake,23321,-76.42295457193627,36.801229140311754,36.6778,-76.3023
Chipotle,VA,Chesapeake,23320,-76.21833336154229,36.75193831480363,36.6778,-76.3023
Chipotle,VA,Chester,23831,-77.44973086032024,37.345357397689675,39.8456,-75.3718
Chipotle,VA,Chesterfield,23832,-77.59260399812592,37.39465646147057,38.6589,-90.5803
Chipotle,VA,Chesterfield,23832,-77.59260399812592,37.39465646147057,38.6589,-90.5803
Chipotle,VA,Christiansburg,24073,-80.42213569259249,37.12851749302501,37.1406,-80.4036
Chipotle,VA,Heights,23834,-77.40364770195082,37.28974687357793,,
Chipotle,VA,Culpeper,22701,-77.99756939584165,38.439125513472334,38.4704,-78.0001
Chipotle,VA,Danville,24540,-79.42340556956489,36.64308418205036,37.8121,-121.9698
Chipotle,VA,Dulles,20166,-77.4552614175808,38.985765317730824,,
Chipotle,VA,Fairfax,22030,-77.34168257763491,38.83933064947662,38.8531,-77.2997
Chipotle,VA,Fairfax,22030,-77.34168257763491,38.83933064947662,38.8531,-77.2997
Chipotle,VA,Fairfax,22033,-77.38448070127906,38.875230756905204,38.8531,-77.2997
Chipotle,VA,Fairfax,22030,-77.34168257763491,38.83933064947662,38.8531,-77.2997
Chipotle,VA,Fairfax,22031,-77.26004117130968,38.86000226085651,38.8531,-77.2997
Chipotle,VA,Fairlawn,24141,-80.56833161027704,37.09487795881895,,
Chipotle,VA,Church,22041,-77.14196329768974,38.84805520776804,,
Chipotle,VA,Church,22046,-77.18085171835425,38.88713749151886,,
Chipotle,VA,Church,22044,-77.15564018918869,38.85970105819527,,
Chipotle,VA,Church,22042,-77.19553933450403,38.864431933703486,,
Chipotle,VA,Fredericksburg,22401,-77.48713886016799,38.29917859530343,38.2992,-77.4872
Chipotle,VA,Fredericksburg,22406,-77.55112384545686,38.40023395599105,38.2992,-77.4872
Chipotle,VA,Fredericksburg,22401,-77.48713886016799,38.29917859530343,38.2992,-77.4872
Chipotle,VA,Fredericksburg,22407,-77.57532185077987,38.283407391307684,38.2992,-77.4872
Chipotle,VA,Fredericksburg,22407,-77.57532185077987,38.283407391307684,38.2992,-77.4872
Chipotle,VA,Royal,22630,-78.17672352953247,38.92855164620422,,
Chipotle,VA,Gainesville,20155,-77.61837564080179,38.81016336395227,29.6804,-82.3459
Chipotle,VA,Allen,23060,-77.53343698324645,37.65987782630339,33.1088,-96.6735
Chipotle,VA,Allen,23059,-77.56246870570656,37.70488618772484,33.1088,-96.6735
Chipotle,VA,Allen,23059,-77.56246870570656,37.70488618772484,33.1088,-96.6735
Chipotle,VA,Gloucester,23061,-76.54074771491126,37.42738089066489,39.7924,-75.0363
Chipotle,VA,Hampton,23666,-76.40730880124458,37.05912011802395,37.0551,-76.363
Chipotle,VA,Hampton,23666,-76.40730880124458,37.05912011802395,37.0551,-76.363
Chipotle,VA,Harrisonburg,22801,-78.87712832503702,38.40457506129504,38.4362,-78.8735
Chipotle,VA,Harrisonburg,22801,-78.87712832503702,38.40457506129504,38.4362,-78.8735
Chipotle,VA,Herndon,20170,-77.38035819917584,38.980781205912635,38.9699,-77.3867
Chipotle,VA,Herndon,20171,-77.39824165124419,38.923586006121155,38.9699,-77.3867
Chipotle,VA,George,22485,-77.1595726817687,38.27195650727023,,
Chipotle,VA,Leesburg,20176,-77.53591631237659,39.182070244939,28.7672,-81.8962
Chipotle,VA,Leesburg,20175,-77.6007170312843,39.059300285432975,28.7672,-81.8962
Chipotle,VA,Lorton,22079,-77.20856170022081,38.67493309637442,38.6983,-77.2164
Chipotle,VA,Lynchburg,24501,-79.1558046539224,37.352978325848596,37.4003,-79.1909
Chipotle,VA,Lynchburg,24502,-79.22056958378788,37.35808005679198,37.4003,-79.1909
Chipotle,VA,Lynchburg,24502,-79.22056958378788,37.35808005679198,37.4003,-79.1909
Chipotle,VA,Manassas,20109,-77.52657690935712,38.79284547996219,38.7479,-77.4838
Chipotle,VA,Manassas,20110,-77.48596103245303,38.74705154536179,38.7479,-77.4838
Chipotle,VA,McLean,22101,-77.16658124725338,38.93935192681435,38.9436,-77.1943
Chipotle,VA,McLean,22102,-77.22789305366594,38.94810415748703,38.9436,-77.1943
Chipotle,VA,Mechanicsville,23111,-77.24694508463395,37.61146160464015,37.6263,-77.3561
Chipotle,VA,Mechanicsville,23116,-77.33456191414668,37.67950374679886,37.6263,-77.3561
Chipotle,VA,Midlothian,23112,-77.66205003728138,37.43499277838638,32.4669,-96.989
Chipotle,VA,Midlothian,23112,-77.66205003728138,37.43499277838638,32.4669,-96.989
Chipotle,VA,Midlothian,23113,-77.67757189307162,37.53843056920903,32.4669,-96.989
Chipotle,VA,News,23602,-76.5177976916382,37.11329502490354,,
Chipotle,VA,News,23606,-76.51983107195824,37.06413140370773,,
Chipotle,VA,Norfolk,23502,-76.20989933805494,36.86284380632865,36.8945,-76.259
Chipotle,VA,Norfolk,23505,-76.28836965491391,36.91585181188358,36.8945,-76.259
Chipotle,VA,Norfolk,23517,-76.29256921957062,36.86967872830911,36.8945,-76.259
Chipotle,VA,Norfolk,23508,-76.31037663216472,36.885523223931166,36.8945,-76.259
Chipotle,VA,Chesterfield,23235,-77.56452110601069,37.51330532789867,38.6589,-90.5803
Chipotle,VA,Chesterfield,23225,-77.51104608797327,37.518454200109794,38.6589,-90.5803
Chipotle,VA,Oakton,22124,-77.33026295889553,38.89057017250576,38.8887,-77.3016
Chipotle,VA,Portsmouth,23707,-76.33987979818394,36.84262922873496,36.8468,-76.354
Chipotle,VA,Purcellville,20132,-77.72707780366638,39.16776452229096,39.1378,-77.711
Chipotle,VA,Reston,20191,-77.35086741273983,38.93384686136047,38.9497,-77.3461
Chipotle,VA,Reston,20190,-77.33686058423037,38.959774833563806,38.9497,-77.3461
Chipotle,VA,Reston,20190,-77.33686058423037,38.959774833563806,38.9497,-77.3461
Chipotle,VA,Richmond,23221,-77.49392588228281,37.55336100169551,37.5295,-77.4756
Chipotle,VA,Richmond,23233,-77.6266534928753,37.645512336209315,37.5295,-77.4756
Chipotle,VA,Richmond,23230,-77.49099236791012,37.586208387847066,37.5295,-77.4756
Chipotle,VA,Richmond,23230,-77.49099236791012,37.586208387847066,37.5295,-77.4756
Chipotle,VA,Richmond,23224,-77.46621283398242,37.49783266519905,37.5295,-77.4756
Chipotle,VA,Richmond,23230,-77.49099236791012,37.586208387847066,37.5295,-77.4756
Chipotle,VA,Richmond,23220,-77.46041978639792,37.54899472348893,37.5295,-77.4756
Chipotle,VA,Richmond,23229,-77.57285103371183,37.58727687778234,37.5295,-77.4756
Chipotle,VA,Richmond,23228,-77.49202132742624,37.625354191478735,37.5295,-77.4756
Chipotle,VA,Roanoke,24015,-79.97970630820997,37.256425636280255,37.2785,-79.9581
Chipotle,VA,Roanoke,24012,-79.90280432713381,37.31526538102738,37.2785,-79.9581
Chipotle,VA,Roanoke,24018,-80.04233879862332,37.21061815131113,37.2785,-79.9581
Chipotle,VA,Roanoke,24012,-79.90280432713381,37.31526538102738,37.2785,-79.9581
Chipotle,VA,Rosslyn,22209,-77.07546377889561,38.89502324460066,,
Chipotle,VA,Salem,24153,-80.11063165929203,37.300122120745,44.9233,-123.0244
Chipotle,VA,Spotsylvania,22553,-77.64472013091304,38.27097826071523,,
Chipotle,VA,Springfield,22150,-77.18601906475125,38.7723728987004,42.1155,-72.5395
Chipotle,VA,Springfield,22150,-77.18601906475125,38.7723728987004,42.1155,-72.5395
Chipotle,VA,Springfield,22153,-77.23465274482552,38.74480107603184,42.1155,-72.5395
Chipotle,VA,Stafford,22556,-77.51023354221785,38.47177358019082,39.7049,-74.2643
Chipotle,VA,Stafford,22554,-77.37703883897338,38.42682746974554,39.7049,-74.2643
Chipotle,VA,Staunton,24401,-79.08588261939038,38.13352561095005,38.1593,-79.0611
Chipotle,VA,Sterling,20165,-77.388573483362,39.050637088750555,39.0052,-77.405
Chipotle,VA,Sterling,20166,-77.4552614175808,38.985765317730824,39.0052,-77.405
Chipotle,VA,Sterling,20164,-77.39567415321265,39.01265024678695,39.0052,-77.405
Chipotle,VA,Suffolk,23435,-76.47620233101885,36.8434718933872,36.6953,-76.6398
Chipotle,VA,Vienna,22180,-77.25484939384604,38.89653837101579,38.8996,-77.2597
Chipotle,VA,Vienna,22182,-77.27194482187771,38.93566695606291,38.8996,-77.2597
Chipotle,VA,Beach,23454,-76.02465349937454,36.82647408407818,,
Chipotle,VA,Beach,23454,-76.02465349937454,36.82647408407818,,
Chipotle,VA,Beach,23452,-76.09250547366058,36.846709656124865,,
Chipotle,VA,Beach,23462,-76.15167343701626,36.83717518080709,,
Chipotle,VA,Beach,23456,-76.0360118811968,36.73406883443294,,
Chipotle,VA,Beach,23464,-76.17920030389887,36.79725704452882,,
Chipotle,VA,Warrenton,20186,-77.844395008788,38.70160582715282,38.7176,-77.7976
Chipotle,VA,Waynesboro,22980,-78.88517148317514,38.09564026747536,38.0674,-78.9014
Chipotle,VA,Springfield,22152,-77.23162517216608,38.77577390197844,42.1155,-72.5395
Chipotle,VA,Williamsburg,23185,-76.71004048689612,37.2351362006322,37.2693,-76.7076
Chipotle,VA,Winchester,22603,-78.20375887324504,39.27924304325121,39.1735,-78.1746
Chipotle,VA,Winchester,22601,-78.17353067927085,39.17470185641442,39.1735,-78.1746
Chipotle,VA,Woodbridge,22191,-77.26336620295345,38.62277496817025,40.5611,-74.2943
Chipotle,VA,Woodbridge,22192,-77.31609194589467,38.683335906315925,40.5611,-74.2943
Chipotle,VA,Woodbridge,22192,-77.31609194589467,38.683335906315925,40.5611,-74.2943
Chipotle,WA,Anacortes,98221,-122.66188034529448,48.50211779130436,48.4878,-122.6292
Chipotle,WA,Auburn,98002,-122.21640257555268,47.30833163133659,32.6087,-85.4903
Chipotle,WA,Ground,98604,-122.505212677224,45.80019601830746,,
Chipotle,WA,Bellevue,98004,-122.20597034041941,47.61885710904102,47.5951,-122.1535
Chipotle,WA,Bellevue,98007,-122.14378611936039,47.614418652834026,47.5951,-122.1535
Chipotle,WA,Bellevue,98004,-122.20597034041941,47.61885710904102,47.5951,-122.1535
Chipotle,WA,Bellevue,98006,-122.15075381959348,47.557447616825236,47.5951,-122.1535
Chipotle,WA,Bellingham,98225,-122.50463155369573,48.75318537853853,48.7548,-122.469
Chipotle,WA,Bellingham,98226,-122.44482384210322,48.797406663238924,48.7548,-122.469
Chipotle,WA,Lake,98391,-122.17228681084754,47.17718180227343,,
Chipotle,WA,Bothell,98021,-122.20815871065429,47.79256554943514,47.7735,-122.2044
Chipotle,WA,Bremerton,98310,-122.62300112011808,47.59269560865047,47.5436,-122.7121
Chipotle,WA,Burlington,98233,-122.35077239750699,48.50400987076434,36.076,-79.4685
Chipotle,WA,Place,99324,-118.38685324711632,46.04258219797657,,
Chipotle,WA,Covington,98042,-122.11721047354233,47.3662428707406,39.0334,-84.5166
Chipotle,WA,Everett,98208,-122.18647472665629,47.90181178252636,47.9525,-122.1669
Chipotle,WA,Way,98003,-122.31511583935261,47.30513848290046,,
Chipotle,WA,Harbor,98335,-122.6254662997679,47.29646720864407,,
Chipotle,WA,Issaquah,98027,-121.99929585893388,47.501375481019814,47.5439,-122.0471
Chipotle,WA,Kennewick,99336,-119.17883150249689,46.21376102586709,46.1978,-119.1732
Chipotle,WA,Kennewick,99338,-119.27357190058342,46.147966701160705,46.1978,-119.1732
Chipotle,WA,Kent,98032,-122.25872706735316,47.39232873003432,47.3887,-122.2128
Chipotle,WA,Kirkland,98034,-122.21578328772921,47.71579373139257,47.697,-122.2057
Chipotle,WA,Lacey,98516,-122.78100447500611,47.10954887065606,47.0462,-122.7933
Chipotle,WA,Lacey,98503,-122.798204661548,47.02575988620965,47.0462,-122.7933
Chipotle,WA,Lacey,98503,-122.798204661548,47.02575988620965,47.0462,-122.7933
Chipotle,WA,Stevens,98258,-122.06897856902822,48.04240214322168,,
Chipotle,WA,Lakewood,98499,-122.50695020686821,47.16672439514265,39.6977,-105.1172
Chipotle,WA,Longview,98632,-123.06852672406829,46.21681171406758,32.5193,-94.7622
Chipotle,WA,Lynnwood,98037,-122.28543727826057,47.83921215310185,47.8284,-122.3033
Chipotle,WA,Lynnwood,98036,-122.28161245966027,47.811111405377595,47.8284,-122.3033
Chipotle,WA,Marysville,98271,-122.23834059270362,48.092565276445654,48.0809,-122.1561
Chipotle,WA,Lake,98837,-119.3045342582354,47.149787205385074,,
Chipotle,WA,Olympia,98501,-122.87092889780641,46.979060951384184,47.0417,-122.8959
Chipotle,WA,Pasco,99301,-118.94391946229577,46.38444965661225,46.2506,-119.1305
Chipotle,WA,Angeles,98362,-123.36168175057996,47.98415416299108,,
Chipotle,WA,Poulsbo,98370,-122.62357055295129,47.75341501866565,47.7417,-122.6407
Chipotle,WA,Pullman,99163,-117.21488245126255,46.72892503319592,46.7336,-117.168
Chipotle,WA,Puyallup,98375,-122.32347455066568,47.10366289054096,47.1793,-122.2902
Chipotle,WA,Puyallup,98373,-122.32515483288331,47.147614167705235,47.1793,-122.2902
Chipotle,WA,Redmond,98052,-122.12025538285458,47.68120166928739,47.6763,-122.1169
Chipotle,WA,Renton,98057,-122.22032508593988,47.471422457071654,47.4784,-122.1918
Chipotle,WA,Richland,99352,-119.28781990931263,46.25226864837418,46.2824,-119.2939
Chipotle,WA,Ridgefield,98642,-122.70178588801825,45.802491457447495,45.8114,-122.7051
Chipotle,WA,Sammamish,98074,-122.04313611361708,47.622598502395306,47.6017,-122.0416
Chipotle,WA,Seattle,98125,-122.29822097375539,47.716378548158815,47.6211,-122.3244
Chipotle,WA,Seattle,98122,-122.29182795136923,47.61149824076649,47.6211,-122.3244
Chipotle,WA,Seattle,98101,-122.33632665639972,47.6106229553965,47.6211,-122.3244
Chipotle,WA,Seattle,98119,-122.37090809308454,47.6381021409197,47.6211,-122.3244
Chipotle,WA,Seattle,98109,-122.3441414471388,47.63161048837087,47.6211,-122.3244
Chipotle,WA,Seattle,98103,-122.3425684908813,47.67330910987727,47.6211,-122.3244
Chipotle,WA,Seattle,98105,-122.28400592182963,47.660674848991874,47.6211,-122.3244
Chipotle,WA,Seattle,98125,-122.29822097375539,47.716378548158815,47.6211,-122.3244
Chipotle,WA,Seattle,98105,-122.28400592182963,47.660674848991874,47.6211,-122.3244
Chipotle,WA,Seattle,98116,-122.39827469238959,47.574500549659476,47.6211,-122.3244
Chipotle,WA,Shoreline,98133,-122.3442494788354,47.73994311624414,47.7564,-122.3426
Chipotle,WA,Silverdale,98383,-122.71951842628879,47.66318428505306,47.6663,-122.6828
Chipotle,WA,Spokane,99205,-117.44622144696586,47.69665304530078,47.6671,-117.433
Chipotle,WA,Spokane,99202,-117.37907284209194,47.65738862873473,47.6671,-117.433
Chipotle,WA,Spokane,99218,-117.40846956006588,47.759567904605596,47.6671,-117.433
Chipotle,WA,Spokane,99224,-117.53683571089539,47.64884466719711,47.6671,-117.433
Chipotle,WA,Valley,99037,-117.19721690669667,47.63640449399222,32.8088,-85.181
Chipotle,WA,Valley,99212,-117.30915985916363,47.665230354410454,32.8088,-85.181
Chipotle,WA,Tacoma,98444,-122.44898347122046,47.15287096073296,47.2431,-122.4531
Chipotle,WA,Tacoma,98409,-122.48192385487822,47.21110966187071,47.2431,-122.4531
Chipotle,WA,Tukwila,98188,-122.27308530726754,47.448261133914606,47.475,-122.2728
Chipotle,WA,Tukwila,98188,-122.27308530726754,47.448261133914606,47.475,-122.2728
Chipotle,WA,Place,98466,-122.53960638547672,47.22802050615575,,
Chipotle,WA,Vancouver,98684,-122.5164373166172,45.63072223309797,45.6366,-122.5967
Chipotle,WA,Vancouver,98685,-122.68994478730771,45.71621811420311,45.6366,-122.5967
Chipotle,WA,Vancouver,98682,-122.48176138963912,45.67318150015159,45.6366,-122.5967
Chipotle,WA,Vancouver,98660,-122.73191253204114,45.687710282024234,45.6366,-122.5967
Chipotle,WA,Vancouver,98662,-122.57784423896436,45.68850288405395,45.6366,-122.5967
Chipotle,WA,Vancouver,98665,-122.65942935350905,45.679741686253045,45.6366,-122.5967
Chipotle,WA,Vancouver,98683,-122.5102101672881,45.60302166718628,45.6366,-122.5967
Chipotle,WA,Wenatchee,98801,-120.33782412552718,47.423329549297804,47.436,-120.3295
Chipotle,WA,Woodinville,98072,-122.13211182547929,47.761165550052475,47.757,-122.1477
Chipotle,WA,Yakima,98902,-120.5337540494179,46.596630019617756,46.5923,-120.5496
Chipotle,WV,Barboursville,25504,-82.2640746951457,38.373311960844696,,
Chipotle,WV,Beckley,25801,-81.25465174013462,37.814482665300375,37.7877,-81.1841
Chipotle,WV,Charleston,25309,-81.75057299627811,38.30849048962778,32.8168,-79.9687
Chipotle,WV,Huntington,25703,-82.4188038673106,38.42392666473791,40.8521,-73.3823
Chipotle,WV,Martinsburg,25404,-77.89534495524548,39.485166282864505,39.4582,-77.9776
Chipotle,WV,Martinsburg,25401,-77.97266463221142,39.45685248881615,39.4582,-77.9776
Chipotle,WV,Morgantown,26508,-79.895975686561,39.60046001487996,39.6383,-79.9464
Chipotle,WV,Morgantown,26501,-80.0413835124076,39.630170976732025,39.6383,-79.9464
Chipotle,WV,Morgantown,26505,-79.94406880542896,39.65048707871396,39.6383,-79.9464
Chipotle,WV,Triadelphia,26059,-80.5911729165151,40.071318707072294,,
Chipotle,WV,Vienna,26105,-81.52131588415284,39.329868966503334,38.8996,-77.2597
Chipotle,WV,Weirton,26062,-80.56112411914977,40.42319512585544,40.406,-80.5671
Chipotle,WV,Hall,26554,-80.11485457989417,39.46679374948707,,
Chipotle,WI,Appleton,54915,-88.35640366693826,44.242468601473114,44.278,-88.3892
Chipotle,WI,Ashwaubenon,54304,-88.06784650028679,44.49395820050228,44.4796,-88.0889
Chipotle,WI,Brookfield,53005,-88.09923445105063,43.062612897964314,43.064,-88.1231
Chipotle,WI,Brookfield,53005,-88.09923445105063,43.062612897964314,43.064,-88.1231
Chipotle,WI,Claire,54701,-91.51058718329789,44.74438282302349,,
Chipotle,WI,Claire,54701,-91.51058718329789,44.74438282302349,,
Chipotle,WI,Glendale,53217,-87.91268002345228,43.155815626924046,33.5791,-112.2311
Chipotle,WI,Grafton,53024,-87.93055327611341,43.332132058072794,42.2085,-71.6838
Chipotle,WI,Chute,54913,-88.3999239852792,44.34148309693386,,
Chipotle,WI,Bay,54302,-87.97616350286353,44.5076912552854,,
Chipotle,WI,Greenfield,53228,-88.04339162524742,42.966838246570916,42.9619,-88.0052
Chipotle,WI,Corners,53130,-88.04890613536425,42.9410272797647,,
Chipotle,WI,Hudson,54016,-92.69323404211742,44.97894370725135,42.7639,-71.4072
Chipotle,WI,Janesville,53545,-89.04051187374728,42.73550263151682,42.6854,-89.0135
Chipotle,WI,Kenosha,53144,-87.92319824640585,42.61952047338015,42.5865,-87.8773
Chipotle,WI,Madison,53705,-89.46332787141351,43.07362607268864,43.0822,-89.393
Chipotle,WI,Madison,53704,-89.3472979985447,43.13689170175438,43.0822,-89.393
Chipotle,WI,Madison,53703,-89.37705243418569,43.07982897580562,43.0822,-89.393
Chipotle,WI,Madison,53717,-89.51962070959758,43.073826945839876,43.0822,-89.393
Chipotle,WI,Falls,53051,-88.12269893259956,43.148747566160054,40.1686,-74.7915
Chipotle,WI,Middleton,53562,-89.54159015065504,43.11643444628128,43.1064,-89.5059
Chipotle,WI,Milwaukee,53215,-87.94682929946008,42.99921703261834,43.0642,-87.9675
Chipotle,WI,Milwaukee,53202,-87.89485565103286,43.04395143702824,43.0642,-87.9675
Chipotle,WI,Monona,53716,-89.31401172415957,43.06445604895847,43.054,-89.3334
Chipotle,WI,Pleasant,53406,-87.86490334118395,42.72987811915037,,
Chipotle,WI,Neenah,54956,-88.52765959891148,44.18252743382803,44.1669,-88.4767
Chipotle,WI,Onalaska,54650,-91.22519533790091,43.910656499458746,43.8883,-91.2075
Chipotle,WI,Oshkosh,54902,-88.53971266400482,43.94927137696909,44.0227,-88.5619
Chipotle,WI,Prairie,53158,-87.88551536693161,42.52434226998337,,
Chipotle,WI,Wauwatosa,53222,-88.0355252819449,43.08241637257125,43.0616,-88.0347
Chipotle,WI,Bend,53095,-88.15787388400273,43.38903387457873,44.0563,-121.3095
Chipotle,WY,Cheyenne,82009,-104.84867104959316,41.37799001050718,41.135,-104.7902
Chipotle,WY,Laramie,82070,-105.83216548532664,41.20537532613709,41.3099,-105.6085
